strategy,ts,hour_utc,session,signal,outcome,pnl_pips,exit_bars
ma_mr_hybrid,2026-01-15 08:10:00+00:00,8,London,SELL,LOSS,-1.6937803259158273,1
ma_mr_hybrid,2026-01-15 14:18:00+00:00,14,NY,BUY,LOSS,-3.245182921215405,2
ma_mr_hybrid,2026-01-16 01:52:00+00:00,1,Tokyo,SELL,LOSS,-2.152259102284847,1
ma_mr_hybrid,2026-01-16 13:51:00+00:00,13,NY,BUY,LOSS,-2.29818841899787,1
ma_mr_hybrid,2026-01-16 15:21:00+00:00,15,NY,SELL,LOSS,-2.3411084539238116,1
ma_mr_hybrid,2026-01-16 17:33:00+00:00,17,NY,SELL,LOSS,-2.4786199271365374,2
ma_mr_hybrid,2026-01-19 00:17:00+00:00,0,Tokyo,SELL,WIN,7.0856920904371465,5
ma_mr_hybrid,2026-01-19 02:27:00+00:00,2,Tokyo,BUY,WIN,3.469470066205372,6
ma_mr_hybrid,2026-01-19 03:13:00+00:00,3,Tokyo,SELL,WIN,3.1441493527846207,4
ma_mr_hybrid,2026-01-19 06:18:00+00:00,6,Tokyo,BUY,LOSS,-2.8197340089168845,1
ma_mr_hybrid,2026-01-19 07:11:00+00:00,7,London,BUY,LOSS,-1.501452765514432,1
ma_mr_hybrid,2026-01-19 08:11:00+00:00,8,London,BUY,LOSS,-2.995522675035022,1
ma_mr_hybrid,2026-01-20 02:02:00+00:00,2,Tokyo,BUY,LOSS,-2.749430880316072,2
ma_mr_hybrid,2026-01-20 05:10:00+00:00,5,Tokyo,BUY,LOSS,-2.665632085784341,1
ma_mr_hybrid,2026-01-20 06:57:00+00:00,6,Tokyo,BUY,LOSS,-1.590463925449103,1
ma_mr_hybrid,2026-01-20 08:07:00+00:00,8,London,BUY,LOSS,-4.400801664225628,1
ma_mr_hybrid,2026-01-20 09:16:00+00:00,9,London,SELL,LOSS,-3.3601867403537424,3
ma_mr_hybrid,2026-01-20 13:18:00+00:00,13,NY,BUY,WIN,3.222743514258309,2
ma_mr_hybrid,2026-01-20 16:09:00+00:00,16,NY,BUY,WIN,3.2213021327389244,2
ma_mr_hybrid,2026-01-20 16:45:00+00:00,16,NY,SELL,LOSS,-1.6973256164807708,1
ma_mr_hybrid,2026-01-20 17:19:00+00:00,17,NY,BUY,LOSS,-2.2130915280844645,1
ma_mr_hybrid,2026-01-21 02:23:00+00:00,2,Tokyo,SELL,WIN,5.41629636979435,5
ma_mr_hybrid,2026-01-21 05:56:00+00:00,5,Tokyo,SELL,LOSS,-2.614944287937692,1
ma_mr_hybrid,2026-01-21 13:18:00+00:00,13,NY,SELL,LOSS,-1.6380749395286103,1
ma_mr_hybrid,2026-01-22 00:57:00+00:00,0,Tokyo,BUY,WIN,3.8691365560690203,5
ma_mr_hybrid,2026-01-22 06:40:00+00:00,6,Tokyo,BUY,LOSS,-1.1373081905323261,1
ma_mr_hybrid,2026-01-22 13:11:00+00:00,13,NY,BUY,LOSS,-1.2616022007468246,1
ma_mr_hybrid,2026-01-22 15:56:00+00:00,15,NY,SELL,WIN,4.10044966505252,2
ma_mr_hybrid,2026-01-23 02:39:00+00:00,2,Tokyo,BUY,LOSS,-0.9374138313366303,1
ma_mr_hybrid,2026-01-23 17:09:00+00:00,17,NY,SELL,WIN,9.865868244711873,2
ma_mr_hybrid,2026-01-25 23:45:00+00:00,23,Off,SELL,LOSS,-3.074470001449913,1
ma_mr_hybrid,2026-01-26 06:39:00+00:00,6,Tokyo,BUY,WIN,5.789275351367974,3
ma_mr_hybrid,2026-01-26 11:29:00+00:00,11,London,SELL,LOSS,-1.5540105588560664,1
ma_mr_hybrid,2026-01-26 15:01:00+00:00,15,NY,BUY,WIN,5.857043401983742,2
ma_mr_hybrid,2026-01-26 16:42:00+00:00,16,NY,BUY,LOSS,-4.729572045490204,4
ma_mr_hybrid,2026-01-26 19:28:00+00:00,19,NY,BUY,LOSS,-1.5433550530976163,2
ma_mr_hybrid,2026-01-26 21:11:00+00:00,21,Off,SELL,LOSS,-3.116325415293363,1
ma_mr_hybrid,2026-01-27 02:59:00+00:00,2,Tokyo,SELL,LOSS,-2.8180391289926545,2
ma_mr_hybrid,2026-01-27 06:53:00+00:00,6,Tokyo,BUY,WIN,3.3324059665043935,2
ma_mr_hybrid,2026-01-27 08:21:00+00:00,8,London,SELL,WIN,4.456458275368914,5
ma_mr_hybrid,2026-01-27 11:08:00+00:00,11,London,BUY,WIN,9.290852117815529,9
ma_mr_hybrid,2026-01-27 13:01:00+00:00,13,NY,BUY,LOSS,-6.310985479389774,2
ma_mr_hybrid,2026-01-27 15:50:00+00:00,15,NY,SELL,LOSS,-3.590577502474889,1
ma_mr_hybrid,2026-01-27 20:41:00+00:00,20,NY,SELL,LOSS,-4.5406738377654845,2
ma_mr_hybrid,2026-01-28 03:15:00+00:00,3,Tokyo,BUY,LOSS,-1.1817876193039638,4
ma_mr_hybrid,2026-01-28 07:47:00+00:00,7,London,SELL,LOSS,-3.01362373924876,1
ma_mr_hybrid,2026-01-28 11:16:00+00:00,11,London,SELL,WIN,6.512314795302655,12
ma_mr_hybrid,2026-01-28 12:46:00+00:00,12,London,SELL,LOSS,-0.8117913346173282,1
ma_mr_hybrid,2026-01-28 15:46:00+00:00,15,NY,BUY,LOSS,-2.9446916641565393,1
ma_mr_hybrid,2026-01-28 18:58:00+00:00,18,NY,BUY,LOSS,-1.6692280551997556,1
ma_mr_hybrid,2026-01-28 23:54:00+00:00,23,Off,SELL,LOSS,-3.119916539505584,1
ma_mr_hybrid,2026-01-29 00:56:00+00:00,0,Tokyo,SELL,LOSS,-3.9019413866374633,1
ma_mr_hybrid,2026-01-29 03:00:00+00:00,3,Tokyo,SELL,WIN,3.8638008449718884,5
ma_mr_hybrid,2026-01-29 03:59:00+00:00,3,Tokyo,BUY,LOSS,-3.6794429922555763,1
ma_mr_hybrid,2026-01-29 04:50:00+00:00,4,Tokyo,BUY,WIN,3.960419611767475,5
ma_mr_hybrid,2026-01-29 05:28:00+00:00,5,Tokyo,SELL,LOSS,-3.233657941298861,5
ma_mr_hybrid,2026-01-29 08:02:00+00:00,8,London,BUY,LOSS,-1.740004686557927,1
ma_mr_hybrid,2026-01-29 08:34:00+00:00,8,London,SELL,LOSS,-4.205365672509219,1
ma_mr_hybrid,2026-01-29 09:19:00+00:00,9,London,BUY,WIN,4.337832955870181,3
ma_mr_hybrid,2026-01-29 16:19:00+00:00,16,NY,SELL,WIN,12.740236342689126,22
ma_mr_hybrid,2026-01-29 23:27:00+00:00,23,Off,BUY,LOSS,-3.8312212398001746,2
ma_mr_hybrid,2026-01-30 06:14:00+00:00,6,Tokyo,BUY,LOSS,-1.0904161666947403,1
ma_mr_hybrid,2026-01-30 09:57:00+00:00,9,London,SELL,LOSS,-4.431671242840184,2
ma_mr_hybrid,2026-01-30 12:04:00+00:00,12,London,BUY,LOSS,-3.9031947972024907,1
ma_mr_hybrid,2026-01-30 19:36:00+00:00,19,NY,SELL,LOSS,-2.7425079127557863,1
ma_mr_hybrid,2026-02-01 23:32:00+00:00,23,Off,BUY,LOSS,-2.3786978781079595,1
ma_mr_hybrid,2026-02-02 02:12:00+00:00,2,Tokyo,BUY,WIN,5.137154649717513,2
ma_mr_hybrid,2026-02-02 07:23:00+00:00,7,London,SELL,LOSS,-1.6182819979566603,1
ma_mr_hybrid,2026-02-02 14:14:00+00:00,14,NY,SELL,LOSS,-2.2043975354439906,1
ma_mr_hybrid,2026-02-02 19:42:00+00:00,19,NY,BUY,LOSS,-0.9605413061184891,1
ma_mr_hybrid,2026-02-03 03:22:00+00:00,3,Tokyo,BUY,LOSS,-1.5401138174515154,2
ma_mr_hybrid,2026-02-03 14:39:00+00:00,14,NY,BUY,LOSS,-2.53351329690945,1
ma_mr_hybrid,2026-02-03 18:17:00+00:00,18,NY,SELL,LOSS,-2.874080521737187,1
ma_mr_hybrid,2026-02-03 23:47:00+00:00,23,Off,BUY,WIN,2.4298123832561034,2
ma_mr_hybrid,2026-02-04 00:55:00+00:00,0,Tokyo,SELL,LOSS,-1.8722862907925901,3
ma_mr_hybrid,2026-02-04 03:51:00+00:00,3,Tokyo,BUY,WIN,2.6598013655795514,3
ma_mr_hybrid,2026-02-04 14:27:00+00:00,14,NY,SELL,WIN,4.830085388693829,6
ma_mr_hybrid,2026-02-04 18:33:00+00:00,18,NY,SELL,WIN,3.2337130724083183,2
ma_mr_hybrid,2026-02-05 12:02:00+00:00,12,London,SELL,LOSS,-1.4116132084940773,1
ma_mr_hybrid,2026-02-05 14:41:00+00:00,14,NY,SELL,LOSS,-4.8707223281373215,1
ma_mr_hybrid,2026-02-05 16:14:00+00:00,16,NY,SELL,LOSS,-3.6415858140164117,6
ma_mr_hybrid,2026-02-06 07:25:00+00:00,7,London,SELL,WIN,2.685547984783466,2
ma_mr_hybrid,2026-02-06 09:27:00+00:00,9,London,BUY,LOSS,-2.2689524083308923,2
ma_mr_hybrid,2026-02-06 11:06:00+00:00,11,London,SELL,LOSS,-2.267938295778026,2
ma_mr_hybrid,2026-02-06 15:50:00+00:00,15,NY,BUY,LOSS,-3.079880409469115,5
ma_mr_hybrid,2026-02-06 17:00:00+00:00,17,NY,SELL,LOSS,-2.787396313239742,1
ma_mr_hybrid,2026-02-09 01:54:00+00:00,1,Tokyo,SELL,LOSS,-3.654640786537743,6
ma_mr_hybrid,2026-02-09 05:41:00+00:00,5,Tokyo,BUY,LOSS,-3.572039292815975,6
ma_mr_hybrid,2026-02-09 12:00:00+00:00,12,London,BUY,LOSS,-3.3315473952446153,1
ma_mr_hybrid,2026-02-09 13:38:00+00:00,13,NY,SELL,LOSS,-2.389173045147163,1
ma_mr_hybrid,2026-02-09 14:40:00+00:00,14,NY,SELL,LOSS,-2.666640068539027,2
ma_mr_hybrid,2026-02-09 17:09:00+00:00,17,NY,BUY,LOSS,-3.3185405403391313,1
ma_mr_hybrid,2026-02-09 20:05:00+00:00,20,NY,SELL,LOSS,-3.007094637708451,11
ma_mr_hybrid,2026-02-10 00:29:00+00:00,0,Tokyo,SELL,LOSS,-2.896378557902767,1
ma_mr_hybrid,2026-02-10 01:46:00+00:00,1,Tokyo,BUY,LOSS,-4.866308990871903,1
ma_mr_hybrid,2026-02-10 02:44:00+00:00,2,Tokyo,BUY,LOSS,-3.621215384062725,1
ma_mr_hybrid,2026-02-10 03:18:00+00:00,3,Tokyo,SELL,WIN,7.042569330207994,16
ma_mr_hybrid,2026-02-10 05:39:00+00:00,5,Tokyo,SELL,LOSS,-2.2960129480783733,3
ma_mr_hybrid,2026-02-10 11:08:00+00:00,11,London,SELL,LOSS,-2.575396725335554,1
ma_mr_hybrid,2026-02-10 18:30:00+00:00,18,NY,SELL,LOSS,-2.713365753486573,3
ma_mr_hybrid,2026-02-11 01:09:00+00:00,1,Tokyo,SELL,WIN,5.517541165913099,3
ma_mr_hybrid,2026-02-11 02:27:00+00:00,2,Tokyo,BUY,LOSS,-1.6933282082722372,1
ma_mr_hybrid,2026-02-11 05:09:00+00:00,5,Tokyo,BUY,LOSS,-2.997628952055197,1
ma_mr_hybrid,2026-02-11 06:30:00+00:00,6,Tokyo,SELL,WIN,6.7985347391565485,2
ma_mr_hybrid,2026-02-11 07:06:00+00:00,7,London,SELL,LOSS,-5.205552668322343,2
ma_mr_hybrid,2026-02-11 09:43:00+00:00,9,London,BUY,LOSS,-2.562391815807973,1
ma_mr_hybrid,2026-02-11 10:17:00+00:00,10,London,SELL,WIN,4.980461803274761,7
ma_mr_hybrid,2026-02-11 11:14:00+00:00,11,London,SELL,LOSS,-3.4458431049860563,2
ma_mr_hybrid,2026-02-11 11:49:00+00:00,11,London,SELL,WIN,3.3167350716477815,3
ma_mr_hybrid,2026-02-11 12:34:00+00:00,12,London,SELL,LOSS,-2.265717453211823,1
ma_mr_hybrid,2026-02-11 19:08:00+00:00,19,NY,SELL,LOSS,-0.8002346237579332,1
ma_mr_hybrid,2026-02-11 21:23:00+00:00,21,Off,BUY,WIN,2.562815636984351,5
ma_mr_hybrid,2026-02-12 01:34:00+00:00,1,Tokyo,SELL,WIN,7.242274131159388,4
ma_mr_hybrid,2026-02-12 03:45:00+00:00,3,Tokyo,SELL,LOSS,-4.842471704013906,4
ma_mr_hybrid,2026-02-12 07:34:00+00:00,7,London,BUY,LOSS,-5.911113545424928,1
ma_mr_hybrid,2026-02-12 08:39:00+00:00,8,London,SELL,WIN,6.216256484808992,9
ma_mr_hybrid,2026-02-12 11:25:00+00:00,11,London,BUY,WIN,2.994045693410908,2
ma_mr_hybrid,2026-02-12 12:32:00+00:00,12,London,BUY,LOSS,-3.222939906995225,1
ma_mr_hybrid,2026-02-12 14:04:00+00:00,14,NY,SELL,LOSS,-1.695314997168839,1
ma_mr_hybrid,2026-02-12 15:52:00+00:00,15,NY,BUY,LOSS,-3.4458831431256156,1
ma_mr_hybrid,2026-02-12 17:58:00+00:00,17,NY,SELL,WIN,6.225263577659757,5
ma_mr_hybrid,2026-02-12 21:22:00+00:00,21,Off,SELL,LOSS,-0.9395868218992292,1
ma_mr_hybrid,2026-02-13 00:36:00+00:00,0,Tokyo,BUY,WIN,5.3930877187165835,2
ma_mr_hybrid,2026-02-13 05:10:00+00:00,5,Tokyo,BUY,LOSS,-1.2920321088661695,1
ma_mr_hybrid,2026-02-13 06:24:00+00:00,6,Tokyo,BUY,WIN,5.435773853248361,2
ma_mr_hybrid,2026-02-13 17:12:00+00:00,17,NY,BUY,LOSS,-3.546090991740857,1
ma_mr_hybrid,2026-02-13 17:48:00+00:00,17,NY,SELL,LOSS,-1.823824266459883,1
ma_mr_hybrid,2026-02-16 05:12:00+00:00,5,Tokyo,BUY,WIN,3.14067909191449,2
ma_mr_hybrid,2026-02-16 10:05:00+00:00,10,London,BUY,WIN,2.925424315427972,1
ma_mr_hybrid,2026-02-16 12:37:00+00:00,12,London,SELL,LOSS,-1.0745610818095657,1
ma_mr_hybrid,2026-02-16 23:25:00+00:00,23,Off,SELL,WIN,4.125663560678118,5
ma_mr_hybrid,2026-02-17 04:38:00+00:00,4,Tokyo,BUY,LOSS,-1.965349319413167,1
ma_mr_hybrid,2026-02-17 06:04:00+00:00,6,Tokyo,BUY,WIN,4.544948541548433,12
ma_mr_hybrid,2026-02-17 09:54:00+00:00,9,London,SELL,WIN,3.122204035023924,5
ma_mr_hybrid,2026-02-17 10:41:00+00:00,10,London,SELL,LOSS,-3.612859848120297,5
ma_mr_hybrid,2026-02-17 16:07:00+00:00,16,NY,BUY,LOSS,-4.530298555962008,8
ma_mr_hybrid,2026-02-18 00:20:00+00:00,0,Tokyo,SELL,LOSS,-4.1975974516380345,1
ma_mr_hybrid,2026-02-18 02:06:00+00:00,2,Tokyo,SELL,LOSS,-1.667982109880927,1
ma_mr_hybrid,2026-02-18 02:49:00+00:00,2,Tokyo,BUY,LOSS,-3.146232096982703,1
ma_mr_hybrid,2026-02-18 06:09:00+00:00,6,Tokyo,BUY,WIN,2.802611046733273,2
ma_mr_hybrid,2026-02-18 15:01:00+00:00,15,NY,BUY,LOSS,-2.5887251698311955,1
ma_mr_hybrid,2026-02-18 17:03:00+00:00,17,NY,SELL,WIN,2.6027610716208303,5
ma_mr_hybrid,2026-02-19 02:06:00+00:00,2,Tokyo,BUY,WIN,3.9953044721907647,3
ma_mr_hybrid,2026-02-19 07:41:00+00:00,7,London,BUY,LOSS,-1.0801407035633475,1
ma_mr_hybrid,2026-02-19 08:49:00+00:00,8,London,BUY,LOSS,-4.240273639159841,1
ma_mr_hybrid,2026-02-19 09:22:00+00:00,9,London,SELL,LOSS,-0.8906384835957397,1
ma_mr_hybrid,2026-02-19 13:27:00+00:00,13,NY,BUY,LOSS,-0.8574322589073973,1
ma_mr_hybrid,2026-02-19 14:48:00+00:00,14,NY,BUY,LOSS,-0.9516847887671702,1
ma_mr_hybrid,2026-02-19 19:16:00+00:00,19,NY,SELL,LOSS,-1.71418285264524,9
ma_mr_hybrid,2026-02-19 20:06:00+00:00,20,NY,BUY,LOSS,-2.279780826781507,5
ma_mr_hybrid,2026-02-19 23:02:00+00:00,23,Off,SELL,WIN,3.404440940500831,6
ma_mr_hybrid,2026-02-20 02:01:00+00:00,2,Tokyo,BUY,LOSS,-4.496056320933394,1
ma_mr_hybrid,2026-02-20 07:43:00+00:00,7,London,SELL,LOSS,-3.760837052791021,5
ma_mr_hybrid,2026-02-20 08:32:00+00:00,8,London,BUY,LOSS,-2.1410697968112116,1
ma_mr_hybrid,2026-02-20 17:27:00+00:00,17,NY,SELL,WIN,5.473849043509472,7
ma_mr_hybrid,2026-02-20 18:46:00+00:00,18,NY,BUY,WIN,4.861540626590522,2
ma_mr_hybrid,2026-02-20 19:45:00+00:00,19,NY,SELL,LOSS,-3.0992728834537955,1
ma_mr_hybrid,2026-02-20 20:27:00+00:00,20,NY,BUY,LOSS,-1.777766491214993,1
ma_mr_hybrid,2026-02-22 23:54:00+00:00,23,Off,BUY,LOSS,-8.670834184876686,8
ma_mr_hybrid,2026-02-23 00:33:00+00:00,0,Tokyo,BUY,LOSS,-2.0822343227810505,1
ma_mr_hybrid,2026-02-23 06:38:00+00:00,6,Tokyo,SELL,WIN,3.195022816715732,4
ma_mr_hybrid,2026-02-23 08:48:00+00:00,8,London,SELL,LOSS,-3.174381037890316,2
ma_mr_hybrid,2026-02-23 15:25:00+00:00,15,NY,SELL,WIN,4.200468940409064,3
ma_mr_hybrid,2026-02-23 17:07:00+00:00,17,NY,BUY,LOSS,-2.463190792316982,1
ma_mr_hybrid,2026-02-23 18:51:00+00:00,18,NY,BUY,LOSS,-1.8990352781220736,1
ma_mr_hybrid,2026-02-24 01:41:00+00:00,1,Tokyo,BUY,LOSS,-1.473843531961893,1
ma_mr_hybrid,2026-02-24 02:22:00+00:00,2,Tokyo,SELL,LOSS,-2.8243611909393165,1
ma_mr_hybrid,2026-02-24 03:08:00+00:00,3,Tokyo,BUY,LOSS,-1.0947225407496035,1
ma_mr_hybrid,2026-02-24 04:46:00+00:00,4,Tokyo,BUY,LOSS,-1.8833335487006935,1
ma_mr_hybrid,2026-02-24 06:56:00+00:00,6,Tokyo,BUY,LOSS,-2.9602117170260724,1
ma_mr_hybrid,2026-02-24 07:53:00+00:00,7,London,BUY,LOSS,-9.072863785958862,7
ma_mr_hybrid,2026-02-24 09:23:00+00:00,9,London,BUY,LOSS,-4.692462631580429,1
ma_mr_hybrid,2026-02-24 11:54:00+00:00,11,London,SELL,LOSS,-3.482282727462848,4
ma_mr_hybrid,2026-02-24 12:32:00+00:00,12,London,BUY,LOSS,-1.3809201461687508,1
ma_mr_hybrid,2026-02-24 14:19:00+00:00,14,NY,SELL,WIN,3.520138810220442,5
ma_mr_hybrid,2026-02-24 17:39:00+00:00,17,NY,SELL,WIN,4.051308223430806,6
ma_mr_hybrid,2026-02-24 20:23:00+00:00,20,NY,SELL,LOSS,-1.1838686025034122,1
ma_mr_hybrid,2026-02-25 00:45:00+00:00,0,Tokyo,BUY,LOSS,-2.527100513724622,4
ma_mr_hybrid,2026-02-25 08:46:00+00:00,8,London,BUY,WIN,4.296943482931238,8
ma_mr_hybrid,2026-02-25 09:36:00+00:00,9,London,BUY,LOSS,-6.0258560111823725,2
ma_mr_hybrid,2026-02-25 10:32:00+00:00,10,London,SELL,LOSS,-4.453578769714727,15
ma_mr_hybrid,2026-02-25 15:13:00+00:00,15,NY,BUY,LOSS,-4.562597111904142,1
ma_mr_hybrid,2026-02-25 20:04:00+00:00,20,NY,BUY,LOSS,-2.640887195430696,1
ma_mr_hybrid,2026-02-26 02:29:00+00:00,2,Tokyo,SELL,LOSS,-6.983190388938442,13
ma_mr_hybrid,2026-02-26 13:25:00+00:00,13,NY,BUY,LOSS,-1.9764077658625638,1
ma_mr_hybrid,2026-02-26 14:29:00+00:00,14,NY,BUY,LOSS,-3.110682849250156,1
ma_mr_hybrid,2026-02-26 20:18:00+00:00,20,NY,SELL,WIN,2.7879341334776884,3
ma_mr_hybrid,2026-02-26 23:53:00+00:00,23,Off,BUY,LOSS,-3.9965334723309978,3
ma_mr_hybrid,2026-02-27 05:07:00+00:00,5,Tokyo,SELL,LOSS,-1.7106623351840426,1
ma_mr_hybrid,2026-02-27 05:51:00+00:00,5,Tokyo,BUY,LOSS,-1.5129122116651843,1
ma_mr_hybrid,2026-02-27 10:40:00+00:00,10,London,BUY,WIN,3.0412698101154776,11
ma_mr_hybrid,2026-02-27 13:55:00+00:00,13,NY,SELL,LOSS,-4.679021400393867,6
ma_mr_hybrid,2026-02-27 15:02:00+00:00,15,NY,SELL,LOSS,-0.800370964795593,1
ma_mr_hybrid,2026-02-27 18:21:00+00:00,18,NY,SELL,LOSS,-2.1851188789828937,1
ma_mr_hybrid,2026-02-27 20:01:00+00:00,20,NY,SELL,LOSS,-1.9128687834911944,2
ma_mr_hybrid,2026-02-27 21:33:00+00:00,21,Off,BUY,WIN,3.078987493149566,3
ma_mr_hybrid,2026-03-01 23:33:00+00:00,23,Off,SELL,LOSS,-3.3493166755268247,15
ma_mr_hybrid,2026-03-02 02:16:00+00:00,2,Tokyo,SELL,LOSS,-3.486554616687431,2
ma_mr_hybrid,2026-03-02 06:00:00+00:00,6,Tokyo,SELL,LOSS,-3.1423270598613042,1
ma_mr_hybrid,2026-03-02 09:29:00+00:00,9,London,SELL,WIN,5.1898134746163125,9
ma_mr_hybrid,2026-03-02 13:28:00+00:00,13,NY,BUY,WIN,3.9957098173270653,2
ma_mr_hybrid,2026-03-02 18:45:00+00:00,18,NY,SELL,WIN,3.4388292370134197,2
ma_mr_hybrid,2026-03-02 20:41:00+00:00,20,NY,BUY,WIN,5.369876147259856,6
ma_mr_hybrid,2026-03-03 05:04:00+00:00,5,Tokyo,SELL,LOSS,-3.0258652864906024,1
ma_mr_hybrid,2026-03-03 05:49:00+00:00,5,Tokyo,SELL,LOSS,-2.284410442711237,11
ma_mr_hybrid,2026-03-03 07:04:00+00:00,7,London,BUY,LOSS,-3.9594193097646437,4
ma_mr_hybrid,2026-03-03 10:02:00+00:00,10,London,BUY,LOSS,-1.811822332137058,1
ma_mr_hybrid,2026-03-03 11:41:00+00:00,11,London,BUY,WIN,3.4071638123331924,3
ma_mr_hybrid,2026-03-03 12:35:00+00:00,12,London,SELL,LOSS,-4.2505350985369885,6
ma_mr_hybrid,2026-03-03 15:31:00+00:00,15,NY,SELL,LOSS,-3.3543462187329167,1
ma_mr_hybrid,2026-03-03 18:56:00+00:00,18,NY,SELL,LOSS,-2.804376164666155,8
ma_mr_hybrid,2026-03-03 19:39:00+00:00,19,NY,BUY,LOSS,-0.9273129309169008,1
ma_mr_hybrid,2026-03-04 00:10:00+00:00,0,Tokyo,BUY,LOSS,-3.3669313471780695,1
ma_mr_hybrid,2026-03-04 04:36:00+00:00,4,Tokyo,SELL,LOSS,-0.9915960414351048,1
ma_mr_hybrid,2026-03-04 05:29:00+00:00,5,Tokyo,SELL,LOSS,-2.262605755151003,1
ma_mr_hybrid,2026-03-04 09:20:00+00:00,9,London,BUY,LOSS,-0.8167884576853794,1
ma_mr_hybrid,2026-03-04 11:17:00+00:00,11,London,BUY,LOSS,-3.7176617989975282,2
ma_mr_hybrid,2026-03-04 11:57:00+00:00,11,London,SELL,WIN,4.396325872097418,5
ma_mr_hybrid,2026-03-04 13:07:00+00:00,13,NY,BUY,LOSS,-3.4535409334059066,2
ma_mr_hybrid,2026-03-05 00:41:00+00:00,0,Tokyo,SELL,LOSS,-3.1586040334180323,5
ma_mr_hybrid,2026-03-05 02:33:00+00:00,2,Tokyo,SELL,LOSS,-2.3898916937032935,1
ma_mr_hybrid,2026-03-05 08:31:00+00:00,8,London,BUY,LOSS,-3.5492168809345683,1
ma_mr_hybrid,2026-03-05 09:50:00+00:00,9,London,SELL,LOSS,-1.6594382322399952,1
ma_mr_hybrid,2026-03-05 14:02:00+00:00,14,NY,BUY,LOSS,-3.4627930737987525,1
ma_mr_hybrid,2026-03-05 20:55:00+00:00,20,NY,SELL,WIN,5.424049837547341,9
ma_mr_hybrid,2026-03-06 05:41:00+00:00,5,Tokyo,BUY,LOSS,-1.7506435002549552,2
ma_mr_hybrid,2026-03-06 07:42:00+00:00,7,London,BUY,LOSS,-3.0590516149023186,6
ma_mr_hybrid,2026-03-06 09:39:00+00:00,9,London,BUY,LOSS,-1.599804933166115,1
ma_mr_hybrid,2026-03-06 14:20:00+00:00,14,NY,SELL,LOSS,-5.296546334655704,2
ma_mr_hybrid,2026-03-08 22:53:00+00:00,22,Off,BUY,LOSS,-4.490979802269112,3
ma_mr_hybrid,2026-03-09 00:51:00+00:00,0,Tokyo,SELL,LOSS,-4.628542937284851,2
ma_mr_hybrid,2026-03-09 04:04:00+00:00,4,Tokyo,BUY,LOSS,-2.49938141227135,1
ma_mr_hybrid,2026-03-09 04:44:00+00:00,4,Tokyo,BUY,LOSS,-3.2868283910507214,1
ma_mr_hybrid,2026-03-09 07:00:00+00:00,7,London,SELL,LOSS,-4.8801374654165555,2
ma_mr_hybrid,2026-03-09 08:01:00+00:00,8,London,BUY,LOSS,-3.9200252649171032,2
ma_mr_hybrid,2026-03-09 13:53:00+00:00,13,NY,SELL,LOSS,-3.717593743478619,3
ma_mr_hybrid,2026-03-09 17:43:00+00:00,17,NY,BUY,LOSS,-1.4692112098590997,1
ma_mr_hybrid,2026-03-09 19:59:00+00:00,19,NY,SELL,LOSS,-4.064450066643576,1
ma_mr_hybrid,2026-03-10 05:00:00+00:00,5,Tokyo,BUY,LOSS,-2.3107125585217316,1
ma_mr_hybrid,2026-03-10 08:05:00+00:00,8,London,SELL,LOSS,-4.544237242113968,3
ma_mr_hybrid,2026-03-10 08:52:00+00:00,8,London,SELL,LOSS,-3.8463478440964307,1
ma_mr_hybrid,2026-03-10 12:46:00+00:00,12,London,BUY,LOSS,-1.601920277632462,1
ma_mr_hybrid,2026-03-11 01:17:00+00:00,1,Tokyo,BUY,WIN,3.931852993074881,3
ma_mr_hybrid,2026-03-11 03:03:00+00:00,3,Tokyo,BUY,LOSS,-3.21064230822019,1
ma_mr_hybrid,2026-03-11 08:24:00+00:00,8,London,SELL,LOSS,-1.9469460631360562,1
ma_mr_hybrid,2026-03-11 12:16:00+00:00,12,London,BUY,LOSS,-3.121013485067169,2
ma_mr_hybrid,2026-03-11 15:04:00+00:00,15,NY,SELL,LOSS,-2.665528332675126,11
ma_mr_hybrid,2026-03-11 15:48:00+00:00,15,NY,SELL,WIN,2.7231831616101774,3
ma_mr_hybrid,2026-03-11 23:14:00+00:00,23,Off,SELL,LOSS,-2.261602543599838,1
ma_mr_hybrid,2026-03-12 01:44:00+00:00,1,Tokyo,BUY,WIN,3.7914346895074234,7
ma_mr_hybrid,2026-03-12 05:18:00+00:00,5,Tokyo,BUY,LOSS,-2.0389484752532097,1
ma_mr_hybrid,2026-03-12 07:03:00+00:00,7,London,SELL,WIN,2.779165229390924,2
ma_mr_hybrid,2026-03-12 12:40:00+00:00,12,London,BUY,LOSS,-2.624571049314727,4
ma_mr_hybrid,2026-03-12 14:37:00+00:00,14,NY,SELL,LOSS,-2.6395836185334245,4
ma_mr_hybrid,2026-03-13 00:39:00+00:00,0,Tokyo,SELL,LOSS,-2.774900960118475,3
ma_mr_hybrid,2026-03-13 12:21:00+00:00,12,London,SELL,LOSS,-2.957896643132062,8
ma_mr_hybrid,2026-03-13 14:08:00+00:00,14,NY,SELL,WIN,3.401001592335274,3
ma_mr_hybrid,2026-03-13 15:35:00+00:00,15,NY,SELL,LOSS,-3.077797748061516,1
ma_mr_hybrid,2026-03-15 22:19:00+00:00,22,Off,SELL,WIN,6.728864329893281,10
ma_mr_hybrid,2026-03-16 01:05:00+00:00,1,Tokyo,SELL,LOSS,-3.8512769149339645,6
ma_mr_hybrid,2026-03-16 07:39:00+00:00,7,London,SELL,LOSS,-1.5993087630183027,1
ma_mr_hybrid,2026-03-16 14:30:00+00:00,14,NY,SELL,LOSS,-1.785082404170612,2
ma_mr_hybrid,2026-03-16 15:07:00+00:00,15,NY,BUY,LOSS,-2.6711926706430402,7
ma_mr_hybrid,2026-03-16 18:57:00+00:00,18,NY,SELL,LOSS,-1.7071780006877362,6
ma_mr_hybrid,2026-03-17 01:36:00+00:00,1,Tokyo,BUY,WIN,2.4851358355486584,2
ma_mr_hybrid,2026-03-17 06:16:00+00:00,6,Tokyo,BUY,LOSS,-1.8649239241331543,1
ma_mr_hybrid,2026-03-17 08:00:00+00:00,8,London,BUY,LOSS,-3.167388833880568,1
ma_mr_hybrid,2026-03-17 13:48:00+00:00,13,NY,SELL,LOSS,-3.4781474863781794,4
ma_mr_hybrid,2026-03-17 14:55:00+00:00,14,NY,BUY,LOSS,-2.5316540256331335,1
ma_mr_hybrid,2026-03-17 15:49:00+00:00,15,NY,SELL,WIN,4.299576361604363,4
ma_mr_hybrid,2026-03-17 18:50:00+00:00,18,NY,SELL,LOSS,-2.1300620642951342,6
ma_mr_hybrid,2026-03-18 01:09:00+00:00,1,Tokyo,BUY,LOSS,-1.2419097033007802,1
ma_mr_hybrid,2026-03-18 06:37:00+00:00,6,Tokyo,SELL,LOSS,-2.541606112403815,1
ma_mr_hybrid,2026-03-18 07:21:00+00:00,7,London,SELL,LOSS,-3.257258332464107,2
ma_mr_hybrid,2026-03-18 07:54:00+00:00,7,London,BUY,WIN,2.663089795565111,2
ma_mr_hybrid,2026-03-18 09:06:00+00:00,9,London,SELL,WIN,2.7093646767677457,3
ma_mr_hybrid,2026-03-18 12:14:00+00:00,12,London,SELL,LOSS,-4.115263431130688,2
ma_mr_hybrid,2026-03-18 18:12:00+00:00,18,NY,BUY,WIN,3.692268186484694,2
ma_mr_hybrid,2026-03-18 19:21:00+00:00,19,NY,BUY,LOSS,-1.5907482815681988,1
ma_mr_hybrid,2026-03-19 08:36:00+00:00,8,London,SELL,LOSS,-4.901434754721822,2
ma_mr_hybrid,2026-03-19 09:13:00+00:00,9,London,BUY,LOSS,-2.778988499689649,1
ma_mr_hybrid,2026-03-19 13:36:00+00:00,13,NY,BUY,LOSS,-4.963282225226794,12
ma_mr_hybrid,2026-03-19 14:24:00+00:00,14,NY,SELL,LOSS,-1.2940352909386548,1
ma_mr_hybrid,2026-03-19 16:35:00+00:00,16,NY,SELL,LOSS,-0.9994863338012465,1
ma_mr_hybrid,2026-03-19 17:50:00+00:00,17,NY,SELL,LOSS,-3.340857718449274,13
ma_mr_hybrid,2026-03-19 19:38:00+00:00,19,NY,SELL,LOSS,-3.734143402171685,1
ma_mr_hybrid,2026-03-19 23:08:00+00:00,23,Off,SELL,LOSS,-2.8327142702228683,15
ma_mr_hybrid,2026-03-20 02:31:00+00:00,2,Tokyo,BUY,WIN,2.43916892282341,5
ma_mr_hybrid,2026-03-20 09:25:00+00:00,9,London,BUY,LOSS,-1.7196720481156718,1
ma_mr_hybrid,2026-03-20 10:23:00+00:00,10,London,BUY,LOSS,-3.157138356234145,3
ma_mr_hybrid,2026-03-20 13:38:00+00:00,13,NY,SELL,LOSS,-3.6966352252666637,12
ma_mr_hybrid,2026-03-23 00:29:00+00:00,0,Tokyo,SELL,LOSS,-2.2484616884146815,1
ma_mr_hybrid,2026-03-23 01:08:00+00:00,1,Tokyo,BUY,WIN,6.498057499275501,2
ma_mr_hybrid,2026-03-23 09:49:00+00:00,9,London,SELL,LOSS,-2.260586711465339,5
ma_mr_hybrid,2026-03-23 16:27:00+00:00,16,NY,SELL,WIN,6.93324213272133,4
ma_mr_hybrid,2026-03-23 18:03:00+00:00,18,NY,BUY,LOSS,-3.8900549908153605,1
ma_mr_hybrid,2026-03-23 19:10:00+00:00,19,NY,SELL,LOSS,-3.5539911185670006,6
ma_mr_hybrid,2026-03-24 00:24:00+00:00,0,Tokyo,BUY,WIN,3.7620739030852066,4
ma_mr_hybrid,2026-03-24 03:17:00+00:00,3,Tokyo,SELL,WIN,2.4768504277555623,16
ma_mr_hybrid,2026-03-24 10:20:00+00:00,10,London,BUY,WIN,2.60581634096111,4
ma_mr_hybrid,2026-03-24 11:13:00+00:00,11,London,BUY,WIN,2.9716193662930666,4
ma_mr_hybrid,2026-03-24 16:25:00+00:00,16,NY,BUY,LOSS,-0.9435607402783035,1
ma_mr_hybrid,2026-03-24 17:42:00+00:00,17,NY,BUY,LOSS,-2.7191010288267305,10
ma_mr_hybrid,2026-03-24 19:56:00+00:00,19,NY,SELL,LOSS,-1.2006748901758784,2
ma_mr_hybrid,2026-03-25 02:44:00+00:00,2,Tokyo,SELL,LOSS,-2.164223806027098,17
ma_mr_hybrid,2026-03-25 08:07:00+00:00,8,London,BUY,LOSS,-2.2431557086510336,3
ma_mr_hybrid,2026-03-25 15:59:00+00:00,15,NY,SELL,WIN,3.205454430139821,2
ma_mr_hybrid,2026-03-26 07:56:00+00:00,7,London,SELL,LOSS,-2.2673831839076,3
ma_mr_hybrid,2026-03-26 12:15:00+00:00,12,London,BUY,LOSS,-1.6145943757483565,1
ma_mr_hybrid,2026-03-26 15:31:00+00:00,15,NY,SELL,LOSS,-3.1624092579353826,7
ma_mr_hybrid,2026-03-27 08:01:00+00:00,8,London,BUY,WIN,3.4678877447997367,1
ma_mr_hybrid,2026-03-27 15:40:00+00:00,15,NY,BUY,WIN,3.8270537097228727,2
ma_mr_hybrid,2026-03-27 16:30:00+00:00,16,NY,BUY,LOSS,-1.8355495253776326,1
ma_mr_hybrid,2026-03-27 19:11:00+00:00,19,NY,BUY,LOSS,-2.6543838623969576,2
ma_mr_hybrid,2026-03-27 20:30:00+00:00,20,NY,SELL,LOSS,-2.5331817155024963,2
ma_mr_hybrid,2026-03-30 00:44:00+00:00,0,Tokyo,SELL,LOSS,-3.6225062643286945,2
ma_mr_hybrid,2026-03-30 02:59:00+00:00,2,Tokyo,SELL,WIN,2.694775962167296,2
ma_mr_hybrid,2026-03-30 07:19:00+00:00,7,London,BUY,LOSS,-1.4996609860010495,1
ma_mr_hybrid,2026-03-30 07:56:00+00:00,7,London,SELL,LOSS,-2.361136023710219,1
ma_mr_hybrid,2026-03-30 08:40:00+00:00,8,London,BUY,LOSS,-2.54899911588966,4
ma_mr_hybrid,2026-03-31 05:16:00+00:00,5,Tokyo,BUY,LOSS,-2.3908461370059966,1
ma_mr_hybrid,2026-03-31 07:24:00+00:00,7,London,SELL,WIN,4.191160487332991,11
ma_mr_hybrid,2026-03-31 13:40:00+00:00,13,NY,BUY,LOSS,-4.0491974335073335,2
ma_mr_hybrid,2026-03-31 15:37:00+00:00,15,NY,SELL,WIN,5.39569456352167,5
ma_mr_hybrid,2026-03-31 16:24:00+00:00,16,NY,SELL,LOSS,-3.02556843563666,6
ma_mr_hybrid,2026-03-31 19:34:00+00:00,19,NY,BUY,LOSS,-3.437651899294724,2
ma_mr_hybrid,2026-03-31 20:18:00+00:00,20,NY,SELL,LOSS,-1.6342314701934584,1
ma_mr_hybrid,2026-03-31 21:08:00+00:00,21,Off,SELL,WIN,2.520022330348138,2
ma_mr_hybrid,2026-03-31 21:41:00+00:00,21,Off,BUY,LOSS,-2.532921912139318,1
ma_mr_hybrid,2026-04-01 01:21:00+00:00,1,Tokyo,BUY,LOSS,-1.4758249343050693,1
ma_mr_hybrid,2026-04-01 01:56:00+00:00,1,Tokyo,BUY,LOSS,-1.6434565143943474,1
ma_mr_hybrid,2026-04-01 03:34:00+00:00,3,Tokyo,SELL,LOSS,-2.3830989324939535,6
ma_mr_hybrid,2026-04-01 04:20:00+00:00,4,Tokyo,BUY,LOSS,-1.3464343675612327,1
ma_mr_hybrid,2026-04-01 08:33:00+00:00,8,London,BUY,LOSS,-1.374958620197208,1
ma_mr_hybrid,2026-04-01 10:54:00+00:00,10,London,BUY,LOSS,-2.269577082980322,3
ma_mr_hybrid,2026-04-01 12:21:00+00:00,12,London,SELL,LOSS,-3.121440023354171,4
ma_mr_hybrid,2026-04-01 13:09:00+00:00,13,NY,SELL,WIN,4.195848436831807,2
ma_mr_hybrid,2026-04-01 14:22:00+00:00,14,NY,BUY,WIN,4.657796003679505,13
ma_mr_hybrid,2026-04-01 15:39:00+00:00,15,NY,SELL,LOSS,-3.647257202051878,1
ma_mr_hybrid,2026-04-01 17:42:00+00:00,17,NY,SELL,LOSS,-0.8802197812873829,1
ma_mr_hybrid,2026-04-01 18:41:00+00:00,18,NY,BUY,LOSS,-1.1797522177734436,1
ma_mr_hybrid,2026-04-01 21:01:00+00:00,21,Off,SELL,WIN,2.719908014558837,1
ma_mr_hybrid,2026-04-01 23:37:00+00:00,23,Off,SELL,LOSS,-1.579663182817103,1
ma_mr_hybrid,2026-04-02 03:21:00+00:00,3,Tokyo,BUY,LOSS,-3.3730902221653194,3
ma_mr_hybrid,2026-04-02 14:37:00+00:00,14,NY,BUY,WIN,6.148507177935426,1
ma_mr_hybrid,2026-04-02 16:22:00+00:00,16,NY,SELL,LOSS,-2.174082798710674,1
ma_mr_hybrid,2026-04-02 17:33:00+00:00,17,NY,BUY,LOSS,-2.0043856396871886,11
ma_mr_hybrid,2026-04-03 01:18:00+00:00,1,Tokyo,SELL,WIN,3.4420363784572148,1
ma_mr_hybrid,2026-04-06 08:29:00+00:00,8,London,SELL,LOSS,-1.599295653058607,15
ma_mr_hybrid,2026-04-06 15:33:00+00:00,15,NY,BUY,LOSS,-2.1138548786031377,2
ma_mr_hybrid,2026-04-06 18:55:00+00:00,18,NY,SELL,LOSS,-1.5002223751413795,5
ma_mr_hybrid,2026-04-07 14:21:00+00:00,14,NY,BUY,LOSS,-1.3946289410047712,1
ma_mr_hybrid,2026-04-07 15:32:00+00:00,15,NY,BUY,LOSS,-3.105195989436015,4
ma_mr_hybrid,2026-04-07 18:42:00+00:00,18,NY,SELL,LOSS,-0.861621944459489,1
ma_mr_hybrid,2026-04-08 01:46:00+00:00,1,Tokyo,BUY,WIN,4.6295094438998605,2
ma_mr_hybrid,2026-04-08 03:00:00+00:00,3,Tokyo,BUY,LOSS,-0.8832917638518893,1
ma_mr_hybrid,2026-04-08 03:33:00+00:00,3,Tokyo,SELL,WIN,3.0445554454369814,3
ma_mr_hybrid,2026-04-08 07:00:00+00:00,7,London,SELL,LOSS,-2.3000427697515304,2
ma_mr_hybrid,2026-04-08 07:35:00+00:00,7,London,BUY,LOSS,-3.5228807058520486,10
ma_mr_hybrid,2026-04-08 12:38:00+00:00,12,London,BUY,LOSS,-3.74525713151188,4
ma_mr_hybrid,2026-04-08 16:42:00+00:00,16,NY,SELL,LOSS,-2.2474495543055353,1
ma_mr_hybrid,2026-04-08 20:17:00+00:00,20,NY,SELL,WIN,2.618461797912187,4
ma_mr_hybrid,2026-04-09 00:04:00+00:00,0,Tokyo,SELL,LOSS,-1.8081135600444214,1
ma_mr_hybrid,2026-04-09 01:35:00+00:00,1,Tokyo,BUY,LOSS,-2.0048077890028706,1
ma_mr_hybrid,2026-04-09 08:46:00+00:00,8,London,BUY,LOSS,-2.302475296277339,3
ma_mr_hybrid,2026-04-09 16:13:00+00:00,16,NY,SELL,WIN,4.783404245655288,5
ma_mr_hybrid,2026-04-09 18:47:00+00:00,18,NY,BUY,LOSS,-2.739328980810728,1
ma_mr_hybrid,2026-04-09 20:47:00+00:00,20,NY,BUY,LOSS,-1.2131860325543358,1
ma_mr_hybrid,2026-04-10 02:12:00+00:00,2,Tokyo,SELL,LOSS,-1.9254644345086718,1
ma_mr_hybrid,2026-04-13 00:12:00+00:00,0,Tokyo,SELL,WIN,2.8121338763450696,10
ma_mr_hybrid,2026-04-13 06:39:00+00:00,6,Tokyo,SELL,LOSS,-1.0672457126550399,1
ma_mr_hybrid,2026-04-14 00:03:00+00:00,0,Tokyo,SELL,LOSS,-1.5654510584018226,1
ma_mr_hybrid,2026-04-14 06:11:00+00:00,6,Tokyo,SELL,LOSS,-1.6647700683098947,1
ma_mr_hybrid,2026-04-14 09:55:00+00:00,9,London,SELL,LOSS,-3.173340824169645,1
ma_mr_hybrid,2026-04-14 14:53:00+00:00,14,NY,SELL,WIN,3.269814572324049,2
ma_mr_hybrid,2026-04-14 16:29:00+00:00,16,NY,BUY,LOSS,-2.0966123342607714,1
ma_regime_switch,2026-01-16 05:21:00+00:00,5,Tokyo,SELL,WIN,3.0952069861295515,14
ma_regime_switch,2026-01-16 07:23:00+00:00,7,London,SELL,WIN,4.320847149194674,7
ma_regime_switch,2026-01-16 08:35:00+00:00,8,London,SELL,LOSS,-5.133192428899224,4
ma_regime_switch,2026-01-16 10:22:00+00:00,10,London,SELL,LOSS,-3.8689159578628276,27
ma_regime_switch,2026-01-16 12:11:00+00:00,12,London,SELL,LOSS,-3.385865528914155,6
ma_regime_switch,2026-01-16 14:50:00+00:00,14,NY,SELL,WIN,4.318479718865388,2
ma_regime_switch,2026-01-18 23:19:00+00:00,23,Off,SELL,WIN,7.347786356514075,15
ma_regime_switch,2026-01-19 00:12:00+00:00,0,Tokyo,SELL,WIN,6.803862122772398,5
ma_regime_switch,2026-01-19 01:08:00+00:00,1,Tokyo,SELL,WIN,6.673118884237806,10
ma_regime_switch,2026-01-19 03:13:00+00:00,3,Tokyo,SELL,WIN,3.1441493527846207,4
ma_regime_switch,2026-01-19 21:26:00+00:00,21,Off,BUY,LOSS,-2.1805887786787705,9
ma_regime_switch,2026-01-19 22:07:00+00:00,22,Off,BUY,LOSS,-2.4698900125959424,2
ma_regime_switch,2026-01-20 04:24:00+00:00,4,Tokyo,SELL,LOSS,-3.441886340336441,4
ma_regime_switch,2026-01-20 06:45:00+00:00,6,Tokyo,BUY,LOSS,-4.403740155324431,1
ma_regime_switch,2026-01-20 07:20:00+00:00,7,London,BUY,LOSS,-4.399914692986772,3
ma_regime_switch,2026-01-20 07:54:00+00:00,7,London,BUY,LOSS,-5.440028870136348,1
ma_regime_switch,2026-01-20 09:19:00+00:00,9,London,SELL,WIN,10.666098805308888,4
ma_regime_switch,2026-01-20 11:41:00+00:00,11,London,SELL,WIN,5.160302652357541,4
ma_regime_switch,2026-01-20 13:02:00+00:00,13,NY,SELL,LOSS,-4.14336410870435,2
ma_regime_switch,2026-01-20 13:35:00+00:00,13,NY,SELL,LOSS,-13.550910711619668,4
ma_regime_switch,2026-01-20 14:12:00+00:00,14,NY,SELL,LOSS,-11.331011786267187,20
ma_regime_switch,2026-01-20 16:09:00+00:00,16,NY,BUY,WIN,3.2213021327389244,2
ma_regime_switch,2026-01-21 16:54:00+00:00,16,NY,BUY,LOSS,-5.770075365685034,11
ma_regime_switch,2026-01-21 19:25:00+00:00,19,NY,BUY,LOSS,-3.0941173167822624,1
ma_regime_switch,2026-01-21 21:05:00+00:00,21,Off,BUY,LOSS,-3.7380865216779737,2
ma_regime_switch,2026-01-21 21:56:00+00:00,21,Off,BUY,LOSS,-3.0149741939585963,1
ma_regime_switch,2026-01-22 05:33:00+00:00,5,Tokyo,BUY,LOSS,-3.3001876151804934,2
ma_regime_switch,2026-01-22 06:06:00+00:00,6,Tokyo,BUY,WIN,3.507947094329734,11
ma_regime_switch,2026-01-22 07:04:00+00:00,7,London,BUY,LOSS,-3.849193865601296,3
ma_regime_switch,2026-01-22 07:41:00+00:00,7,London,BUY,LOSS,-3.739880052528565,1
ma_regime_switch,2026-01-22 09:13:00+00:00,9,London,BUY,LOSS,-3.6465210779131665,7
ma_regime_switch,2026-01-23 12:00:00+00:00,12,London,SELL,LOSS,-4.417490440339566,10
ma_regime_switch,2026-01-23 13:15:00+00:00,13,NY,SELL,WIN,3.770356735186465,6
ma_regime_switch,2026-01-23 15:52:00+00:00,15,NY,SELL,WIN,3.961353258697909,10
ma_regime_switch,2026-01-23 16:33:00+00:00,16,NY,SELL,WIN,11.995545576094013,15
ma_regime_switch,2026-01-23 17:26:00+00:00,17,NY,SELL,WIN,19.53019822419817,5
ma_regime_switch,2026-01-23 19:55:00+00:00,19,NY,SELL,LOSS,-9.188043386563027,2
ma_regime_switch,2026-01-23 21:13:00+00:00,21,Off,SELL,LOSS,-7.361212224494284,20
ma_regime_switch,2026-01-25 22:40:00+00:00,22,Off,SELL,WIN,19.031512355909808,1
ma_regime_switch,2026-01-25 23:50:00+00:00,23,Off,SELL,LOSS,-11.216929358777339,11
ma_regime_switch,2026-01-26 04:10:00+00:00,4,Tokyo,SELL,WIN,7.42554249430425,4
ma_regime_switch,2026-01-26 06:12:00+00:00,6,Tokyo,SELL,LOSS,-5.716446433020383,1
ma_regime_switch,2026-01-26 06:45:00+00:00,6,Tokyo,SELL,LOSS,-6.109556205173749,2
ma_regime_switch,2026-01-26 07:33:00+00:00,7,London,SELL,LOSS,-6.406882335948171,4
ma_regime_switch,2026-01-26 08:09:00+00:00,8,London,SELL,WIN,11.604068784988453,3
ma_regime_switch,2026-01-26 08:46:00+00:00,8,London,SELL,LOSS,-11.439071198775697,2
ma_regime_switch,2026-01-26 10:52:00+00:00,10,London,SELL,LOSS,-6.961647670376169,4
ma_regime_switch,2026-01-26 21:12:00+00:00,21,Off,SELL,WIN,3.193083337715575,2
ma_regime_switch,2026-01-27 11:08:00+00:00,11,London,BUY,WIN,9.290852117815529,9
ma_regime_switch,2026-01-27 12:12:00+00:00,12,London,SELL,LOSS,-6.5807984289325985,1
ma_regime_switch,2026-01-27 12:44:00+00:00,12,London,SELL,WIN,11.950255261332199,17
ma_regime_switch,2026-01-27 13:41:00+00:00,13,NY,SELL,LOSS,-8.451869153716007,1
ma_regime_switch,2026-01-27 14:50:00+00:00,14,NY,SELL,WIN,16.7322356212547,11
ma_regime_switch,2026-01-27 15:36:00+00:00,15,NY,SELL,LOSS,-11.647520039573056,4
ma_regime_switch,2026-01-27 17:42:00+00:00,17,NY,SELL,LOSS,-8.366450405383308,1
ma_regime_switch,2026-01-27 19:51:00+00:00,19,NY,SELL,WIN,5.389308108466207,14
ma_regime_switch,2026-01-27 20:44:00+00:00,20,NY,SELL,WIN,12.675483593197168,1
ma_regime_switch,2026-01-27 22:08:00+00:00,22,Off,SELL,LOSS,-11.007332030068984,29
ma_regime_switch,2026-01-28 18:32:00+00:00,18,NY,BUY,WIN,4.941156388444324,3
ma_regime_switch,2026-01-28 19:10:00+00:00,19,NY,BUY,LOSS,-9.01333784115268,3
ma_regime_switch,2026-01-28 20:02:00+00:00,20,NY,BUY,LOSS,-11.34994948196395,40
ma_regime_switch,2026-01-29 03:59:00+00:00,3,Tokyo,BUY,LOSS,-3.6794429922555763,1
ma_regime_switch,2026-01-30 01:00:00+00:00,1,Tokyo,BUY,WIN,8.069822221163303,1
ma_regime_switch,2026-01-30 02:00:00+00:00,2,Tokyo,BUY,LOSS,-6.487984012047309,3
ma_regime_switch,2026-01-30 02:34:00+00:00,2,Tokyo,BUY,LOSS,-7.84819884316521,25
ma_regime_switch,2026-01-30 05:18:00+00:00,5,Tokyo,BUY,WIN,7.871715712208084,9
ma_regime_switch,2026-01-30 06:05:00+00:00,6,Tokyo,BUY,LOSS,-5.462071284508329,10
ma_regime_switch,2026-01-30 07:08:00+00:00,7,London,BUY,WIN,7.534669058928057,1
ma_regime_switch,2026-01-30 10:07:00+00:00,10,London,BUY,LOSS,-8.784933958945818,8
ma_regime_switch,2026-01-30 15:03:00+00:00,15,NY,BUY,LOSS,-7.815545563871228,2
ma_regime_switch,2026-01-30 15:46:00+00:00,15,NY,BUY,LOSS,-10.28525533256941,1
ma_regime_switch,2026-01-30 18:54:00+00:00,18,NY,BUY,WIN,16.205888635571863,23
ma_regime_switch,2026-01-30 21:51:00+00:00,21,Off,BUY,WIN,3.9963029014141513,9
ma_regime_switch,2026-02-01 23:35:00+00:00,23,Off,BUY,LOSS,-6.460609574499631,2
ma_regime_switch,2026-02-02 01:36:00+00:00,1,Tokyo,BUY,LOSS,-6.238596736067325,6
ma_regime_switch,2026-02-02 13:49:00+00:00,13,NY,BUY,LOSS,-5.566958994932224,3
ma_regime_switch,2026-02-02 14:40:00+00:00,14,NY,BUY,LOSS,-6.385523252509006,15
ma_regime_switch,2026-02-02 15:26:00+00:00,15,NY,BUY,WIN,11.819870073615402,17
ma_regime_switch,2026-02-02 17:03:00+00:00,17,NY,BUY,LOSS,-6.370647604520218,9
ma_regime_switch,2026-02-02 19:57:00+00:00,19,NY,BUY,LOSS,-3.2882714608878585,9
ma_regime_switch,2026-02-02 21:09:00+00:00,21,Off,BUY,LOSS,-3.557330754451459,3
ma_regime_switch,2026-02-02 22:04:00+00:00,22,Off,BUY,LOSS,-4.024381242850427,1
ma_regime_switch,2026-02-02 22:36:00+00:00,22,Off,BUY,LOSS,-5.388195961710539,1
ma_regime_switch,2026-02-03 06:44:00+00:00,6,Tokyo,SELL,LOSS,-3.6951883683902222,2
ma_regime_switch,2026-02-03 07:17:00+00:00,7,London,SELL,LOSS,-4.399343792973286,2
ma_regime_switch,2026-02-03 07:50:00+00:00,7,London,SELL,LOSS,-4.656667203399411,6
ma_regime_switch,2026-02-03 09:25:00+00:00,9,London,BUY,WIN,5.857132649618802,12
ma_regime_switch,2026-02-03 12:24:00+00:00,12,London,BUY,LOSS,-3.2796101117743772,6
ma_regime_switch,2026-02-03 13:07:00+00:00,13,NY,BUY,LOSS,-4.475314966150722,8
ma_regime_switch,2026-02-03 14:07:00+00:00,14,NY,BUY,WIN,4.953908344436809,3
ma_regime_switch,2026-02-03 14:42:00+00:00,14,NY,BUY,LOSS,-5.832338933742153,1
ma_regime_switch,2026-02-04 03:26:00+00:00,3,Tokyo,BUY,LOSS,-3.101163616874646,5
ma_regime_switch,2026-02-04 04:02:00+00:00,4,Tokyo,BUY,LOSS,-3.1008694969206543,15
ma_regime_switch,2026-02-04 04:53:00+00:00,4,Tokyo,BUY,LOSS,-3.3187268703518837,7
ma_regime_switch,2026-02-04 06:03:00+00:00,6,Tokyo,BUY,LOSS,-3.5635733456207843,2
ma_regime_switch,2026-02-04 06:39:00+00:00,6,Tokyo,BUY,WIN,4.035866813701273,6
ma_regime_switch,2026-02-04 07:28:00+00:00,7,London,BUY,LOSS,-3.9779754722379037,20
ma_regime_switch,2026-02-04 09:15:00+00:00,9,London,BUY,WIN,3.409643687229914,7
ma_regime_switch,2026-02-04 09:57:00+00:00,9,London,BUY,LOSS,-3.457495228933726,2
ma_regime_switch,2026-02-04 10:47:00+00:00,10,London,BUY,LOSS,-3.9647196843124446,5
ma_regime_switch,2026-02-04 12:21:00+00:00,12,London,BUY,LOSS,-3.8246661561704967,4
ma_regime_switch,2026-02-04 13:24:00+00:00,13,NY,BUY,LOSS,-5.528456297021921,18
ma_regime_switch,2026-02-04 16:57:00+00:00,16,NY,BUY,LOSS,-5.479020917438947,1
ma_regime_switch,2026-02-05 05:50:00+00:00,5,Tokyo,BUY,WIN,2.5564813857850597,4
ma_regime_switch,2026-02-05 07:13:00+00:00,7,London,BUY,WIN,5.511881466393743,6
ma_regime_switch,2026-02-05 08:01:00+00:00,8,London,BUY,LOSS,-5.0494721031687275,1
ma_regime_switch,2026-02-05 09:19:00+00:00,9,London,BUY,WIN,5.221973801034619,10
ma_regime_switch,2026-02-05 11:18:00+00:00,11,London,BUY,LOSS,-3.45095975919678,3
ma_regime_switch,2026-02-05 12:00:00+00:00,12,London,BUY,LOSS,-3.82144057194198,4
ma_regime_switch,2026-02-05 14:41:00+00:00,14,NY,SELL,LOSS,-4.8707223281373215,1
ma_regime_switch,2026-02-05 18:31:00+00:00,18,NY,SELL,LOSS,-4.051531326446866,41
ma_regime_switch,2026-02-06 00:02:00+00:00,0,Tokyo,SELL,LOSS,-6.364601623910903,4
ma_regime_switch,2026-02-06 00:55:00+00:00,0,Tokyo,SELL,LOSS,-6.2320169175070985,7
ma_regime_switch,2026-02-06 03:40:00+00:00,3,Tokyo,SELL,LOSS,-3.8462544481480334,12
ma_regime_switch,2026-02-06 05:41:00+00:00,5,Tokyo,SELL,LOSS,-4.115297073126544,2
ma_regime_switch,2026-02-06 13:02:00+00:00,13,NY,BUY,WIN,4.011641699001257,18
ma_regime_switch,2026-02-06 17:00:00+00:00,17,NY,SELL,LOSS,-2.787396313239742,1
ma_regime_switch,2026-02-09 01:34:00+00:00,1,Tokyo,SELL,LOSS,-8.740425130888685,5
ma_regime_switch,2026-02-09 03:38:00+00:00,3,Tokyo,SELL,LOSS,-5.003549112810378,4
ma_regime_switch,2026-02-09 04:25:00+00:00,4,Tokyo,SELL,LOSS,-4.711232734657233,2
ma_regime_switch,2026-02-09 05:07:00+00:00,5,Tokyo,SELL,LOSS,-4.634834650453445,16
ma_regime_switch,2026-02-09 07:30:00+00:00,7,London,SELL,WIN,7.470190701310298,6
ma_regime_switch,2026-02-09 08:07:00+00:00,8,London,SELL,LOSS,-6.04246306024736,11
ma_regime_switch,2026-02-09 09:00:00+00:00,9,London,SELL,LOSS,-6.086120693091334,6
ma_regime_switch,2026-02-09 12:16:00+00:00,12,London,SELL,LOSS,-4.264306584996279,6
ma_regime_switch,2026-02-09 13:00:00+00:00,13,NY,SELL,WIN,5.418775019809186,6
ma_regime_switch,2026-02-09 13:40:00+00:00,13,NY,SELL,WIN,10.688534250528914,12
ma_regime_switch,2026-02-09 14:38:00+00:00,14,NY,SELL,LOSS,-8.096392093596183,11
ma_regime_switch,2026-02-09 15:59:00+00:00,15,NY,SELL,LOSS,-6.729036322240222,4
ma_regime_switch,2026-02-09 18:22:00+00:00,18,NY,SELL,LOSS,-3.6489040279168874,2
ma_regime_switch,2026-02-09 19:34:00+00:00,19,NY,SELL,WIN,3.6787714494162858,3
ma_regime_switch,2026-02-09 21:54:00+00:00,21,Off,SELL,LOSS,-2.912621716244689,1
ma_regime_switch,2026-02-10 01:47:00+00:00,1,Tokyo,SELL,LOSS,-6.209950805966446,10
ma_regime_switch,2026-02-10 02:48:00+00:00,2,Tokyo,SELL,LOSS,-6.222085547826327,1
ma_regime_switch,2026-02-10 04:26:00+00:00,4,Tokyo,SELL,WIN,5.649876657376308,16
ma_regime_switch,2026-02-10 05:44:00+00:00,5,Tokyo,SELL,LOSS,-4.12044627391781,4
ma_regime_switch,2026-02-10 09:20:00+00:00,9,London,SELL,WIN,5.826927336179733,3
ma_regime_switch,2026-02-10 10:27:00+00:00,10,London,SELL,WIN,4.650138936350868,11
ma_regime_switch,2026-02-10 12:50:00+00:00,12,London,SELL,LOSS,-4.905677969556609,2
ma_regime_switch,2026-02-10 13:30:00+00:00,13,NY,SELL,WIN,9.2195425768419,1
ma_regime_switch,2026-02-10 14:33:00+00:00,14,NY,SELL,LOSS,-7.30875631933161,1
ma_regime_switch,2026-02-10 15:08:00+00:00,15,NY,SELL,WIN,11.204994932979684,32
ma_regime_switch,2026-02-10 19:56:00+00:00,19,NY,SELL,LOSS,-3.5648514613758833,8
ma_regime_switch,2026-02-10 21:04:00+00:00,21,Off,SELL,LOSS,-3.230819932106942,7
ma_regime_switch,2026-02-10 22:02:00+00:00,22,Off,SELL,LOSS,-5.56819471854526,1
ma_regime_switch,2026-02-10 22:50:00+00:00,22,Off,SELL,LOSS,-6.374717480104141,12
ma_regime_switch,2026-02-11 00:18:00+00:00,0,Tokyo,SELL,WIN,4.511656300276013,6
ma_regime_switch,2026-02-11 02:22:00+00:00,2,Tokyo,SELL,WIN,6.5270290126458805,10
ma_regime_switch,2026-02-11 04:50:00+00:00,4,Tokyo,SELL,WIN,5.11113529451377,4
ma_regime_switch,2026-02-11 05:27:00+00:00,5,Tokyo,SELL,WIN,5.363884171431278,9
ma_regime_switch,2026-02-11 06:07:00+00:00,6,Tokyo,SELL,LOSS,-5.573761518387687,4
ma_regime_switch,2026-02-11 07:02:00+00:00,7,London,SELL,LOSS,-6.109263271345799,1
ma_regime_switch,2026-02-11 07:55:00+00:00,7,London,SELL,WIN,7.025957505215797,4
ma_regime_switch,2026-02-11 09:44:00+00:00,9,London,SELL,LOSS,-5.060213404580781,11
ma_regime_switch,2026-02-11 10:41:00+00:00,10,London,SELL,LOSS,-4.864424811747358,15
ma_regime_switch,2026-02-11 11:59:00+00:00,11,London,SELL,LOSS,-3.246967061911209,2
ma_regime_switch,2026-02-11 16:57:00+00:00,16,NY,SELL,WIN,11.983277237861056,3
ma_regime_switch,2026-02-11 17:31:00+00:00,17,NY,SELL,LOSS,-8.970615428596762,4
ma_regime_switch,2026-02-11 19:04:00+00:00,19,NY,SELL,LOSS,-6.425661565562723,3
ma_regime_switch,2026-02-12 03:15:00+00:00,3,Tokyo,SELL,LOSS,-6.218481694601951,2
ma_regime_switch,2026-02-12 04:07:00+00:00,4,Tokyo,SELL,LOSS,-6.272121478132408,3
ma_regime_switch,2026-02-12 12:31:00+00:00,12,London,BUY,LOSS,-3.8897852503926513,1
ma_regime_switch,2026-02-12 13:04:00+00:00,13,NY,BUY,LOSS,-5.204806179010734,7
ma_regime_switch,2026-02-12 13:42:00+00:00,13,NY,BUY,LOSS,-6.200089232631444,5
ma_regime_switch,2026-02-12 15:48:00+00:00,15,NY,SELL,WIN,11.543649069879347,8
ma_regime_switch,2026-02-12 16:44:00+00:00,16,NY,SELL,WIN,17.799103573464503,37
ma_regime_switch,2026-02-12 22:04:00+00:00,22,Off,SELL,LOSS,-3.2934493917726284,1
ma_regime_switch,2026-02-12 22:36:00+00:00,22,Off,SELL,LOSS,-10.49531847523797,4
ma_regime_switch,2026-02-13 00:08:00+00:00,0,Tokyo,SELL,LOSS,-6.983879115585,13
ma_regime_switch,2026-02-13 08:01:00+00:00,8,London,BUY,WIN,7.267154389718212,2
ma_regime_switch,2026-02-13 09:21:00+00:00,9,London,BUY,WIN,5.79512310000423,4
ma_regime_switch,2026-02-13 10:57:00+00:00,10,London,BUY,LOSS,-4.0151910393253045,2
ma_regime_switch,2026-02-13 14:57:00+00:00,14,NY,SELL,WIN,11.33742429291642,8
ma_regime_switch,2026-02-13 16:02:00+00:00,16,NY,SELL,WIN,12.40143778207523,17
ma_regime_switch,2026-02-13 17:52:00+00:00,17,NY,SELL,LOSS,-4.704254738486656,4
ma_regime_switch,2026-02-13 20:02:00+00:00,20,NY,SELL,WIN,3.951945424638393,24
ma_regime_switch,2026-02-15 23:13:00+00:00,23,Off,SELL,LOSS,-4.0254187395068355,3
ma_regime_switch,2026-02-16 02:23:00+00:00,2,Tokyo,BUY,LOSS,-3.4709302243801856,1
ma_regime_switch,2026-02-16 02:56:00+00:00,2,Tokyo,BUY,WIN,4.439871250648776,5
ma_regime_switch,2026-02-16 03:48:00+00:00,3,Tokyo,BUY,LOSS,-3.876490295637768,8
ma_regime_switch,2026-02-16 04:39:00+00:00,4,Tokyo,BUY,WIN,3.836052606852559,8
ma_regime_switch,2026-02-16 06:30:00+00:00,6,Tokyo,BUY,LOSS,-3.3234167778876325,2
ma_regime_switch,2026-02-16 07:03:00+00:00,7,London,BUY,WIN,3.3877072383385896,2
ma_regime_switch,2026-02-16 07:55:00+00:00,7,London,BUY,LOSS,-4.223151089418752,8
ma_regime_switch,2026-02-16 09:43:00+00:00,9,London,BUY,LOSS,-4.0760567089496815,2
ma_regime_switch,2026-02-17 02:04:00+00:00,2,Tokyo,SELL,LOSS,-5.56979100313315,2
ma_regime_switch,2026-02-17 03:09:00+00:00,3,Tokyo,SELL,LOSS,-4.128622011352422,6
ma_regime_switch,2026-02-17 03:47:00+00:00,3,Tokyo,SELL,LOSS,-4.049392375855109,9
ma_regime_switch,2026-02-17 04:27:00+00:00,4,Tokyo,SELL,WIN,4.663531861337856,3
ma_regime_switch,2026-02-17 05:19:00+00:00,5,Tokyo,SELL,LOSS,-4.816950514443351,2
ma_regime_switch,2026-02-17 06:20:00+00:00,6,Tokyo,SELL,LOSS,-4.877076579088157,10
ma_regime_switch,2026-02-17 07:51:00+00:00,7,London,SELL,LOSS,-5.099035254732075,3
ma_regime_switch,2026-02-17 08:32:00+00:00,8,London,SELL,WIN,5.869617744015,19
ma_regime_switch,2026-02-17 09:54:00+00:00,9,London,SELL,WIN,3.122204035023924,5
ma_regime_switch,2026-02-17 15:00:00+00:00,15,NY,BUY,WIN,7.959393715027386,16
ma_regime_switch,2026-02-17 23:57:00+00:00,23,Off,SELL,WIN,5.932854529656152,3
ma_regime_switch,2026-02-18 00:59:00+00:00,0,Tokyo,SELL,LOSS,-4.897719259806354,1
ma_regime_switch,2026-02-18 02:06:00+00:00,2,Tokyo,BUY,WIN,4.382819426039487,5
ma_regime_switch,2026-02-18 03:03:00+00:00,3,Tokyo,BUY,WIN,4.248733327549826,12
ma_regime_switch,2026-02-18 03:56:00+00:00,3,Tokyo,BUY,LOSS,-4.274008415170715,17
ma_regime_switch,2026-02-18 10:33:00+00:00,10,London,BUY,WIN,3.6224861586371846,1
ma_regime_switch,2026-02-18 11:21:00+00:00,11,London,BUY,LOSS,-3.4334115155208336,3
ma_regime_switch,2026-02-18 12:13:00+00:00,12,London,BUY,WIN,3.8312905882388124,6
ma_regime_switch,2026-02-18 13:37:00+00:00,13,NY,BUY,LOSS,-5.451212541480731,3
ma_regime_switch,2026-02-18 14:36:00+00:00,14,NY,BUY,LOSS,-6.872124529802636,26
ma_regime_switch,2026-02-18 17:03:00+00:00,17,NY,SELL,WIN,2.6027610716208303,5
ma_regime_switch,2026-02-18 17:39:00+00:00,17,NY,BUY,LOSS,-3.9235675271716444,1
ma_regime_switch,2026-02-18 18:30:00+00:00,18,NY,BUY,LOSS,-3.864197637905863,2
ma_regime_switch,2026-02-18 19:06:00+00:00,19,NY,BUY,WIN,16.93163292184563,11
ma_regime_switch,2026-02-18 22:12:00+00:00,22,Off,BUY,LOSS,-6.30033870703146,1
ma_regime_switch,2026-02-18 22:46:00+00:00,22,Off,BUY,LOSS,-7.156577647767381,21
ma_regime_switch,2026-02-19 06:04:00+00:00,6,Tokyo,BUY,LOSS,-4.2260998334247,2
ma_regime_switch,2026-02-19 11:52:00+00:00,11,London,SELL,LOSS,-4.304012408305357,5
ma_regime_switch,2026-02-19 14:00:00+00:00,14,NY,BUY,WIN,6.676293857436645,5
ma_regime_switch,2026-02-19 14:39:00+00:00,14,NY,BUY,LOSS,-5.826540773209831,4
ma_regime_switch,2026-02-19 15:14:00+00:00,15,NY,BUY,LOSS,-8.237815523300629,4
ma_regime_switch,2026-02-20 17:19:00+00:00,17,NY,SELL,LOSS,-6.141380635610449,1
ma_regime_switch,2026-02-20 18:51:00+00:00,18,NY,SELL,LOSS,-5.285633223990248,3
ma_regime_switch,2026-02-22 23:05:00+00:00,23,Off,SELL,WIN,9.071568568092925,9
ma_regime_switch,2026-02-23 00:30:00+00:00,0,Tokyo,SELL,WIN,7.129567407964555,7
ma_regime_switch,2026-02-23 01:09:00+00:00,1,Tokyo,SELL,LOSS,-5.215766069311644,8
ma_regime_switch,2026-02-23 02:03:00+00:00,2,Tokyo,SELL,WIN,6.283632305614174,8
ma_regime_switch,2026-02-23 04:41:00+00:00,4,Tokyo,SELL,WIN,4.081952142133628,15
ma_regime_switch,2026-02-23 08:48:00+00:00,8,London,SELL,LOSS,-3.174381037890316,2
ma_regime_switch,2026-02-23 10:15:00+00:00,10,London,BUY,LOSS,-3.920239216806908,5
ma_regime_switch,2026-02-23 11:12:00+00:00,11,London,BUY,LOSS,-3.5585336246346513,12
ma_regime_switch,2026-02-23 11:55:00+00:00,11,London,BUY,WIN,3.563361098816654,5
ma_regime_switch,2026-02-23 12:36:00+00:00,12,London,BUY,LOSS,-4.812568434495733,1
ma_regime_switch,2026-02-23 13:22:00+00:00,13,NY,BUY,LOSS,-4.413843620306056,8
ma_regime_switch,2026-02-23 21:54:00+00:00,21,Off,BUY,LOSS,-3.0477511480644806,2
ma_regime_switch,2026-02-24 02:07:00+00:00,2,Tokyo,BUY,WIN,6.099661748281005,8
ma_regime_switch,2026-02-24 04:47:00+00:00,4,Tokyo,BUY,LOSS,-3.777627504097313,5
ma_regime_switch,2026-02-24 06:00:00+00:00,6,Tokyo,BUY,LOSS,-3.9445320747224057,8
ma_regime_switch,2026-02-24 06:56:00+00:00,6,Tokyo,BUY,LOSS,-2.9602117170260724,1
ma_regime_switch,2026-02-24 07:29:00+00:00,7,London,BUY,LOSS,-7.926151309904571,4
ma_regime_switch,2026-02-24 08:37:00+00:00,8,London,BUY,LOSS,-7.39182129525675,3
ma_regime_switch,2026-02-24 09:23:00+00:00,9,London,BUY,LOSS,-4.692462631580429,1
ma_regime_switch,2026-02-24 10:37:00+00:00,10,London,BUY,WIN,5.041559579533851,5
ma_regime_switch,2026-02-24 11:24:00+00:00,11,London,BUY,LOSS,-4.518825028116157,6
ma_regime_switch,2026-02-24 12:05:00+00:00,12,London,BUY,LOSS,-4.452574109176498,3
ma_regime_switch,2026-02-24 12:44:00+00:00,12,London,BUY,WIN,4.962559059542127,4
ma_regime_switch,2026-02-24 13:19:00+00:00,13,NY,BUY,WIN,6.280292164349089,12
ma_regime_switch,2026-02-24 14:05:00+00:00,14,NY,BUY,WIN,5.706545400938535,5
ma_regime_switch,2026-02-24 14:42:00+00:00,14,NY,BUY,LOSS,-5.621759256950031,12
ma_regime_switch,2026-02-25 02:46:00+00:00,2,Tokyo,SELL,WIN,9.23612105130287,8
ma_regime_switch,2026-02-25 09:01:00+00:00,9,London,BUY,WIN,6.0461787541622245,5
ma_regime_switch,2026-02-25 09:38:00+00:00,9,London,BUY,WIN,14.904184592368619,17
ma_regime_switch,2026-02-25 12:11:00+00:00,12,London,BUY,LOSS,-4.229823793328523,1
ma_regime_switch,2026-02-25 13:00:00+00:00,13,NY,BUY,LOSS,-4.274736676699308,7
ma_regime_switch,2026-02-25 14:00:00+00:00,14,NY,BUY,LOSS,-4.465599517475471,2
ma_regime_switch,2026-02-25 14:34:00+00:00,14,NY,BUY,WIN,5.291027925293702,5
ma_regime_switch,2026-02-26 03:15:00+00:00,3,Tokyo,SELL,LOSS,-4.27872922131387,13
ma_regime_switch,2026-02-26 04:13:00+00:00,4,Tokyo,SELL,LOSS,-4.417390942045517,2
ma_regime_switch,2026-02-27 00:02:00+00:00,0,Tokyo,SELL,LOSS,-4.842395140470489,1
ma_regime_switch,2026-02-27 00:39:00+00:00,0,Tokyo,SELL,WIN,6.652194409745516,2
ma_regime_switch,2026-02-27 01:12:00+00:00,1,Tokyo,SELL,LOSS,-5.630630969070171,1
ma_regime_switch,2026-02-27 03:29:00+00:00,3,Tokyo,SELL,LOSS,-4.369488263485709,9
ma_regime_switch,2026-02-27 04:22:00+00:00,4,Tokyo,SELL,WIN,5.462856486861779,3
ma_regime_switch,2026-02-27 09:56:00+00:00,9,London,BUY,LOSS,-4.142625970486779,6
ma_regime_switch,2026-02-27 10:40:00+00:00,10,London,BUY,WIN,3.0412698101154776,11
ma_regime_switch,2026-02-27 14:06:00+00:00,14,NY,SELL,WIN,4.804441709678554,3
ma_regime_switch,2026-03-02 06:01:00+00:00,6,Tokyo,BUY,LOSS,-5.133157653806552,6
ma_regime_switch,2026-03-02 06:51:00+00:00,6,Tokyo,BUY,WIN,6.93458051624516,9
ma_regime_switch,2026-03-02 08:08:00+00:00,8,London,BUY,WIN,7.838428828905376,12
ma_regime_switch,2026-03-02 08:51:00+00:00,8,London,BUY,LOSS,-6.561305429095387,3
ma_regime_switch,2026-03-02 10:21:00+00:00,10,London,BUY,LOSS,-6.112453447882603,24
ma_regime_switch,2026-03-02 12:46:00+00:00,12,London,BUY,WIN,5.105014578343071,5
ma_regime_switch,2026-03-02 13:30:00+00:00,13,NY,BUY,WIN,5.1046042648191134,13
ma_regime_switch,2026-03-02 14:17:00+00:00,14,NY,BUY,LOSS,-5.799036740630913,1
ma_regime_switch,2026-03-02 15:15:00+00:00,15,NY,BUY,LOSS,-5.859577744040666,74
ma_regime_switch,2026-03-03 11:53:00+00:00,11,London,BUY,LOSS,-8.30185058721229,6
ma_regime_switch,2026-03-04 10:00:00+00:00,10,London,SELL,LOSS,-5.6819194220868665,2
ma_regime_switch,2026-03-04 11:45:00+00:00,11,London,SELL,LOSS,-5.6665970059062145,11
ma_regime_switch,2026-03-04 12:27:00+00:00,12,London,SELL,LOSS,-6.265785525180422,28
ma_regime_switch,2026-03-04 13:26:00+00:00,13,NY,SELL,WIN,8.042872031482329,14
ma_regime_switch,2026-03-05 01:09:00+00:00,1,Tokyo,SELL,WIN,6.004962127515069,10
ma_regime_switch,2026-03-05 02:40:00+00:00,2,Tokyo,SELL,LOSS,-4.666844481072462,7
ma_regime_switch,2026-03-06 05:42:00+00:00,5,Tokyo,BUY,LOSS,-3.630408827256292,1
ma_regime_switch,2026-03-06 12:21:00+00:00,12,London,BUY,WIN,3.595224748685678,1
ma_regime_switch,2026-03-06 13:09:00+00:00,13,NY,BUY,LOSS,-4.94737666356757,5
ma_regime_switch,2026-03-09 00:04:00+00:00,0,Tokyo,BUY,LOSS,-6.457207716669177,9
ma_regime_switch,2026-03-09 00:51:00+00:00,0,Tokyo,SELL,LOSS,-4.628542937284851,2
ma_regime_switch,2026-03-09 02:13:00+00:00,2,Tokyo,BUY,LOSS,-4.8824662398762255,27
ma_regime_switch,2026-03-09 04:19:00+00:00,4,Tokyo,BUY,LOSS,-3.748258050682284,8
ma_regime_switch,2026-03-09 05:07:00+00:00,5,Tokyo,BUY,LOSS,-4.401547727186016,3
ma_regime_switch,2026-03-09 19:45:00+00:00,19,NY,SELL,LOSS,-8.471092468618213,13
ma_regime_switch,2026-03-09 21:33:00+00:00,21,Off,SELL,WIN,8.155132315952596,22
ma_regime_switch,2026-03-09 22:31:00+00:00,22,Off,SELL,LOSS,-6.204482711131209,1
ma_regime_switch,2026-03-10 00:15:00+00:00,0,Tokyo,SELL,WIN,5.614750584107765,2
ma_regime_switch,2026-03-10 00:50:00+00:00,0,Tokyo,SELL,LOSS,-6.159707449730422,4
ma_regime_switch,2026-03-10 02:17:00+00:00,2,Tokyo,SELL,LOSS,-4.759127822611208,19
ma_regime_switch,2026-03-10 08:09:00+00:00,8,London,SELL,LOSS,-5.260571453148532,8
ma_regime_switch,2026-03-10 12:38:00+00:00,12,London,BUY,LOSS,-5.141358220341362,7
ma_regime_switch,2026-03-10 19:41:00+00:00,19,NY,BUY,LOSS,-5.805403522969232,1
ma_regime_switch,2026-03-10 21:17:00+00:00,21,Off,BUY,LOSS,-4.441645415402195,1
ma_regime_switch,2026-03-10 23:07:00+00:00,23,Off,BUY,LOSS,-2.766522756279687,3
ma_regime_switch,2026-03-10 23:56:00+00:00,23,Off,BUY,LOSS,-3.639746736589177,2
ma_regime_switch,2026-03-11 01:19:00+00:00,1,Tokyo,BUY,WIN,4.2831096317722315,5
ma_regime_switch,2026-03-11 02:52:00+00:00,2,Tokyo,BUY,LOSS,-4.423378238631858,39
ma_regime_switch,2026-03-11 09:15:00+00:00,9,London,BUY,LOSS,-4.8424074078970305,2
ma_regime_switch,2026-03-11 15:05:00+00:00,15,NY,SELL,LOSS,-3.983657399441131,6
ma_regime_switch,2026-03-11 17:37:00+00:00,17,NY,BUY,LOSS,-4.278832436556445,2
ma_regime_switch,2026-03-11 19:57:00+00:00,19,NY,BUY,LOSS,-2.8250800005499057,13
ma_regime_switch,2026-03-11 21:26:00+00:00,21,Off,BUY,LOSS,-3.420143405417252,1
ma_regime_switch,2026-03-11 21:59:00+00:00,21,Off,BUY,WIN,11.893992264752296,34
ma_regime_switch,2026-03-11 23:18:00+00:00,23,Off,BUY,LOSS,-3.4888266215024712,18
ma_regime_switch,2026-03-12 00:07:00+00:00,0,Tokyo,BUY,LOSS,-4.226088860760501,5
ma_regime_switch,2026-03-12 00:59:00+00:00,0,Tokyo,BUY,LOSS,-4.604264563837023,1
ma_regime_switch,2026-03-12 02:36:00+00:00,2,Tokyo,BUY,LOSS,-4.145218173276976,1
ma_regime_switch,2026-03-12 11:04:00+00:00,11,London,SELL,LOSS,-4.042527199947176,3
ma_regime_switch,2026-03-12 11:53:00+00:00,11,London,SELL,LOSS,-4.130380564847246,1
ma_regime_switch,2026-03-12 14:37:00+00:00,14,NY,SELL,LOSS,-2.6395836185334245,4
ma_regime_switch,2026-03-12 19:41:00+00:00,19,NY,BUY,WIN,2.911105299936435,10
ma_regime_switch,2026-03-13 04:47:00+00:00,4,Tokyo,BUY,LOSS,-6.189103979737797,5
ma_regime_switch,2026-03-13 13:46:00+00:00,13,NY,SELL,WIN,6.354726030844927,9
ma_regime_switch,2026-03-13 14:41:00+00:00,14,NY,SELL,LOSS,-7.058310287626045,16
ma_regime_switch,2026-03-16 10:15:00+00:00,10,London,SELL,WIN,3.5992872928555473,7
ma_regime_switch,2026-03-16 11:32:00+00:00,11,London,SELL,WIN,3.444120898925985,4
ma_regime_switch,2026-03-16 12:10:00+00:00,12,London,SELL,LOSS,-4.251307782412982,11
ma_regime_switch,2026-03-16 13:44:00+00:00,13,NY,SELL,WIN,5.202351081437496,9
ma_regime_switch,2026-03-16 14:26:00+00:00,14,NY,SELL,LOSS,-4.835425887803967,4
ma_regime_switch,2026-03-16 19:32:00+00:00,19,NY,SELL,LOSS,-3.6856005151425277,1
ma_regime_switch,2026-03-17 15:49:00+00:00,15,NY,SELL,WIN,4.299576361604363,4
ma_regime_switch,2026-03-18 00:35:00+00:00,0,Tokyo,SELL,LOSS,-4.122300276488477,3
ma_regime_switch,2026-03-18 03:05:00+00:00,3,Tokyo,SELL,LOSS,-3.158120845494227,4
ma_regime_switch,2026-03-18 05:01:00+00:00,5,Tokyo,SELL,WIN,3.034458047452927,5
ma_regime_switch,2026-03-18 06:04:00+00:00,6,Tokyo,SELL,WIN,3.396611239530057,9
ma_regime_switch,2026-03-18 07:02:00+00:00,7,London,SELL,LOSS,-3.6598563434684364,2
ma_regime_switch,2026-03-18 07:47:00+00:00,7,London,SELL,WIN,4.1709939082617895,7
ma_regime_switch,2026-03-18 15:22:00+00:00,15,NY,BUY,LOSS,-4.384997633586795,1
ma_regime_switch,2026-03-18 17:48:00+00:00,17,NY,BUY,WIN,3.357425670916837,2
ma_regime_switch,2026-03-18 18:37:00+00:00,18,NY,BUY,WIN,8.69899668618741,9
ma_regime_switch,2026-03-18 21:05:00+00:00,21,Off,BUY,LOSS,-4.833875509000495,2
ma_regime_switch,2026-03-19 08:03:00+00:00,8,London,SELL,WIN,10.488873613716532,9
ma_regime_switch,2026-03-19 09:28:00+00:00,9,London,SELL,WIN,10.030867720974879,4
ma_regime_switch,2026-03-19 12:18:00+00:00,12,London,SELL,LOSS,-5.143438896316343,1
ma_regime_switch,2026-03-19 12:50:00+00:00,12,London,SELL,WIN,10.168328855699382,28
ma_regime_switch,2026-03-19 13:50:00+00:00,13,NY,SELL,LOSS,-9.060300018037015,1
ma_regime_switch,2026-03-19 15:56:00+00:00,15,NY,SELL,LOSS,-8.305399559184412,1
ma_regime_switch,2026-03-19 18:23:00+00:00,18,NY,SELL,LOSS,-4.6591592358727665,13
ma_regime_switch,2026-03-19 19:15:00+00:00,19,NY,SELL,LOSS,-7.280540715620009,8
ma_regime_switch,2026-03-19 21:19:00+00:00,21,Off,SELL,WIN,11.007136480396706,2
ma_regime_switch,2026-03-20 01:00:00+00:00,1,Tokyo,SELL,LOSS,-4.288571224212933,1
ma_regime_switch,2026-03-20 04:24:00+00:00,4,Tokyo,BUY,WIN,3.089970349052874,13
ma_regime_switch,2026-03-20 06:08:00+00:00,6,Tokyo,BUY,LOSS,-3.1960938258738905,1
ma_regime_switch,2026-03-20 06:44:00+00:00,6,Tokyo,BUY,WIN,3.645690523044732,16
ma_regime_switch,2026-03-20 09:25:00+00:00,9,London,BUY,LOSS,-1.7196720481156718,1
ma_regime_switch,2026-03-20 10:18:00+00:00,10,London,BUY,LOSS,-4.231873492010595,8
ma_regime_switch,2026-03-20 11:45:00+00:00,11,London,BUY,WIN,5.007343032276435,5
ma_regime_switch,2026-03-20 13:51:00+00:00,13,NY,BUY,LOSS,-5.053067042125735,1
ma_regime_switch,2026-03-20 15:02:00+00:00,15,NY,BUY,LOSS,-5.1744649565127245,3
ma_regime_switch,2026-03-20 15:53:00+00:00,15,NY,BUY,WIN,6.747998886059304,3
ma_regime_switch,2026-03-20 17:24:00+00:00,17,NY,BUY,LOSS,-4.999460168251789,6
ma_regime_switch,2026-03-20 19:45:00+00:00,19,NY,BUY,WIN,4.51918425097615,23
ma_regime_switch,2026-03-23 00:30:00+00:00,0,Tokyo,BUY,WIN,5.68138446954647,3
ma_regime_switch,2026-03-23 01:09:00+00:00,1,Tokyo,BUY,WIN,6.7793237523782865,3
ma_regime_switch,2026-03-23 02:31:00+00:00,2,Tokyo,BUY,LOSS,-5.0919878419667155,5
ma_regime_switch,2026-03-23 03:41:00+00:00,3,Tokyo,BUY,LOSS,-3.822661407834448,1
ma_regime_switch,2026-03-23 11:30:00+00:00,11,London,SELL,LOSS,-15.617265921715262,17
ma_regime_switch,2026-03-23 13:42:00+00:00,13,NY,SELL,LOSS,-9.390439774607717,1
ma_regime_switch,2026-03-23 14:15:00+00:00,14,NY,SELL,WIN,10.996484813629603,3
ma_regime_switch,2026-03-23 15:22:00+00:00,15,NY,SELL,LOSS,-8.023499565884595,4
ma_regime_switch,2026-03-23 17:08:00+00:00,17,NY,SELL,LOSS,-6.585702670252135,12
ma_regime_switch,2026-03-23 18:15:00+00:00,18,NY,SELL,LOSS,-6.797684124594116,1
ma_regime_switch,2026-03-23 23:25:00+00:00,23,Off,SELL,LOSS,-3.845223029349131,3
ma_regime_switch,2026-03-24 17:58:00+00:00,17,NY,BUY,LOSS,-6.853996537855255,2
ma_regime_switch,2026-03-25 00:08:00+00:00,0,Tokyo,SELL,LOSS,-5.039305310466079,6
ma_regime_switch,2026-03-25 00:53:00+00:00,0,Tokyo,SELL,WIN,6.236921943677044,1
ma_regime_switch,2026-03-25 02:44:00+00:00,2,Tokyo,SELL,LOSS,-2.164223806027098,17
ma_regime_switch,2026-03-25 07:33:00+00:00,7,London,BUY,WIN,4.097877185015887,2
ma_regime_switch,2026-03-25 08:13:00+00:00,8,London,BUY,LOSS,-5.869881772348594,2
ma_regime_switch,2026-03-25 17:54:00+00:00,17,NY,BUY,LOSS,-3.7854958942109986,4
ma_regime_switch,2026-03-25 18:55:00+00:00,18,NY,BUY,LOSS,-3.1906722676287016,1
ma_regime_switch,2026-03-25 21:11:00+00:00,21,Off,BUY,LOSS,-8.492765493987964,1
ma_regime_switch,2026-03-26 07:56:00+00:00,7,London,SELL,LOSS,-2.2673831839076,3
ma_regime_switch,2026-03-26 21:24:00+00:00,21,Off,BUY,LOSS,-10.824988571470318,9
ma_regime_switch,2026-03-27 02:13:00+00:00,2,Tokyo,SELL,LOSS,-3.6447339733958186,3
ma_regime_switch,2026-03-27 07:40:00+00:00,7,London,BUY,LOSS,-3.6703109638854583,6
ma_regime_switch,2026-03-27 09:24:00+00:00,9,London,BUY,LOSS,-4.885572008810345,1
ma_regime_switch,2026-03-27 18:21:00+00:00,18,NY,BUY,LOSS,-3.9211618737756906,3
ma_regime_switch,2026-03-27 19:11:00+00:00,19,NY,BUY,LOSS,-2.6543838623969576,2
ma_regime_switch,2026-03-27 20:04:00+00:00,20,NY,BUY,WIN,5.106242893235003,4
ma_regime_switch,2026-03-27 20:50:00+00:00,20,NY,BUY,LOSS,-3.8665984272644662,6
ma_regime_switch,2026-03-30 02:31:00+00:00,2,Tokyo,SELL,WIN,4.28548972867402,9
ma_regime_switch,2026-03-30 03:49:00+00:00,3,Tokyo,SELL,WIN,3.3329226493246553,12
ma_regime_switch,2026-03-30 05:16:00+00:00,5,Tokyo,SELL,LOSS,-3.6413274104849505,9
ma_regime_switch,2026-03-30 06:30:00+00:00,6,Tokyo,SELL,LOSS,-3.8535901701455257,6
ma_regime_switch,2026-03-30 07:24:00+00:00,7,London,SELL,LOSS,-4.197516677011936,2
ma_regime_switch,2026-03-30 08:57:00+00:00,8,London,SELL,WIN,4.886249723541437,7
ma_regime_switch,2026-03-30 09:36:00+00:00,9,London,SELL,LOSS,-4.394700964677599,2
ma_regime_switch,2026-03-30 11:06:00+00:00,11,London,SELL,WIN,3.8465775458500504,14
ma_regime_switch,2026-03-30 13:10:00+00:00,13,NY,SELL,LOSS,-4.900874522549702,24
ma_regime_switch,2026-03-30 14:06:00+00:00,14,NY,SELL,WIN,4.697537121630103,8
ma_regime_switch,2026-03-30 15:37:00+00:00,15,NY,SELL,WIN,4.780199403567576,5
ma_regime_switch,2026-03-31 05:02:00+00:00,5,Tokyo,SELL,LOSS,-2.9555925942578822,1
ma_regime_switch,2026-03-31 06:05:00+00:00,6,Tokyo,SELL,LOSS,-3.6352929746432663,7
ma_regime_switch,2026-03-31 06:44:00+00:00,6,Tokyo,SELL,LOSS,-3.7608227413461917,3
ma_regime_switch,2026-03-31 08:02:00+00:00,8,London,SELL,WIN,4.657359209785295,47
ma_regime_switch,2026-03-31 09:22:00+00:00,9,London,SELL,LOSS,-3.570218643723865,6
ma_regime_switch,2026-03-31 11:37:00+00:00,11,London,SELL,WIN,5.793345384521854,4
ma_regime_switch,2026-03-31 12:12:00+00:00,12,London,SELL,WIN,7.01335287530851,7
ma_regime_switch,2026-03-31 13:21:00+00:00,13,NY,SELL,LOSS,-5.135762854120162,4
ma_regime_switch,2026-03-31 14:40:00+00:00,14,NY,SELL,WIN,10.209747857346496,17
ma_regime_switch,2026-03-31 16:39:00+00:00,16,NY,SELL,WIN,7.570574031141587,1
ma_regime_switch,2026-03-31 19:10:00+00:00,19,NY,SELL,WIN,5.286371710154026,20
ma_regime_switch,2026-03-31 20:55:00+00:00,20,NY,SELL,LOSS,-3.3247021969022397,1
ma_regime_switch,2026-03-31 21:27:00+00:00,21,Off,SELL,WIN,10.094095682238002,6
ma_regime_switch,2026-03-31 23:24:00+00:00,23,Off,SELL,WIN,4.122597882574564,3
ma_regime_switch,2026-03-31 23:58:00+00:00,23,Off,SELL,LOSS,-3.6707107908559236,2
ma_regime_switch,2026-04-01 00:49:00+00:00,0,Tokyo,SELL,LOSS,-4.0302014534337784,3
ma_regime_switch,2026-04-01 07:04:00+00:00,7,London,SELL,LOSS,-5.882976987785059,2
ma_regime_switch,2026-04-01 07:52:00+00:00,7,London,SELL,LOSS,-8.262503134692611,3
ma_regime_switch,2026-04-01 15:04:00+00:00,15,NY,BUY,WIN,5.494116792903992,6
ma_regime_switch,2026-04-02 05:36:00+00:00,5,Tokyo,BUY,LOSS,-3.5585953237689862,7
ma_regime_switch,2026-04-02 06:15:00+00:00,6,Tokyo,BUY,LOSS,-3.8592369079357693,3
ma_regime_switch,2026-04-02 06:56:00+00:00,6,Tokyo,BUY,LOSS,-3.9778882194856804,1
ma_regime_switch,2026-04-02 07:29:00+00:00,7,London,BUY,LOSS,-5.501140163754758,1
ma_regime_switch,2026-04-02 10:04:00+00:00,10,London,BUY,WIN,3.453284833600901,2
ma_regime_switch,2026-04-02 11:13:00+00:00,11,London,BUY,LOSS,-3.398872970534671,8
ma_regime_switch,2026-04-02 12:05:00+00:00,12,London,BUY,LOSS,-3.4626414501663474,1
ma_regime_switch,2026-04-02 13:23:00+00:00,13,NY,BUY,LOSS,-4.077316802018504,5
ma_regime_switch,2026-04-02 18:06:00+00:00,18,NY,BUY,WIN,2.9401307395640517,19
ma_regime_switch,2026-04-02 18:56:00+00:00,18,NY,BUY,LOSS,-3.2252278688379645,5
ma_regime_switch,2026-04-02 19:33:00+00:00,19,NY,BUY,LOSS,-3.579081628955282,4
ma_regime_switch,2026-04-02 20:57:00+00:00,20,NY,BUY,LOSS,-4.916340505157723,1
ma_regime_switch,2026-04-03 16:00:00+00:00,16,NY,BUY,LOSS,-3.1437571513369447,1
ma_regime_switch,2026-04-06 09:32:00+00:00,9,London,SELL,LOSS,-3.4926182749974712,22
ma_regime_switch,2026-04-07 00:02:00+00:00,0,Tokyo,BUY,LOSS,-2.9417897237967052,1
ma_regime_switch,2026-04-07 02:12:00+00:00,2,Tokyo,BUY,LOSS,-3.26074905197986,4
ma_regime_switch,2026-04-07 20:43:00+00:00,20,NY,SELL,LOSS,-4.4602061753939095,3
ma_regime_switch,2026-04-07 21:38:00+00:00,21,Off,SELL,WIN,19.56172724179721,25
ma_regime_switch,2026-04-07 23:02:00+00:00,23,Off,SELL,WIN,10.999046880324226,12
ma_regime_switch,2026-04-08 00:10:00+00:00,0,Tokyo,SELL,LOSS,-7.502543345690515,5
ma_regime_switch,2026-04-08 01:46:00+00:00,1,Tokyo,BUY,WIN,4.6295094438998605,2
ma_regime_switch,2026-04-08 04:00:00+00:00,4,Tokyo,SELL,WIN,4.559235230693571,16
ma_regime_switch,2026-04-08 05:09:00+00:00,5,Tokyo,SELL,LOSS,-3.606658334057488,2
ma_regime_switch,2026-04-08 05:50:00+00:00,5,Tokyo,SELL,LOSS,-4.745470541157192,6
ma_regime_switch,2026-04-08 06:29:00+00:00,6,Tokyo,SELL,LOSS,-4.606490370706683,19
ma_regime_switch,2026-04-08 07:19:00+00:00,7,London,SELL,WIN,5.279681631368317,7
ma_regime_switch,2026-04-08 11:40:00+00:00,11,London,SELL,WIN,5.422241655433436,7
ma_regime_switch,2026-04-08 12:26:00+00:00,12,London,SELL,WIN,8.47142304216204,4
ma_regime_switch,2026-04-08 13:01:00+00:00,13,NY,SELL,LOSS,-5.708708357029923,9
ma_regime_switch,2026-04-08 13:41:00+00:00,13,NY,SELL,WIN,7.025251175563608,6
ma_regime_switch,2026-04-08 16:48:00+00:00,16,NY,SELL,WIN,2.441803852756675,1
ma_regime_switch,2026-04-09 01:58:00+00:00,1,Tokyo,BUY,WIN,3.521865290233973,7
ma_regime_switch,2026-04-09 06:09:00+00:00,6,Tokyo,BUY,WIN,2.585751072681842,1
ma_regime_switch,2026-04-09 06:44:00+00:00,6,Tokyo,BUY,LOSS,-3.8334498619225768,6
ma_regime_switch,2026-04-09 07:29:00+00:00,7,London,BUY,WIN,4.319687387863792,2
ma_regime_switch,2026-04-09 08:16:00+00:00,8,London,BUY,LOSS,-3.926531519302489,4
ma_regime_switch,2026-04-09 09:00:00+00:00,9,London,BUY,LOSS,-3.8183688035748444,4
ma_regime_switch,2026-04-09 11:12:00+00:00,11,London,BUY,LOSS,-3.2449297233815058,3
ma_regime_switch,2026-04-09 12:15:00+00:00,12,London,BUY,WIN,3.4684644567287934,5
ma_regime_switch,2026-04-09 13:00:00+00:00,13,NY,BUY,LOSS,-4.182344158512751,2
ma_regime_switch,2026-04-09 15:01:00+00:00,15,NY,BUY,WIN,3.9843993582176838,3
ma_regime_switch,2026-04-09 15:38:00+00:00,15,NY,BUY,LOSS,-6.289513725632378,2
ma_regime_switch,2026-04-09 16:11:00+00:00,16,NY,SELL,LOSS,0.28316931353442665,1
ma_regime_switch,2026-04-09 18:05:00+00:00,18,NY,SELL,LOSS,-4.617241775797697,3
ma_regime_switch,2026-04-10 01:00:00+00:00,1,Tokyo,BUY,LOSS,-4.214978469987773,23
ma_regime_switch,2026-04-10 14:47:00+00:00,14,NY,SELL,LOSS,-4.678469434195608,8
ma_regime_switch,2026-04-12 23:48:00+00:00,23,Off,BUY,WIN,3.571956632269303,8
ma_regime_switch,2026-04-13 01:11:00+00:00,1,Tokyo,BUY,LOSS,-3.9829083182032035,3
ma_regime_switch,2026-04-13 18:28:00+00:00,18,NY,SELL,WIN,3.0193134279282505,3
ma_regime_switch,2026-04-13 19:05:00+00:00,19,NY,SELL,LOSS,-3.962338408358778,8
ma_regime_switch,2026-04-13 21:33:00+00:00,21,Off,SELL,LOSS,-7.596784307039161,10
ma_regime_switch,2026-04-14 00:07:00+00:00,0,Tokyo,SELL,WIN,3.5682229232899774,6
ma_regime_switch,2026-04-14 00:53:00+00:00,0,Tokyo,SELL,LOSS,-3.9017570586413965,2
ma_regime_switch,2026-04-14 03:03:00+00:00,3,Tokyo,SELL,LOSS,-3.133704984448559,3
ma_regime_switch,2026-04-14 03:41:00+00:00,3,Tokyo,SELL,LOSS,-3.249434129013639,2
ma_regime_switch,2026-04-14 04:46:00+00:00,4,Tokyo,SELL,WIN,2.7937302352152757,18
ma_regime_switch,2026-04-14 05:38:00+00:00,5,Tokyo,SELL,WIN,3.0359859533272813,8
ma_regime_switch,2026-04-14 07:02:00+00:00,7,London,SELL,WIN,5.414995866173467,2
ma_regime_switch,2026-04-14 08:37:00+00:00,8,London,SELL,WIN,4.527501627894549,10
ma_regime_switch,2026-04-14 09:18:00+00:00,9,London,SELL,LOSS,-5.5747350319724545,11
ma_regime_switch,2026-04-14 10:13:00+00:00,10,London,SELL,WIN,4.570789380168617,21
ma_regime_switch,2026-04-14 12:10:00+00:00,12,London,SELL,WIN,5.485220961845539,16
ma_regime_switch,2026-04-14 13:34:00+00:00,13,NY,SELL,LOSS,-4.599475259165774,25
ma_regime_switch,2026-04-14 15:07:00+00:00,15,NY,SELL,LOSS,-4.607359607645821,8
bb_rsi_ema_aligned,2026-01-15 09:16:00+00:00,9,London,BUY,LOSS,-10.198031414758635,19
bb_rsi_ema_aligned,2026-01-20 13:34:00+00:00,13,NY,BUY,LOSS,-7.593517355959011,1
bb_rsi_ema_aligned,2026-01-20 19:42:00+00:00,19,NY,SELL,LOSS,-3.6640145060109033,6
bb_rsi_ema_aligned,2026-01-21 14:05:00+00:00,14,NY,SELL,LOSS,-5.7381807485701755,1
bb_rsi_ema_aligned,2026-01-22 23:50:00+00:00,23,Off,SELL,LOSS,-3.7775984377778284,1
bb_rsi_ema_aligned,2026-01-23 03:08:00+00:00,3,Tokyo,SELL,WIN,10.029999999998562,1
bb_rsi_ema_aligned,2026-01-26 04:15:00+00:00,4,Tokyo,BUY,WIN,27.864999999995188,105
bb_rsi_ema_aligned,2026-01-27 10:43:00+00:00,10,London,BUY,LOSS,-13.587629517097799,92
bb_rsi_ema_aligned,2026-02-04 13:16:00+00:00,13,NY,BUY,WIN,8.005000000000972,1
bb_rsi_ema_aligned,2026-02-08 23:32:00+00:00,23,Off,BUY,LOSS,-8.312137225421612,17
bb_rsi_ema_aligned,2026-02-10 13:30:00+00:00,13,NY,BUY,LOSS,-5.845456811501481,1
bb_rsi_ema_aligned,2026-02-11 00:03:00+00:00,0,Tokyo,BUY,LOSS,-3.0547088308982664,1
bb_rsi_ema_aligned,2026-02-11 13:31:00+00:00,13,NY,SELL,LOSS,-31.36774306141108,2
bb_rsi_ema_aligned,2026-02-12 04:28:00+00:00,4,Tokyo,SELL,LOSS,-8.085925983899234,15
bb_rsi_ema_aligned,2026-02-12 06:17:00+00:00,6,Tokyo,SELL,LOSS,-12.505862712125282,2
bb_rsi_ema_aligned,2026-02-13 03:22:00+00:00,3,Tokyo,BUY,LOSS,-5.9569833522620455,8
bb_rsi_ema_aligned,2026-02-16 13:34:00+00:00,13,NY,BUY,LOSS,-5.106266399029823,30
bb_rsi_ema_aligned,2026-02-17 04:25:00+00:00,4,Tokyo,BUY,LOSS,-4.598578623619164,4
bb_rsi_ema_aligned,2026-02-17 23:50:00+00:00,23,Off,BUY,LOSS,-4.910757223747896,9
bb_rsi_ema_aligned,2026-02-18 17:39:00+00:00,17,NY,SELL,LOSS,-5.5445876329135215,31
bb_rsi_ema_aligned,2026-02-18 19:03:00+00:00,19,NY,BUY,LOSS,-2.6646941965840822,1
bb_rsi_ema_aligned,2026-02-20 00:52:00+00:00,0,Tokyo,BUY,WIN,17.74500000000314,29
bb_rsi_ema_aligned,2026-02-24 07:06:00+00:00,7,London,SELL,LOSS,-13.54490215915023,5
bb_rsi_ema_aligned,2026-02-25 02:35:00+00:00,2,Tokyo,BUY,WIN,15.844999999999754,8
bb_rsi_ema_aligned,2026-02-25 18:59:00+00:00,18,NY,SELL,LOSS,-3.1003776004230756,18
bb_rsi_ema_aligned,2026-02-26 01:48:00+00:00,1,Tokyo,BUY,LOSS,-14.805780496518128,18
bb_rsi_ema_aligned,2026-03-02 22:39:00+00:00,22,Off,BUY,WIN,7.510000000003015,6
bb_rsi_ema_aligned,2026-03-09 04:32:00+00:00,4,Tokyo,BUY,LOSS,-6.7196257203581125,1
bb_rsi_ema_aligned,2026-03-12 05:03:00+00:00,5,Tokyo,BUY,LOSS,-2.461732520113901,1
bb_rsi_ema_aligned,2026-03-25 00:02:00+00:00,0,Tokyo,BUY,WIN,4.630000000001201,1
bb_rsi_ema_aligned,2026-03-25 00:54:00+00:00,0,Tokyo,BUY,LOSS,-3.2233628939754224,1
bb_rsi_ema_aligned,2026-03-26 20:12:00+00:00,20,NY,BUY,WIN,25.339999999998053,47
bb_rsi_ema_aligned,2026-03-27 00:49:00+00:00,0,Tokyo,BUY,LOSS,-4.840041189858812,4
bb_rsi_ema_aligned,2026-03-31 00:46:00+00:00,0,Tokyo,BUY,WIN,13.739999999999508,10
bb_rsi_ema_aligned,2026-04-03 12:30:00+00:00,12,London,SELL,LOSS,-0.8220719848329054,1
bb_rsi_ema_aligned,2026-04-07 08:02:00+00:00,8,London,BUY,LOSS,-1.491875589527058,1
bb_rsi_ema_aligned,2026-04-07 19:20:00+00:00,19,NY,BUY,LOSS,-8.320904934443707,25
bb_rsi_ema_aligned,2026-04-10 06:35:00+00:00,6,Tokyo,BUY,WIN,6.729999999994175,26
bb_rsi_ema_aligned,2026-04-13 21:25:00+00:00,21,Off,BUY,LOSS,-4.099867117320332,1
bb_rsi_ema_aligned,2026-04-14 09:10:00+00:00,9,London,BUY,LOSS,-1.9549335299548602,1
