date,open,high,low,close,volume,n_bars
2024-02-18,109.797,109.828,109.719,109.766,13812,1
2024-02-19,109.75,109.844,109.75,109.797,32955,5
2024-02-20,109.734,110.156,109.688,109.906,1392673,18
2024-02-21,109.891,110.125,109.562,109.609,2091205,23
2024-02-22,109.609,109.75,109.312,109.516,4185342,23
2024-02-23,109.531,109.969,109.281,109.922,4134828,22
2024-02-25,109.828,109.875,109.812,109.859,19894,1
2024-02-26,109.859,110.125,109.5,109.688,5123696,23
2024-02-27,109.688,109.875,109.469,109.562,2369289,23
2024-02-28,109.578,110.438,109.578,110.391,2270218,23
2024-02-29,110.406,110.656,109.5,110.438,2676619,23
2024-03-01,110.453,111.062,109.672,111.031,2907442,22
2024-03-03,111.016,111.031,110.922,110.938,13057,1
2024-03-04,110.938,110.969,110.656,110.75,1248851,23
2024-03-05,110.75,111.469,110.734,111.203,1792580,23
2024-03-06,111.203,111.719,111.078,111.484,2099536,23
2024-03-07,111.484,111.844,111.344,111.656,1748531,23
2024-03-08,111.641,112.141,111.25,111.812,2004025,22
2024-03-10,111.781,111.797,111.719,111.766,14762,2
2024-03-11,111.781,111.953,111.516,111.641,1248273,23
2024-03-12,111.641,111.75,111.078,111.234,1971759,23
2024-03-13,111.219,111.328,110.891,110.922,1320337,23
2024-03-14,110.922,110.953,110.188,110.234,2089008,23
2024-03-15,110.219,110.344,109.969,110.062,1522056,21
2024-03-17,110.031,110.062,109.969,110.062,17879,2
2024-03-18,110.047,110.172,109.766,109.891,1093492,23
2024-03-19,109.906,110.25,109.844,110.141,1293344,23
2024-03-20,110.156,110.688,110.047,110.453,1678326,23
2024-03-21,110.469,110.828,110.266,110.438,1570726,23
2024-03-22,110.438,110.875,110.406,110.875,1195002,21
2024-03-24,110.859,110.938,110.844,110.891,28468,2
2024-03-25,110.875,110.938,110.469,110.578,985707,23
2024-03-26,110.578,110.734,110.359,110.594,1171266,23
2024-03-27,110.609,110.984,110.562,110.781,1369163,23
2024-03-28,110.781,110.891,110.547,110.719,1689631,21
2024-03-31,110.797,110.891,110.766,110.828,25891,2
2024-04-01,110.844,110.906,109.859,110.078,1259459,23
2024-04-02,110.062,110.094,109.453,109.766,2010176,23
2024-04-03,109.781,109.922,109.297,109.875,2135309,23
2024-04-04,109.891,110.188,109.625,110.125,1981408,23
2024-04-05,110.125,110.141,109.453,109.453,2220388,21
2024-04-07,109.406,109.422,109.25,109.391,38680,2
2024-04-08,109.406,109.422,109.062,109.25,1702101,23
2024-04-09,109.25,109.719,109.203,109.641,1556654,23
2024-04-10,109.656,109.828,108.172,108.297,3332755,23
2024-04-11,108.297,108.516,107.859,108.078,2762870,23
2024-04-12,108.094,108.797,108.078,108.516,2343634,21
2024-04-14,108.672,108.688,108.375,108.484,85663,2
2024-04-15,108.484,108.578,107.578,107.969,3005289,23
2024-04-16,107.969,108.125,107.422,107.547,2675984,23
2024-04-17,107.547,108.25,107.484,108.125,2193099,23
2024-04-18,108.125,108.328,107.641,107.844,2016475,23
2024-04-19,107.828,108.703,107.766,107.844,2115731,21
2024-04-21,107.688,107.797,107.625,107.766,39319,2
2024-04-22,107.766,107.969,107.547,107.906,1241004,23
2024-04-23,107.891,108.25,107.641,108.047,1879069,23
2024-04-24,108.062,108.062,107.625,107.812,1915068,23
2024-04-25,107.812,108.031,107.125,107.328,2384047,23
2024-04-26,107.312,107.859,107.281,107.578,1677544,21
2024-04-28,107.578,107.734,107.578,107.719,15190,2
2024-04-29,107.703,107.984,107.578,107.938,1463944,23
2024-04-30,107.953,108.016,107.391,107.438,2325019,23
2024-05-01,107.438,108.203,107.391,107.859,1997668,23
2024-05-02,107.859,108.375,107.781,108.25,1848529,23
2024-05-03,108.25,109.297,108.188,108.75,2753608,21
2024-05-05,108.781,108.812,108.719,108.719,18566,2
2024-05-06,108.719,109.047,108.719,108.828,1111026,23
2024-05-07,108.828,109.281,108.812,109.031,1535834,23
2024-05-08,109.047,109.094,108.75,108.781,1423760,23
2024-05-09,108.781,109.109,108.609,108.984,1685866,23
2024-05-10,108.984,109.109,108.672,108.719,1373500,21
2024-05-12,108.734,108.781,108.719,108.781,11964,2
2024-05-13,108.781,109,108.734,108.797,1150095,23
2024-05-14,108.797,109.109,108.469,109.047,1695550,23
2024-05-15,109.031,109.844,109.031,109.812,2475149,23
2024-05-16,109.812,109.984,109.438,109.531,1708079,23
2024-05-17,109.531,109.578,109.156,109.156,1205670,21
2024-05-19,109.172,109.234,109.172,109.219,11972,2
2024-05-20,109.203,109.281,108.953,109.016,1033474,23
2024-05-21,109.031,109.328,108.984,109.219,1412763,23
2024-05-22,109.219,109.25,108.891,109.062,1990840,23
2024-05-23,109.078,109.188,108.547,108.719,3784368,23
2024-05-24,108.703,108.797,108.5,108.781,3423279,21
2024-05-26,108.781,108.812,108.766,108.812,20133,2
2024-05-27,108.812,108.844,108.781,108.797,39623,4
2024-05-28,108.766,108.906,108.203,108.25,4076571,19
2024-05-29,108.25,108.266,107.672,107.781,2144434,23
2024-05-30,107.781,108.609,107.719,108.562,2901024,23
2024-05-31,108.578,109,108.109,108.891,2697336,21
2024-06-02,108.859,108.969,108.859,108.938,40884,2
2024-06-03,108.938,109.625,108.875,109.578,1713024,23
2024-06-04,109.578,110.156,109.469,110.031,2159864,23
2024-06-05,110.047,110.391,109.828,110.297,2373835,23
2024-06-06,110.297,110.406,110.094,110.281,1702261,23
2024-06-07,110.281,110.656,109.25,109.266,2304790,21
2024-06-09,109.25,109.266,109.125,109.156,27980,2
2024-06-10,109.172,109.234,109.016,109.125,1222208,23
2024-06-11,109.141,109.594,109.125,109.516,1712280,23
2024-06-12,109.516,110.672,109.484,110.25,2720541,23
2024-06-13,110.234,110.844,110.094,110.625,2163281,23
2024-06-14,110.625,111.031,110.453,110.766,2142680,21
2024-06-16,110.734,110.75,110.578,110.625,26241,2
2024-06-17,110.641,110.75,110.281,110.406,1354026,23
2024-06-18,110.406,110.891,110.203,110.703,1637091,23
2024-06-19,110.703,110.734,110.672,110.688,23872,4
2024-06-20,110.547,110.719,110.266,110.469,1296827,19
2024-06-21,110.469,110.797,110.359,110.484,1328831,21
2024-06-23,110.453,110.516,110.422,110.5,16478,2
2024-06-24,110.484,110.688,110.359,110.609,1009761,23
2024-06-25,110.609,110.781,110.438,110.531,1423137,23
2024-06-26,110.516,110.547,109.953,109.984,1709816,23
2024-06-27,109.984,110.359,109.859,110.266,1763004,23
2024-06-28,110.266,110.5,109.609,109.641,3002417,21
2024-06-30,109.594,109.625,109.469,109.578,47174,2
2024-07-01,109.578,109.75,109.078,109.297,1972563,23
2024-07-02,109.281,109.609,109.25,109.5,1553737,23
2024-07-03,109.516,110.125,109.438,110.047,1087708,8
2024-07-05,109.984,110.625,109.547,110.547,1744366,17
2024-07-07,110.562,110.641,110.469,110.484,18251,2
2024-07-08,110.5,110.641,110.312,110.5,1195497,23
2024-07-09,110.5,110.562,110.219,110.422,1502353,23
2024-07-10,110.438,110.625,110.312,110.469,1501181,23
2024-07-11,110.469,111.328,110.406,111.016,2504993,23
2024-07-12,111.016,111.266,110.797,111.219,1828496,21
2024-07-14,111,111,110.766,110.875,91207,2
2024-07-15,110.891,111.203,110.859,111.031,1617803,23
2024-07-16,111.031,111.422,111.016,111.375,2001748,23
2024-07-17,111.375,111.469,111.109,111.359,1718004,23
2024-07-18,111.359,111.422,111.094,111.188,1691159,23
2024-07-19,111.188,111.234,110.781,110.812,1500509,21
2024-07-21,110.938,110.953,110.828,110.953,26976,2
2024-07-22,110.938,111.031,110.578,110.766,1274304,23
2024-07-23,110.766,111,110.719,110.766,1253723,23
2024-07-24,110.766,111.141,110.609,110.703,2409363,23
2024-07-25,110.703,111.266,110.703,110.891,2887460,23
2024-07-26,110.906,111.266,110.734,111.219,1708341,21
2024-07-28,111.234,111.281,111.203,111.25,18442,2
2024-07-29,111.25,111.516,111.25,111.281,1499153,23
2024-07-30,111.297,111.656,111.25,111.516,1713530,23
2024-07-31,111.516,112.328,111.469,112.125,2729602,23
2024-08-01,112.125,112.812,112.047,112.781,3114897,23
2024-08-02,112.766,114.25,112.75,114.141,4115744,21
2024-08-04,114.172,114.203,113.891,114.172,65003,2
2024-08-05,114.156,115.109,113.688,113.688,3698306,23
2024-08-06,113.703,113.906,113.234,113.438,2447001,23
2024-08-07,113.438,113.516,112.812,113.234,2363537,23
2024-08-08,113.25,113.438,112.516,112.734,2202670,23
2024-08-09,112.734,113.156,112.734,112.953,1329420,21
2024-08-11,112.938,112.938,112.828,112.859,22152,2
2024-08-12,112.875,113.359,112.781,113.297,1449065,23
2024-08-13,113.297,113.688,113.109,113.672,1535491,23
2024-08-14,113.656,114.062,113.422,113.641,1832612,23
2024-08-15,113.656,113.766,112.797,112.938,2146750,23
2024-08-16,112.938,113.375,112.891,113.156,1571520,21
2024-08-18,113.109,113.125,112.969,112.969,25538,2
2024-08-19,112.984,113.359,112.969,113.219,1271554,23
2024-08-20,113.219,113.75,113.109,113.719,1428031,23
2024-08-21,113.703,114.031,113.453,113.734,2522970,23
2024-08-22,113.734,113.844,113.172,113.375,3255919,23
2024-08-23,113.391,113.812,113.281,113.734,3065500,21
2024-08-25,113.75,113.859,113.703,113.828,33295,2
2024-08-26,113.844,113.938,113.562,113.609,3741568,23
2024-08-27,113.609,113.641,113.266,113.625,3385171,23
2024-08-28,113.609,114.281,113.469,114.109,1783820,23
2024-08-29,114.109,114.219,113.5,113.875,1618963,23
2024-08-30,113.875,113.953,113.438,113.609,2337209,21
2024-09-01,113.531,113.609,113.516,113.594,14113,2
2024-09-02,113.578,113.625,113.531,113.562,33002,4
2024-09-03,113.562,114.234,113.453,114.062,2003117,19
2024-09-04,114.062,114.703,114.031,114.672,2074887,23
2024-09-05,114.672,114.922,114.5,114.734,2172982,23
2024-09-06,114.734,115.328,114.312,115.016,3476307,21
2024-09-08,114.969,114.969,114.844,114.844,29989,2
2024-09-09,114.844,115.125,114.625,115.031,1445193,23
2024-09-10,115.031,115.516,114.859,115.5,1724213,23
2024-09-11,115.5,115.734,115.062,115.312,2605718,23
2024-09-12,115.312,115.547,114.984,115.391,2146460,23
2024-09-13,115.375,115.578,115.219,115.391,1502288,21
2024-09-15,115.406,115.516,115.375,115.406,24498,2
2024-09-16,115.406,115.609,115.297,115.562,1255574,23
2024-09-17,115.562,115.672,115.25,115.359,1684238,23
2024-09-18,115.359,115.531,114.844,114.891,2214535,23
2024-09-19,114.891,115.078,114.5,114.891,2206961,23
2024-09-20,114.891,115,114.531,114.734,1740777,21
2024-09-22,114.719,114.781,114.656,114.703,19227,2
2024-09-23,114.703,114.828,114.359,114.719,1727572,23
2024-09-24,114.719,114.922,114.297,114.891,1942610,23
2024-09-25,114.906,114.906,114.469,114.547,1500140,23
2024-09-26,114.547,114.75,114.219,114.391,1978313,23
2024-09-27,114.391,114.781,114.25,114.719,1833636,21
2024-09-29,114.734,114.75,114.656,114.688,29932,2
2024-09-30,114.688,114.734,114.234,114.438,2123732,23
2024-10-01,114.438,115.016,114.344,114.75,2447537,23
2024-10-02,114.75,114.812,114.219,114.375,1663532,23
2024-10-03,114.391,114.422,113.891,113.953,1906522,23
2024-10-04,113.953,114.047,112.812,112.922,2827640,21
2024-10-06,112.812,112.828,112.688,112.797,52749,2
2024-10-07,112.797,112.891,112.422,112.562,2209909,23
2024-10-08,112.562,112.75,112.312,112.562,1472036,23
2024-10-09,112.547,112.656,112.109,112.156,1491511,23
2024-10-10,112.156,112.359,111.688,112.234,2502466,23
2024-10-11,112.219,112.312,111.953,112.078,1388320,21
2024-10-13,112.094,112.094,112,112.047,14648,2
2024-10-14,112.047,112.125,111.719,112.031,668811,23
2024-10-15,112.031,112.484,112,112.422,1568564,23
2024-10-16,112.438,112.688,112.406,112.5,1380441,23
2024-10-17,112.5,112.531,112,112.078,1711549,23
2024-10-18,112.078,112.297,111.922,112.188,1416935,21
2024-10-20,112.172,112.188,112.078,112.094,25064,2
2024-10-21,112.094,112.219,111.422,111.469,1773057,23
2024-10-22,111.469,111.641,111.281,111.312,2051000,23
2024-10-23,111.312,111.312,110.953,111,1679801,23
2024-10-24,111,111.422,111,111.234,1780028,23
2024-10-25,111.234,111.438,110.922,110.984,1800097,21
2024-10-27,110.953,110.953,110.578,110.812,73286,2
2024-10-28,110.828,111.062,110.578,110.781,1774716,23
2024-10-29,110.781,110.938,110.297,110.906,2156638,23
2024-10-30,110.906,111.203,110.422,110.484,2502248,23
2024-10-31,110.484,110.625,110.141,110.375,3002002,23
2024-11-01,110.391,110.938,109.859,109.891,2983907,21
2024-11-03,110.297,110.516,110.281,110.344,74320,1
2024-11-04,110.344,110.672,110.219,110.469,1771673,23
2024-11-05,110.469,110.672,109.938,110.609,1771888,23
2024-11-06,110.609,110.625,109.219,109.547,3757764,23
2024-11-07,109.547,110.406,109.438,110.203,2678501,23
2024-11-08,110.219,110.609,110.109,110.266,2045697,22
2024-11-10,110.203,110.234,110.109,110.125,19493,1
2024-11-11,110.125,110.188,109.797,110.062,728311,23
2024-11-12,110.047,110.141,109.312,109.391,1952311,23
2024-11-13,109.406,109.953,109.281,109.375,2172771,23
2024-11-14,109.391,109.781,109.125,109.297,2161135,23
2024-11-15,109.297,109.734,108.938,109.406,2385845,22
2024-11-17,109.422,109.5,109.406,109.438,17853,1
2024-11-18,109.438,109.688,109.141,109.625,1304723,23
2024-11-19,109.641,110.141,109.609,109.703,2042297,23
2024-11-20,109.703,109.812,109.453,109.656,1848596,23
2024-11-21,109.656,109.891,109.453,109.562,3399074,23
2024-11-22,109.562,109.828,109.516,109.672,3581624,22
2024-11-24,110.094,110.125,109.906,110.047,55371,1
2024-11-25,110.062,110.562,109.844,110.375,4519265,23
2024-11-26,110.391,110.516,110.172,110.297,2026094,23
2024-11-27,110.297,111.031,110.297,110.734,2572293,23
2024-11-28,110.75,110.828,110.562,110.812,36678,5
2024-11-29,111.172,111.25,110.891,111.188,743120,4
2024-12-01,111.172,111.203,110.891,111.109,26547,1
2024-12-02,111.094,111.281,110.578,111.125,1647226,23
2024-12-03,111.125,111.344,110.719,110.906,1438275,23
2024-12-04,110.906,111.281,110.422,111.141,1760558,23
2024-12-05,111.156,111.266,110.75,111.188,1149325,23
2024-12-06,111.188,111.641,110.891,111.469,1619583,22
2024-12-08,111.469,111.516,111.297,111.484,15920,1
2024-12-09,111.469,111.578,110.984,111.188,1069717,23
2024-12-10,111.188,111.281,110.688,110.969,1190004,23
2024-12-11,110.969,111.219,110.641,110.734,1596128,23
2024-12-12,110.719,110.781,110.266,110.344,1502422,23
2024-12-13,110.359,110.438,109.812,109.859,1219574,22
2024-12-15,109.875,109.969,109.859,109.938,19393,1
2024-12-16,109.938,110.109,109.766,109.844,1044867,23
2024-12-17,109.844,109.984,109.531,109.844,1406144,23
2024-12-18,109.859,109.969,108.844,108.906,1885895,23
2024-12-19,108.922,109.016,108.516,108.688,2117116,23
2024-12-20,108.688,109.266,108.656,108.969,1576305,22
2024-12-22,108.953,109.016,108.938,108.969,9730,1
2024-12-23,108.969,109.016,108.469,108.578,1040800,23
2024-12-24,108.578,108.609,108.297,108.578,378268,9
2024-12-26,108.359,108.688,108.203,108.641,902453,18
2024-12-27,108.625,108.719,108.359,108.375,931797,22
2024-12-29,108.438,108.469,108.375,108.375,7575,1
2024-12-30,108.391,109.047,108.375,109.016,907048,23
2024-12-31,109.016,109.188,108.703,108.766,1126314,22
2025-01-02,108.719,109.172,108.641,108.891,1289444,18
2025-01-03,108.891,109.047,108.594,108.625,1063425,22
2025-01-05,108.594,108.594,108.469,108.484,18995,1
2025-01-06,108.5,108.797,108.328,108.453,1600529,23
2025-01-07,108.453,108.625,108.047,108.156,1729373,23
2025-01-08,108.156,108.328,107.891,108.188,1825622,23
2025-01-09,108.188,108.438,108.156,108.281,848319,20
2025-01-10,108.281,108.281,107.359,107.5,2505183,22
2025-01-12,107.484,107.484,107.312,107.328,22331,1
2025-01-13,107.344,107.484,107.188,107.453,1561733,23
2025-01-14,107.453,107.578,107.219,107.344,1512250,23
2025-01-15,107.344,108.406,107.328,108.297,2358630,23
2025-01-16,108.297,108.75,108,108.531,2166978,23
2025-01-17,108.531,108.859,108.406,108.406,1480857,22
2025-01-19,108.438,108.438,108.359,108.422,13130,1
2025-01-20,108.422,108.5,108.375,108.469,33020,5
2025-01-21,109.047,109.062,108.641,108.688,1222816,18
2025-01-22,108.688,108.875,108.438,108.531,1300277,23
2025-01-23,108.531,108.609,108.188,108.359,1465251,23
2025-01-24,108.375,108.656,108.234,108.469,1560009,22
2025-01-26,108.516,108.641,108.5,108.609,31285,1
2025-01-27,108.609,109.375,108.594,109.031,2547799,23
2025-01-28,109.031,109.156,108.797,109.141,1517324,23
2025-01-29,109.141,109.281,108.688,109.062,1784740,23
2025-01-30,109.062,109.406,109.016,109.141,1651797,23
2025-01-31,109.141,109.297,108.781,109.031,2586960,22
2025-02-02,108.875,108.938,108.672,108.781,107394,1
2025-02-03,108.797,109.484,108.766,108.812,2495793,23
2025-02-04,108.828,109.234,108.641,109.109,1766648,23
2025-02-05,109.109,109.906,109.078,109.703,2105515,23
2025-02-06,109.719,109.781,109.438,109.594,1765704,23
2025-02-07,109.594,110,109.031,109.156,2239879,22
2025-02-09,109.172,109.25,109.109,109.219,17643,1
2025-02-10,109.234,109.422,109.078,109.281,1280856,23
2025-02-11,109.281,109.297,108.875,108.922,1136144,23
2025-02-12,108.922,109.156,108.125,108.328,2594169,23
2025-02-13,108.328,109.031,108.328,108.859,2527945,23
2025-02-14,108.859,109.484,108.812,109.297,1780717,22
2025-02-16,109.266,109.344,109.25,109.25,12395,1
2025-02-17,109.266,109.266,109.172,109.203,42903,5
2025-02-18,109.062,109.125,108.734,108.781,1275208,18
2025-02-19,108.766,109,108.672,108.969,2314555,23
2025-02-20,108.969,109.25,108.969,109.125,2158120,23
2025-02-21,109.125,109.75,109.109,109.578,3581891,22
2025-02-23,109.547,109.594,109.5,109.531,16475,1
2025-02-24,109.531,109.906,109.422,109.859,4290999,23
2025-02-25,109.859,110.625,109.859,110.547,5475797,23
2025-02-26,110.547,110.922,110.25,110.703,3321777,23
2025-02-27,110.75,110.859,110.422,110.844,2510433,23
2025-02-28,110.828,111.297,110.703,111.172,3431990,22
2025-03-02,111.031,111.062,110.891,110.938,46052,1
2025-03-03,110.953,111.703,110.828,111.672,2648076,23
2025-03-04,111.672,112.031,110.891,111.062,3655875,23
2025-03-05,111.062,111.469,110.656,110.672,3310724,23
2025-03-06,110.688,110.938,110.391,110.828,3050959,23
2025-03-07,110.828,111.359,110.469,110.656,3048397,22
2025-03-09,110.766,111,110.75,110.969,68366,2
2025-03-10,110.953,111.562,110.703,111.438,2309138,23
2025-03-11,111.438,111.781,110.797,110.906,2976925,23
2025-03-12,110.891,111.219,110.484,110.656,2399660,23
2025-03-13,110.656,111.078,110.391,110.922,2106465,23
2025-03-14,110.906,110.938,110.562,110.609,1451618,21
2025-03-16,110.625,110.812,110.594,110.766,35844,2
2025-03-17,110.766,110.938,110.438,110.641,1789988,23
2025-03-18,110.641,110.906,110.438,110.703,1529044,23
2025-03-19,110.719,111.141,110.453,111.125,1705370,23
2025-03-20,111.125,111.547,111.016,111.125,1881700,23
2025-03-21,111.141,111.422,111,111.141,1547061,21
2025-03-23,111.078,111.094,110.953,110.969,31953,2
2025-03-24,110.969,110.984,110.484,110.547,1307881,23
2025-03-25,110.531,110.812,110.312,110.625,1475710,23
2025-03-26,110.625,110.719,110.391,110.578,1568201,23
2025-03-27,110.578,110.594,110.188,110.484,1911511,23
2025-03-28,110.484,111.25,110.484,111.219,2278786,21
2025-03-30,111.297,111.531,111.281,111.453,71606,2
2025-03-31,111.453,111.703,111.125,111.422,2514036,23
2025-04-01,111.422,111.953,111.375,111.469,2371535,23
2025-04-02,111.484,112.766,111.156,112.594,2715635,23
2025-04-03,112.594,113.062,112.219,112.766,3870147,23
2025-04-04,112.781,114.109,112.719,113,5544782,21
2025-04-06,113.578,114.312,113.578,113.906,185845,2
2025-04-07,113.906,114.031,111.484,111.875,5320202,23
2025-04-08,111.875,112.25,111.25,111.297,4006092,23
2025-04-09,111.297,111.344,110.031,110.906,4959155,23
2025-04-10,110.906,111.344,110.172,110.219,3073071,23
2025-04-11,110.234,110.656,109.25,109.75,3192447,21
2025-04-13,109.797,109.922,109.406,109.891,39525,2
2025-04-14,109.891,110.781,109.812,110.703,1644019,23
2025-04-15,110.688,111.188,110.469,110.984,1671855,23
2025-04-16,110.984,111.547,110.906,111.375,1618838,23
2025-04-17,111.375,111.438,111.047,111.156,1322297,21
2025-04-20,111.125,111.172,111.031,111.141,15713,2
2025-04-21,111.141,111.281,110.688,110.766,1154413,23
2025-04-22,110.766,110.938,110.516,110.766,1363079,23
2025-04-23,110.75,111.578,110.578,110.734,2135592,23
2025-04-24,110.75,111.25,110.734,111.125,1346648,23
2025-04-25,111.141,111.703,111.078,111.703,1205586,21
2025-04-27,111.656,111.672,111.562,111.641,12614,2
2025-04-28,111.625,111.969,111.312,111.875,1162737,23
2025-04-29,111.875,112.25,111.672,112.25,1346627,23
2025-04-30,112.234,112.5,111.828,112.219,2283790,23
2025-05-01,112.219,112.641,111.766,112.016,1751580,23
2025-05-02,112,112.047,111.062,111.234,2034247,21
2025-05-04,111.25,111.406,111.25,111.391,39065,2
2025-05-05,111.375,111.422,110.891,111.047,1007092,23
2025-05-06,111.062,111.391,110.859,111.188,1292060,23
2025-05-07,111.188,111.688,111.125,111.531,1460839,23
2025-05-08,111.531,111.594,110.688,110.797,1625983,23
2025-05-09,110.797,111.094,110.734,110.734,1183215,21
2025-05-11,110.562,110.578,110.5,110.547,34566,2
2025-05-12,110.547,110.609,110.047,110.125,2003375,23
2025-05-13,110.109,110.469,109.938,110.078,1519677,23
2025-05-14,110.078,110.297,109.609,109.625,1614460,23
2025-05-15,109.625,110.438,109.578,110.328,1770558,23
2025-05-16,110.312,110.672,109.969,110.094,1437248,21
2025-05-18,110,110.203,109.969,110.141,49028,2
2025-05-19,110.125,110.328,109.625,110.281,1746918,23
2025-05-20,110.281,110.453,109.891,110.219,1723607,23
2025-05-21,110.219,110.25,109.406,109.438,2473712,23
2025-05-22,109.438,110,109.406,109.938,3867467,23
2025-05-23,109.922,110.547,109.891,110.062,3813075,21
2025-05-25,110.078,110.078,109.766,109.781,43202,2
2025-05-26,109.797,110.109,109.766,110.078,296008,19
2025-05-27,110.078,110.562,110.078,110.422,3870409,23
2025-05-28,110.438,110.531,109.875,109.969,2250740,23
2025-05-29,109.984,110.734,109.797,110.672,2507170,23
2025-05-30,110.656,110.938,110.562,110.844,2401895,21
2025-06-01,110.891,110.938,110.75,110.766,40809,2
2025-06-02,110.766,110.828,110.422,110.578,1240557,23
2025-06-03,110.562,110.828,110.344,110.562,1167327,23
2025-06-04,110.562,111.219,110.375,111.172,1633936,23
2025-06-05,111.156,111.453,110.734,110.797,1703698,23
2025-06-06,110.797,110.922,109.875,109.938,1892888,21
2025-06-08,109.953,109.969,109.906,109.938,15792,2
2025-06-09,109.953,110.234,109.906,110.156,995201,23
2025-06-10,110.156,110.438,110.062,110.203,971615,23
2025-06-11,110.203,110.703,109.875,110.672,1800544,23
2025-06-12,110.672,111.297,110.641,111.281,1692124,23
2025-06-13,111.281,111.406,110.438,110.766,1963097,21
2025-06-15,110.75,110.812,110.578,110.641,31666,2
2025-06-16,110.656,110.781,110.328,110.609,1213499,23
2025-06-17,110.609,111,110.5,110.812,1392337,23
2025-06-18,110.797,111.234,110.703,110.797,1535839,23
2025-06-19,110.797,110.984,110.656,110.906,253813,19
2025-06-20,110.922,111.094,110.5,110.953,1372348,21
2025-06-22,111.109,111.125,110.938,110.969,36802,2
2025-06-23,110.969,111.641,110.781,111.234,1690993,23
2025-06-24,111.234,111.688,111.156,111.625,1725956,23
2025-06-25,111.609,111.766,111.359,111.75,1294336,23
2025-06-26,111.75,112.094,111.688,112.031,1729988,23
2025-06-27,112.031,112.062,111.703,111.797,1613041,21
2025-06-29,111.781,111.812,111.688,111.797,19142,2
2025-06-30,111.812,112.172,111.734,112.062,1576493,23
2025-07-01,112.062,112.391,111.703,111.922,1608626,23
2025-07-02,111.922,111.938,111.516,111.734,1578081,23
2025-07-03,111.734,111.828,111.094,111.234,816706,8
2025-07-04,111.219,111.5,111.219,111.359,237505,13
2025-07-06,111.297,111.391,111.266,111.391,17132,2
2025-07-07,111.375,111.391,110.906,111,1111055,23
2025-07-08,111,111.047,110.688,110.859,1207870,23
2025-07-09,110.875,111.344,110.734,111.312,1473616,23
2025-07-10,111.312,111.422,111.016,111.125,1191820,23
2025-07-11,111.141,111.25,110.703,110.812,1177149,21
2025-07-14,110.828,110.922,110.625,110.75,1083834,19
2025-07-15,110.75,110.938,110.266,110.297,1981660,23
2025-07-16,110.281,110.672,110.266,110.547,2341991,23
2025-07-17,110.547,110.781,110.297,110.688,1378419,23
2025-07-18,110.672,110.906,110.609,110.875,982812,21
2025-07-21,110.812,111.297,110.812,111.109,1151225,19
2025-07-22,111.125,111.453,111,111.266,1207621,23
2025-07-23,111.266,111.297,110.969,111.031,1264364,23
2025-07-24,111.031,111.062,110.609,110.938,1296971,23
2025-07-25,110.938,111.016,110.703,110.938,1047236,21
2025-07-28,110.953,111.094,110.766,110.828,1039920,19
2025-07-29,110.844,111.406,110.75,111.375,1706497,23
2025-07-30,111.375,111.453,110.953,111.016,1619344,23
2025-07-31,111.031,111.312,110.906,110.953,1792091,23
2025-08-01,110.969,112.344,110.734,112.25,2765113,21
2025-08-04,112.109,112.484,111.984,112.438,1527597,19
2025-08-05,112.438,112.469,112.156,112.172,1348997,23
2025-08-06,112.172,112.266,111.828,112.203,1562555,23
2025-08-07,112.188,112.297,112.031,112.094,1154184,23
2025-08-08,112.094,112.125,111.781,111.828,918644,21
2025-08-11,111.891,112,111.75,111.781,842898,19
2025-08-12,111.781,112.188,111.609,111.75,1589215,23
2025-08-13,111.75,112.281,111.719,112.203,1309073,23
2025-08-14,112.188,112.438,111.766,111.828,1678514,23
2025-08-15,111.828,111.953,111.547,111.594,1318724,21
2025-08-18,111.75,111.844,111.422,111.547,1113282,19
2025-08-19,111.547,111.812,111.469,111.703,1041066,23
2025-08-20,111.703,112.016,111.625,111.844,1617406,23
2025-08-21,111.859,111.891,111.453,111.578,2546654,23
2025-08-22,111.578,112.25,111.484,112.141,3513576,21
2025-08-25,112.141,112.141,111.859,111.984,3096740,19
2025-08-26,111.984,112.234,111.797,112.125,3731991,23
2025-08-27,112.141,112.516,112.031,112.469,2037462,23
2025-08-28,112.469,112.641,112.312,112.594,1718960,23
2025-08-29,112.594,112.609,112.391,112.5,1977368,21
2025-09-02,112.391,112.406,111.969,112.219,1766128,19
2025-09-03,112.219,112.656,112,112.578,1748230,23
2025-09-04,112.578,112.953,112.516,112.953,1594526,23
2025-09-05,112.938,113.672,112.875,113.391,2447231,21
2025-09-08,113.266,113.609,113.234,113.547,1437033,19
2025-09-09,113.547,113.625,113.188,113.25,1506124,23
2025-09-10,113.25,113.641,113.156,113.453,1389717,23
2025-09-11,113.438,113.906,113.281,113.5,2130570,23
2025-09-12,113.516,113.547,113.125,113.281,1301866,21
2025-09-15,113.188,113.484,113.094,113.406,950799,18
2025-09-16,113.438,113.578,113.266,113.516,1132151,23
2025-09-17,113.516,113.797,113,113.109,1828486,23
2025-09-18,113.109,113.375,112.734,112.938,2024081,23
2025-09-19,112.938,112.984,112.688,112.812,1155038,21
2025-09-22,112.719,112.891,112.641,112.688,1090549,19
2025-09-23,112.703,112.969,112.672,112.938,1304306,23
2025-09-24,112.938,113,112.578,112.656,1332319,23
2025-09-25,112.641,112.688,112.188,112.391,2109634,23
2025-09-26,112.391,112.484,112.188,112.266,1499912,21
2025-09-28,112.328,112.391,112.328,112.375,14062,2
2025-09-29,112.375,112.578,112.344,112.531,1004532,23
2025-09-30,112.516,112.797,112.406,112.422,1908369,23
2025-10-01,112.438,112.969,112.375,112.906,1897637,23
2025-10-02,112.906,112.969,112.672,112.938,1188795,23
2025-10-03,112.922,112.984,112.625,112.672,1077508,21
2025-10-06,112.672,112.672,112.344,112.438,1157426,17
2025-10-07,112.359,112.75,112.281,112.641,1202418,15
2025-10-08,112.641,112.844,112.531,112.703,1232674,23
2025-10-09,112.703,112.766,112.438,112.562,1172233,23
2025-10-10,112.547,113.281,112.531,113.141,2060442,21
2025-10-13,113,113.219,112.938,113.172,632564,19
2025-10-14,113.188,113.547,113.062,113.328,2066253,23
2025-10-15,113.328,113.547,113.203,113.312,1411592,23
2025-10-16,113.328,113.875,113.172,113.875,2333022,23
2025-10-17,113.859,114.062,113.406,113.469,2255265,21
2025-10-20,113.391,113.641,113.328,113.594,987760,19
2025-10-21,113.609,113.859,113.531,113.688,1338747,23
2025-10-22,113.703,113.906,113.609,113.812,1448580,23
2025-10-23,113.812,113.828,113.375,113.375,1398464,23
2025-10-24,113.391,113.75,113.297,113.438,1736906,21
2025-10-27,113.438,113.516,113.125,113.453,1338398,19
2025-10-28,113.469,113.578,113.297,113.484,1433819,23
2025-10-29,113.484,113.516,112.75,112.812,1710550,23
2025-10-30,112.797,112.922,112.5,112.672,2038103,23
2025-10-31,112.672,112.844,112.547,112.844,1931021,21
2025-11-02,112.812,112.812,112.75,112.75,6425,1
2025-11-03,112.766,112.844,112.578,112.672,1185667,23
2025-11-04,112.672,112.891,112.609,112.828,1177338,23
2025-11-05,112.812,113.062,112.297,112.375,1947478,23
2025-11-06,112.359,112.938,112.359,112.844,1807945,23
2025-11-07,112.828,113.062,112.688,112.828,1596113,22
2025-11-09,112.641,112.859,112.609,112.625,18167,1
2025-11-10,112.641,112.812,112.469,112.672,1193502,23
2025-11-11,112.672,113.062,112.625,113.016,673122,23
2025-11-12,113,113.078,112.844,113,1460338,23
2025-11-13,113,113.047,112.656,112.672,1720421,23
2025-11-14,112.688,113.141,112.5,112.531,2379668,22
2025-11-16,112.547,112.547,112.5,112.516,14776,1
2025-11-17,112.516,112.766,112.484,112.547,1387691,23
2025-11-18,112.562,113.062,112.531,112.812,2039417,23
2025-11-19,112.828,112.953,112.578,112.594,1958820,23
2025-11-20,112.609,113.078,112.359,113.016,3749318,23
2025-11-21,113.016,113.438,112.922,113.25,4649253,22
2025-11-23,113.188,113.219,113.172,113.172,8952,1
2025-11-24,113.188,113.469,113.188,113.422,3064109,23
2025-11-25,113.438,113.75,113.297,113.578,2849360,23
2025-11-26,113.594,113.672,113.266,113.594,2691400,23
2025-11-27,113.594,113.672,113.547,113.547,18662,5
2025-11-28,113.562,113.625,113.281,113.344,763249,4
2025-11-30,113.266,113.359,113.219,113.266,15528,1
2025-12-01,113.266,113.406,112.797,112.859,2551685,23
2025-12-02,112.859,113.047,112.688,112.906,1471113,23
2025-12-03,112.906,113.297,112.891,113,1502850,23
2025-12-04,113.016,113.094,112.688,112.797,1457188,23
2025-12-05,112.797,112.906,112.469,112.516,1608579,22
2025-12-07,112.484,112.609,112.484,112.5,8507,1
2025-12-08,112.5,112.703,112.078,112.281,1626477,23
2025-12-09,112.281,112.438,112.016,112.078,1494596,23
2025-12-10,112.078,112.5,111.906,112.453,1986146,23
2025-12-11,112.453,112.719,112.312,112.406,1649470,23
2025-12-12,112.422,112.438,112.109,112.219,1366956,22
2025-12-14,112.234,112.281,112.219,112.266,8564,1
2025-12-15,112.25,112.516,112.219,112.359,1153352,23
2025-12-16,112.359,112.703,112.188,112.484,1699677,23
2025-12-17,112.5,112.562,112.281,112.562,1043683,23
2025-12-18,112.547,112.969,112.531,112.703,1570456,23
2025-12-19,112.703,112.703,112.453,112.5,1102510,22
2025-12-21,112.469,112.484,112.453,112.453,7737,1
2025-12-22,112.469,112.469,112.297,112.359,755056,23
2025-12-23,112.375,112.531,112.047,112.344,1195036,23
2025-12-24,112.344,112.531,112.312,112.516,382649,9
2025-12-26,112.453,112.719,112.375,112.578,676453,17
2025-12-28,112.547,112.578,112.547,112.562,5213,1
2025-12-29,112.578,112.781,112.516,112.766,989837,23
2025-12-30,112.766,112.797,112.531,112.625,964826,23
2025-12-31,112.625,112.797,112.25,112.297,1383143,22
2026-01-02,112.281,112.453,112.141,112.203,1132379,17
2026-01-04,112.219,112.234,112.172,112.203,11992,1
2026-01-05,112.203,112.516,112.172,112.406,1422415,23
2026-01-06,112.391,112.469,112.219,112.375,1484417,23
2026-01-07,112.375,112.688,112.375,112.453,1929171,23
2026-01-08,112.469,112.656,112.219,112.328,1557323,23
2026-01-09,112.328,112.375,111.969,112.219,2612140,22
2026-01-11,112.188,112.203,112.172,112.172,6839,1
2026-01-12,112.172,112.344,111.984,112.203,2013047,23
2026-01-13,112.203,112.438,112.047,112.219,2001628,23
2026-01-14,112.203,112.562,112.172,112.5,1650283,23
2026-01-15,112.484,112.516,112.125,112.172,1689854,23
2026-01-16,112.188,112.234,111.734,111.812,2287076,22
2026-01-19,111.75,111.75,111.734,111.734,2760,1
2026-01-20,111.625,111.641,111.281,111.469,2323243,18
2026-01-21,111.469,111.75,111.391,111.703,2070566,23
2026-01-22,111.719,111.766,111.438,111.625,1625106,23
2026-01-23,111.625,111.75,111.5,111.734,1638986,22
2026-01-25,111.875,111.875,111.781,111.812,32014,1
2026-01-26,111.797,111.938,111.703,111.781,1289378,23
2026-01-27,111.781,111.906,111.656,111.734,1544158,23
2026-01-28,111.734,111.828,111.484,111.766,1516571,23
2026-01-29,111.766,111.891,111.516,111.766,2058620,23
2026-01-30,111.75,111.844,111.547,111.766,1249961,16
2026-02-02,111.594,111.656,111.547,111.625,991316,5
2026-02-03,111.625,111.672,111.422,111.656,1716423,23
2026-02-04,111.656,111.734,111.484,111.609,1806307,23
2026-02-05,111.609,112.469,111.578,112.422,2976639,23
2026-02-06,112.422,112.516,112,112.094,2018266,22
2026-02-08,111.953,112.031,111.953,112.016,27690,1
2026-02-09,112,112.219,111.812,112.188,1643773,23
2026-02-10,112.188,112.594,112.156,112.5,2150235,23
2026-02-11,112.5,112.625,112,112.266,2874386,23
2026-02-12,112.25,112.875,112.234,112.844,2339963,23
2026-02-13,112.844,113.234,112.656,113.172,3225461,22
2026-02-15,113.172,113.172,113.109,113.156,13484,1
2026-02-16,113.156,113.234,113.141,113.156,69939,5
2026-02-17,113.344,113.438,113.062,113.109,2077239,18
2026-02-18,113.125,113.172,112.875,112.922,1698495,23
2026-02-19,112.938,113.047,112.766,112.984,1842204,23
2026-02-20,112.984,113.109,112.734,112.938,4044688,22
2026-02-22,112.906,112.922,112.859,112.875,13188,1
2026-02-23,112.875,113.438,112.859,113.328,5608659,23
2026-02-24,113.328,113.391,113.188,113.281,4304445,23
2026-02-25,113.281,113.328,113.031,113.141,2358334,23
2026-02-26,113.141,113.516,113.062,113.484,2395688,24
2026-02-27,113.484,113.922,113.438,113.812,2754067,22
2026-03-01,113.922,114.031,113.875,114.016,77409,1
2026-03-02,114,114.047,112.938,113.219,2978762,23
2026-03-03,113.203,113.234,112.516,112.938,3554191,23
2026-03-04,112.953,113.094,112.672,112.719,2090824,23
2026-03-05,112.703,112.75,112.297,112.391,2620545,23
2026-03-06,112.406,112.656,112.047,112.438,3575864,22
2026-03-08,112.078,112.141,111.938,112,110030,2
2026-03-09,112.016,112.688,111.828,112.547,2686869,23
2026-03-10,112.562,112.766,112.266,112.312,2293928,23
2026-03-11,112.312,112.438,111.656,111.688,2375087,23
2026-03-12,111.703,111.984,111.375,111.547,2777099,23
2026-03-13,111.547,111.766,111.344,111.484,2218102,22
2026-03-15,111.469,111.656,111.391,111.594,51414,2
2026-03-16,111.594,111.922,111.516,111.875,1784626,23
2026-03-17,111.859,112.125,111.688,111.969,1618026,23
2026-03-18,111.969,112.219,111.422,111.438,1975332,23
2026-03-19,111.438,111.578,110.891,111.453,3545413,23
2026-03-20,111.438,111.5,110.438,110.531,2985642,21
2026-03-22,110.328,110.438,110.266,110.359,80241,2
2026-03-23,110.359,111.141,109.984,110.875,4105172,23
2026-03-24,110.891,110.906,110.172,110.781,2870854,23
2026-03-25,110.766,111.047,110.672,110.812,2574283,23
2026-03-26,110.812,110.828,110.094,110.266,2131074,23
2026-03-27,110.25,110.312,109.75,110.188,2379704,21
2026-03-29,110.219,110.344,110.203,110.328,46452,2
2026-03-30,110.312,110.969,110.266,110.766,1927689,23
2026-03-31,110.766,111.266,110.703,111.109,2753126,23
2026-04-01,111.109,111.453,110.859,110.969,2060697,23
2026-04-02,110.953,111.234,110.5,111.016,2030594,23
2026-04-03,111.016,111.016,110.969,110.984,16329,4
2026-04-05,110.688,110.75,110.656,110.656,32034,2
2026-04-06,110.672,110.969,110.578,110.828,968138,23
2026-04-07,110.828,111.5,110.547,111.453,2066787,23
2026-04-08,111.453,111.656,111.125,111.219,2220504,23
2026-04-09,111.219,111.484,111.016,111.297,1481128,23
2026-04-10,111.297,111.484,111.016,111.047,1233306,21
2026-04-12,110.797,110.812,110.719,110.766,32897,2
2026-04-13,110.766,111.328,110.734,111.312,1260216,23
2026-04-14,111.297,111.656,111.172,111.609,1306307,23
2026-04-15,111.625,111.641,111.266,111.438,1157046,23
2026-04-16,111.422,111.531,111.156,111.203,1113767,23
2026-04-17,111.203,111.859,111.125,111.719,1778639,21
2026-04-19,111.469,111.5,111.438,111.453,24154,2
2026-04-20,111.469,111.719,111.422,111.641,1168270,17
2026-04-21,111.641,111.703,111.109,111.281,1892036,23
2026-04-22,111.266,111.516,111.156,111.188,1333187,23
2026-04-23,111.188,111.312,110.828,111.031,1993856,23
2026-04-24,111.031,111.266,110.859,111.219,1776318,21
2026-04-26,111.109,111.125,111.047,111.047,18362,2
2026-04-27,111.062,111.234,110.938,111.062,1114222,23
2026-04-28,111.062,111.078,110.703,110.906,1583669,23
2026-04-29,110.906,110.953,110.25,110.312,2126210,23
2026-04-30,110.312,110.734,110.234,110.609,2216845,23
2026-05-01,110.609,110.922,110.469,110.641,1609466,21
2026-05-03,110.781,110.797,110.719,110.719,10802,2
2026-05-04,110.719,110.719,110.016,110.234,1829045,23
2026-05-05,110.25,110.5,110.172,110.469,1236593,23
2026-05-06,110.469,110.969,110.391,110.828,1878768,23
2026-05-07,110.828,111.109,110.453,110.562,1869281,23
2026-05-08,110.547,110.875,110.469,110.75,1396568,21
2026-05-10,110.609,110.609,110.562,110.578,24967,2
2026-05-11,110.594,110.641,110.359,110.391,1251286,23
2026-05-12,110.375,110.391,110,110.016,1948310,23
2026-05-13,110.016,110.141,109.812,110.094,1907206,23
2026-05-14,110.094,110.312,109.844,109.859,1605012,23
2026-05-15,109.875,109.875,109.109,109.172,2657506,21
2026-05-17,109.031,109.094,109.016,109.078,36518,2
2026-05-18,109.078,109.438,108.938,109.25,2824382,23
2026-05-19,109.25,109.297,108.562,108.812,3019182,23
2026-05-20,108.797,109.5,108.609,109.25,4354527,23
2026-05-21,109.266,109.484,108.891,109.312,4580604,23
2026-05-22,109.312,109.609,109.156,109.25,3946467,21
2026-05-26,109.75,109.938,109.625,109.906,5027502,19
2026-05-27,109.906,110.016,109.469,109.5,2966564,23
2026-05-28,109.5,109.969,109.281,109.812,2294350,23
2026-05-29,109.828,110.016,109.719,109.828,2594090,21
2026-05-31,109.703,109.734,109.672,109.703,25649,2
2026-06-01,109.703,109.812,109.297,109.75,2090274,23
2026-06-02,109.75,109.969,109.594,109.656,1347634,23
2026-06-03,109.672,109.719,109.359,109.5,1292560,23
2026-06-04,109.5,109.781,109.438,109.609,1282666,23
2026-06-05,109.594,109.75,108.969,109.078,2202790,21
2026-06-07,108.984,109.062,108.984,109.031,23254,2
2026-06-08,109.047,109.281,108.781,108.984,1864628,23
2026-06-09,108.984,109.281,108.859,109.188,1648110,23
2026-06-10,109.172,109.375,108.844,108.953,1906593,23
2026-06-11,108.969,109.812,108.938,109.688,2436360,23
2026-06-12,109.703,109.906,109.375,109.516,1812175,21
2026-06-14,109.844,109.922,109.828,109.922,40362,2
2026-06-15,109.906,110,109.594,109.625,1281317,23
2026-06-16,109.625,110,109.594,109.859,1434777,23
2026-06-17,109.859,109.953,109.234,109.422,2327942,23
2026-06-18,109.422,109.859,109.391,109.609,1855848,23
2026-06-19,109.609,109.641,109.484,109.516,36439,4
2026-06-21,109.281,109.328,109.219,109.25,37825,2
2026-06-22,109.266,109.438,109.188,109.25,1444887,23
2026-06-23,109.266,109.547,109.25,109.375,1218913,23
2026-06-24,109.375,110.031,109.297,109.953,2008459,23
2026-06-25,109.969,110.281,109.844,110.047,1892449,23
2026-06-26,110.047,110.328,110.016,110.266,1654328,21
2026-06-28,110.234,110.266,110.203,110.25,11786,2
2026-06-29,110.25,110.297,110.109,110.219,1192839,23
2026-06-30,110.203,110.312,109.594,109.625,1791167,23
2026-07-01,109.641,109.734,109.391,109.578,1823765,23
2026-07-02,109.578,109.797,109.375,109.656,1560451,23
2026-07-03,109.656,109.75,109.641,109.688,36071,4
2026-07-05,109.578,109.609,109.531,109.594,13518,2
2026-07-06,109.594,109.781,109.516,109.688,986277,23
2026-07-07,109.688,109.688,109.094,109.109,1398605,23
2026-07-08,109.125,109.234,108.797,108.906,1936646,23
2026-07-09,108.922,109.328,108.844,109.156,1306337,23
2026-07-10,109.141,109.375,109.016,109.031,1028099,21
2026-07-12,108.859,108.906,108.828,108.891,34121,2
2026-07-13,108.891,109.047,108.609,108.656,1357740,23
2026-07-14,108.672,109.422,108.531,108.953,2437140,23
2026-07-15,108.953,109.344,108.734,109.219,1696249,23
2026-07-16,109.234,109.297,108.938,109.219,1098096,23
2026-07-17,109.203,109.531,109.172,109.266,1303872,21
2026-07-19,109.078,109.094,109.016,109.047,26094,2
2026-07-20,109.062,109.266,108.781,108.938,1247808,23
2026-07-21,108.938,109,108.578,108.656,1230716,23
2026-07-22,108.656,108.703,108.359,108.422,1194232,23
2026-07-23,108.422,108.469,108.016,108.125,1785063,23
2026-07-24,108.141,108.484,108.031,108.328,1268359,21
2026-07-26,108.625,108.672,108.578,108.625,39212,2
2026-07-27,108.625,108.688,108.391,108.547,1453099,23
2026-07-28,108.547,108.938,108.547,108.703,1515591,23
2026-07-29,108.703,108.828,108.281,108.438,2004142,23
2026-07-30,108.453,108.641,108.188,108.469,1741577,23
2026-07-31,108.484,108.672,107.984,108,2534948,21
2026-08-02,108.391,108.406,108.328,108.344,38621,2
2026-08-03,108.328,108.547,108.266,108.422,1367413,23
2026-08-04,108.422,108.922,108.266,108.875,1686144,23
2026-08-05,108.875,109.031,108.703,108.906,1567037,23
2026-08-06,108.906,108.984,108.438,108.484,1313063,23
2026-08-07,108.484,109.047,108.406,108.641,1873373,21
2026-08-09,108.594,108.641,108.578,108.609,11570,2
2026-08-10,108.609,108.75,108.297,108.344,1199201,23
2026-08-11,108.328,108.594,108.125,108.484,1481635,23
2026-08-12,108.469,108.875,108.422,108.578,1831293,23
2026-08-13,108.578,109.109,108.562,108.891,1857395,23
2026-08-14,108.891,109.094,108.562,108.578,1790044,21
2026-08-16,108.578,108.656,108.562,108.625,18628,2
2026-08-17,108.641,108.766,108.422,108.469,1388001,23
2026-08-18,108.484,108.484,108.312,108.359,230101,8
