pair,onset,side,z,d1_close,entry_ts,entry_price,entry_ny_hour,entry_delay_days,exit5_ts,exit10_ts,h_cal5,h_cal10,mfe5,block,year
AUD_NZD,2014-05-14,L,-2.3024101860525783,1.08066,2014-05-14 23:00:00+00:00,1.08161,19,0,2014-05-21 23:00:00+00:00,2014-05-28 23:00:00+00:00,7.0,14.0,37.50000000000142,2014-B10,2014
AUD_NZD,2014-06-17,L,-2.1564737352604526,1.07738,2014-06-17 23:00:00+00:00,1.07797,19,0,2014-06-24 23:00:00+00:00,2014-07-01 23:00:00+00:00,7.0,14.0,43.69999999999985,2014-B13,2014
AUD_NZD,2014-06-25,L,-2.416524775081881,1.07555,2014-06-25 23:00:00+00:00,1.07641,19,0,2014-07-02 23:00:00+00:00,2014-07-09 23:00:00+00:00,7.0,14.0,72.49999999999979,2014-B13,2014
AUD_NZD,2014-07-02,L,-2.150318876072892,1.0756,2014-07-02 23:00:00+00:00,1.07614,19,0,2014-07-09 23:00:00+00:00,2014-07-16 23:00:00+00:00,7.0,14.0,3.2999999999994145,2014-B14,2014
AUD_NZD,2014-08-20,S,2.0307024489923844,1.10845,2014-08-20 23:00:00+00:00,1.10891,19,0,2014-08-27 23:00:00+00:00,2014-09-03 23:00:00+00:00,7.0,14.0,35.89999999999982,2014-B17,2014
AUD_NZD,2014-08-25,S,2.3786236382111907,1.11405,2014-08-25 23:00:00+00:00,1.11585,19,0,2014-09-01 23:00:00+00:00,2014-09-08 23:00:00+00:00,7.0,14.0,38.49999999999909,2014-B18,2014
AUD_NZD,2014-09-29,S,2.4325884681127636,1.12235,2014-09-29 23:00:00+00:00,1.1217,19,0,2014-10-06 23:00:00+00:00,2014-10-13 23:00:00+00:00,7.0,14.0,103.4999999999986,2014-B20,2014
AUD_NZD,2014-10-03,S,2.17527411455629,1.11573,2014-10-05 23:00:00+00:00,1.12074,19,2,2014-10-12 23:00:00+00:00,2014-10-19 23:00:00+00:00,7.0,14.0,138.9000000000018,2014-B20,2014
AUD_NZD,2014-10-22,S,2.1854048604330356,1.1066,2014-10-22 23:00:00+00:00,1.11624,19,0,2014-10-29 23:00:00+00:00,2014-11-06 00:00:00+00:00,7.0,14.041666666666666,30.49999999999997,2014-B22,2014
AUD_NZD,2014-12-11,L,-2.2136138102914864,1.05765,2014-12-12 00:00:00+00:00,1.06042,19,0,2014-12-19 00:00:00+00:00,2014-12-29 00:00:00+00:00,7.0,17.0,44.10000000000025,2014-B25,2014
AUD_NZD,2014-12-16,L,-2.0771794497348757,1.05345,2014-12-17 00:00:00+00:00,1.05581,19,0,2014-12-24 00:00:00+00:00,2015-01-02 03:00:00+00:00,7.0,16.125,40.70000000000018,2014-B26,2014
AUD_NZD,2015-02-10,L,-2.105355250346052,1.04925,2015-02-11 00:00:00+00:00,1.04847,19,0,2015-02-18 00:00:00+00:00,2015-02-25 00:00:00+00:00,7.0,14.0,5.1000000000001044,2015-B04,2015
AUD_NZD,2015-07-16,S,2.1995277895321936,1.13578,2015-07-16 23:00:00+00:00,1.13659,19,0,2015-07-23 23:00:00+00:00,2015-07-30 23:00:00+00:00,7.0,14.0,301.1000000000008,2015-B15,2015
AUD_NZD,2015-08-04,S,2.743839841978234,1.12799,2015-08-04 23:00:00+00:00,1.12823,19,0,2015-08-11 23:00:00+00:00,2015-08-18 23:00:00+00:00,7.0,14.0,149.40000000000174,2015-B16,2015
AUD_NZD,2015-08-24,S,2.091446236620497,1.10294,2015-08-24 23:00:00+00:00,1.11003,19,0,2015-08-31 23:00:00+00:00,2015-09-07 23:00:00+00:00,7.0,14.0,155.30000000000044,2015-B18,2015
AUD_NZD,2016-02-10,L,-2.079352735839014,1.06051,2016-02-11 00:00:00+00:00,1.06175,19,0,2016-02-18 00:00:00+00:00,2016-02-25 00:00:00+00:00,7.0,14.0,256.0000000000007,2016-B03,2016
AUD_NZD,2016-03-09,S,2.9148740185979944,1.12451,2016-03-10 00:00:00+00:00,1.12545,19,0,2016-03-16 23:00:00+00:00,2016-03-23 23:00:00+00:00,6.958333333333333,13.958333333333334,109.70000000000145,2016-B05,2016
AUD_NZD,2016-03-14,S,2.1410087081696596,1.12505,2016-03-14 23:00:00+00:00,1.1249,19,0,2016-03-21 23:00:00+00:00,2016-03-28 23:00:00+00:00,7.0,14.0,101.10000000000063,2016-B06,2016
AUD_NZD,2016-08-01,L,-2.243739576398232,1.0504,2016-08-01 23:00:00+00:00,1.04971,19,0,2016-08-08 23:00:00+00:00,2016-08-15 23:00:00+00:00,7.0,14.0,246.69999999999968,2016-B16,2016
AUD_NZD,2016-08-16,L,-2.0936051310597263,1.05649,2016-08-16 23:00:00+00:00,1.05704,19,0,2016-08-23 23:00:00+00:00,2016-08-30 23:00:00+00:00,7.0,14.0,8.399999999999519,2016-B17,2016
AUD_NZD,2016-11-30,L,-2.021934917884447,1.04226,2016-12-01 00:00:00+00:00,1.04279,19,0,2016-12-08 00:00:00+00:00,2016-12-15 00:00:00+00:00,7.0,14.0,89.69999999999922,2016-B24,2016
AUD_NZD,2016-12-02,L,-2.03356665453011,1.04283,2016-12-05 00:00:00+00:00,1.04876,19,2,2016-12-12 00:00:00+00:00,2016-12-19 00:00:00+00:00,7.0,14.0,30.000000000001137,2016-B24,2016
AUD_NZD,2016-12-07,L,-2.1068747774504586,1.04389,2016-12-08 00:00:00+00:00,1.03925,19,0,2016-12-15 00:00:00+00:00,2016-12-22 00:00:00+00:00,7.0,14.0,70.30000000000092,2016-B25,2016
AUD_NZD,2016-12-19,L,-2.1774028633866083,1.04528,2016-12-20 00:00:00+00:00,1.04725,19,0,2016-12-27 00:00:00+00:00,2017-01-03 00:00:00+00:00,7.0,14.0,30.600000000000627,2016-B26,2016
AUD_NZD,2016-12-22,L,-2.0259529660294575,1.04531,2016-12-23 00:00:00+00:00,1.04564,19,0,2016-12-30 00:00:00+00:00,2017-01-06 00:00:00+00:00,7.0,14.0,3.300000000001635,2016-B26,2016
AUD_NZD,2017-01-25,L,-2.984498278597758,1.03726,2017-01-26 00:00:00+00:00,1.03853,19,0,2017-02-02 00:00:00+00:00,2017-02-09 00:00:00+00:00,7.0,14.0,80.90000000000153,2017-B02,2017
AUD_NZD,2017-02-10,S,2.1071311738583525,1.06495,2017-02-13 00:00:00+00:00,1.0658,19,2,2017-02-20 00:00:00+00:00,2017-02-27 00:00:00+00:00,7.0,14.0,26.200000000000667,2017-B03,2017
AUD_NZD,2017-02-14,S,2.419574057648649,1.06877,2017-02-15 00:00:00+00:00,1.07016,19,0,2017-02-22 00:00:00+00:00,2017-03-01 00:00:00+00:00,7.0,14.0,67.60000000000099,2017-B04,2017
AUD_NZD,2017-02-20,S,2.0258293692183065,1.06903,2017-02-21 00:00:00+00:00,1.07188,19,0,2017-02-28 00:00:00+00:00,2017-03-07 00:00:00+00:00,7.0,14.0,77.39999999999857,2017-B04,2017
AUD_NZD,2017-03-01,S,2.087401193560754,1.07391,2017-03-02 00:00:00+00:00,1.0718,19,0,2017-03-09 00:00:00+00:00,2017-03-15 23:00:00+00:00,7.0,13.958333333333334,19.299999999999873,2017-B05,2017
AUD_NZD,2017-03-03,S,2.325684086857708,1.07798,2017-03-06 00:00:00+00:00,1.07874,19,2,2017-03-12 23:00:00+00:00,2017-03-19 23:00:00+00:00,6.958333333333333,13.958333333333334,2.2999999999995246,2017-B05,2017
AUD_NZD,2017-04-27,S,2.0912888505505376,1.08567,2017-04-27 23:00:00+00:00,1.0852,19,0,2017-05-04 23:00:00+00:00,2017-05-11 23:00:00+00:00,7.0,14.0,93.69999999999878,2017-B09,2017
AUD_NZD,2017-05-04,S,2.0008890211573824,1.07853,2017-05-04 23:00:00+00:00,1.07818,19,0,2017-05-11 23:00:00+00:00,2017-05-18 23:00:00+00:00,7.0,14.0,171.69999999999908,2017-B09,2017
AUD_NZD,2017-05-16,S,2.170763287035479,1.07896,2017-05-16 23:00:00+00:00,1.07707,19,0,2017-05-23 23:00:00+00:00,2017-05-30 23:00:00+00:00,7.0,14.0,125.50000000000061,2017-B10,2017
AUD_NZD,2017-08-23,S,2.113628377235023,1.09417,2017-08-23 23:00:00+00:00,1.09342,19,0,2017-08-30 23:00:00+00:00,2017-09-06 23:00:00+00:00,7.0,14.0,11.000000000001009,2017-B17,2017
AUD_NZD,2017-08-31,S,2.4225272121583292,1.10706,2017-08-31 23:00:00+00:00,1.10624,19,0,2017-09-07 23:00:00+00:00,2017-09-14 23:00:00+00:00,7.0,14.0,37.199999999999456,2017-B18,2017
AUD_NZD,2017-10-10,S,2.0374273549625137,1.10002,2017-10-10 23:00:00+00:00,1.10083,19,0,2017-10-17 23:00:00+00:00,2017-10-24 23:00:00+00:00,7.0,14.0,113.39999999999905,2017-B21,2017
AUD_NZD,2017-10-19,S,3.6913251089555064,1.11986,2017-10-19 23:00:00+00:00,1.12007,19,0,2017-10-26 23:00:00+00:00,2017-11-02 23:00:00+00:00,7.0,14.0,34.49999999999953,2017-B21,2017
AUD_NZD,2017-11-30,S,2.5264315369121544,1.10704,2017-12-01 00:00:00+00:00,1.10656,19,0,2017-12-08 00:00:00+00:00,2017-12-15 00:00:00+00:00,7.0,14.0,107.90000000000077,2017-B24,2017
AUD_NZD,2018-01-02,S,2.1073632389468755,1.10157,2018-01-03 00:00:00+00:00,1.10309,19,0,2018-01-10 00:00:00+00:00,2018-01-17 00:00:00+00:00,7.0,14.0,141.89999999999924,2018-B01,2018
AUD_NZD,2018-01-26,S,2.5525298287090252,1.10159,2018-01-29 00:00:00+00:00,1.10387,19,2,2018-02-05 00:00:00+00:00,2018-02-12 00:00:00+00:00,7.0,14.0,198.59999999999988,2018-B02,2018
AUD_NZD,2018-03-23,L,-2.001829277237286,1.06326,2018-03-25 23:00:00+00:00,1.06474,19,2,2018-04-01 23:00:00+00:00,2018-04-08 23:00:00+00:00,7.0,14.0,23.400000000000087,2018-B06,2018
AUD_NZD,2018-04-23,L,-2.081356034199413,1.06377,2018-04-23 23:00:00+00:00,1.06328,19,0,2018-04-30 23:00:00+00:00,2018-05-07 23:00:00+00:00,7.0,14.0,96.09999999999896,2018-B09,2018
AUD_NZD,2018-04-27,L,-2.042029040017882,1.06973,2018-04-29 23:00:00+00:00,1.06935,19,2,2018-05-06 23:00:00+00:00,2018-05-13 23:00:00+00:00,7.0,14.0,62.59999999999932,2018-B09,2018
AUD_NZD,2018-05-07,L,-2.119010992215783,1.07119,2018-05-07 23:00:00+00:00,1.07058,19,0,2018-05-14 23:00:00+00:00,2018-05-21 23:00:00+00:00,7.0,14.0,189.19999999999825,2018-B10,2018
AUD_NZD,2018-08-07,S,2.3662900222030228,1.10138,2018-08-07 23:00:00+00:00,1.10154,19,0,2018-08-14 23:00:00+00:00,2018-08-21 23:00:00+00:00,7.0,14.0,35.60000000000007,2018-B16,2018
AUD_NZD,2018-08-20,S,2.0964710632858425,1.10476,2018-08-20 23:00:00+00:00,1.10491,19,0,2018-08-27 23:00:00+00:00,2018-09-03 23:00:00+00:00,7.0,14.0,142.60000000000161,2018-B17,2018
AUD_NZD,2018-09-19,S,2.3252465085718654,1.09772,2018-09-19 23:00:00+00:00,1.0928,19,0,2018-09-26 23:00:00+00:00,2018-10-03 23:00:00+00:00,7.0,14.0,70.30000000000092,2018-B19,2018
AUD_NZD,2018-10-05,S,2.0062995102372114,1.09487,2018-10-07 23:00:00+00:00,1.09572,19,2,2018-10-14 23:00:00+00:00,2018-10-21 23:00:00+00:00,7.0,14.0,61.500000000000995,2018-B20,2018
AUD_NZD,2018-11-13,L,-2.1654015142566467,1.0669,2018-11-14 00:00:00+00:00,1.06791,19,0,2018-11-21 00:00:00+00:00,2018-11-28 00:00:00+00:00,7.0,14.0,33.60000000000029,2018-B23,2018
AUD_NZD,2018-11-20,L,-2.183048199709309,1.06204,2018-11-21 00:00:00+00:00,1.06273,19,0,2018-11-28 00:00:00+00:00,2018-12-05 00:00:00+00:00,7.0,14.0,69.39999999999947,2018-B24,2018
AUD_NZD,2018-12-05,L,-2.300778806037144,1.05352,2018-12-06 00:00:00+00:00,1.05287,19,0,2018-12-13 00:00:00+00:00,2018-12-20 00:00:00+00:00,7.0,14.0,26.399999999999757,2018-B25,2018
AUD_NZD,2018-12-18,L,-2.185085871695501,1.04818,2018-12-19 00:00:00+00:00,1.04917,19,0,2018-12-28 00:00:00+00:00,2019-01-08 00:00:00+00:00,9.0,20.0,63.10000000000038,2018-B26,2018
AUD_NZD,2019-01-03,L,-2.1606857414239724,1.04665,2019-01-04 00:00:00+00:00,1.04729,19,0,2019-01-11 00:00:00+00:00,2019-01-18 00:00:00+00:00,7.0,14.0,165.39999999999998,2019-B01,2019
AUD_NZD,2019-01-22,L,-2.2077369077470275,1.05453,2019-01-23 00:00:00+00:00,1.0525,19,0,2019-01-30 00:00:00+00:00,2019-02-06 00:00:00+00:00,7.0,14.0,20.599999999999508,2019-B02,2019
AUD_NZD,2019-06-25,L,-2.3860698059592242,1.04833,2019-06-25 23:00:00+00:00,1.04934,19,0,2019-07-02 23:00:00+00:00,2019-07-09 23:00:00+00:00,7.0,14.0,7.099999999999884,2019-B13,2019
AUD_NZD,2019-07-17,L,-2.889199771418025,1.04142,2019-07-17 23:00:00+00:00,1.04109,19,0,2019-07-24 23:00:00+00:00,2019-07-31 23:00:00+00:00,7.0,14.0,43.799999999998285,2019-B15,2019
AUD_NZD,2019-07-24,L,-2.45137658717284,1.0405,2019-07-24 23:00:00+00:00,1.04139,19,0,2019-07-31 23:00:00+00:00,2019-08-07 23:00:00+00:00,7.0,14.0,43.29999999999945,2019-B15,2019
AUD_NZD,2019-07-26,L,-2.1673937669707586,1.04114,2019-07-28 23:00:00+00:00,1.04062,19,2,2019-08-04 23:00:00+00:00,2019-08-11 23:00:00+00:00,7.0,14.0,50.99999999999882,2019-B15,2019
AUD_NZD,2019-08-01,L,-2.598602390220529,1.03698,2019-08-01 23:00:00+00:00,1.03801,19,0,2019-08-08 23:00:00+00:00,2019-08-15 23:00:00+00:00,7.0,14.0,141.09999999999843,2019-B16,2019
AUD_NZD,2019-08-29,S,2.2591842466079886,1.06577,2019-08-29 23:00:00+00:00,1.06628,19,0,2019-09-05 23:00:00+00:00,2019-09-12 23:00:00+00:00,7.0,14.0,24.399999999999977,2019-B18,2019
AUD_NZD,2019-09-03,S,2.0787870736556973,1.06663,2019-09-03 23:00:00+00:00,1.06711,19,0,2019-09-10 23:00:00+00:00,2019-09-17 23:00:00+00:00,7.0,14.0,39.59999999999963,2019-B18,2019
AUD_NZD,2019-09-11,S,2.0442993954956483,1.06989,2019-09-11 23:00:00+00:00,1.07059,19,0,2019-09-18 23:00:00+00:00,2019-09-25 23:00:00+00:00,7.0,14.0,29.69999999999917,2019-B19,2019
AUD_NZD,2019-10-28,S,2.0896054843155505,1.07702,2019-10-28 23:00:00+00:00,1.07647,19,0,2019-11-05 00:00:00+00:00,2019-11-12 00:00:00+00:00,7.041666666666667,14.041666666666666,57.000000000000384,2019-B22,2019
AUD_NZD,2020-02-20,L,-2.0391427594245144,1.04371,2020-02-21 00:00:00+00:00,1.04438,19,0,2020-02-28 00:00:00+00:00,2020-03-06 00:00:00+00:00,7.0,14.0,22.899999999999032,2020-B04,2020
AUD_NZD,2020-03-06,L,-2.0566965614443276,1.04516,2020-03-08 23:00:00+00:00,1.04517,19,2,2020-03-15 23:00:00+00:00,2020-03-22 23:00:00+00:00,7.0,14.0,58.50000000000133,2020-B05,2020
AUD_NZD,2020-07-14,S,2.3624774118534955,1.06788,2020-07-14 23:00:00+00:00,1.06786,19,0,2020-07-21 23:00:00+00:00,2020-07-28 23:00:00+00:00,7.0,14.0,28.600000000000847,2020-B15,2020
AUD_NZD,2020-09-21,S,2.054295520111614,1.08312,2020-09-21 23:00:00+00:00,1.08464,19,0,2020-09-28 23:00:00+00:00,2020-10-05 23:00:00+00:00,7.0,14.0,128.70000000000158,2020-B20,2020
AUD_NZD,2020-09-30,S,2.063729360376794,1.08192,2020-09-30 23:00:00+00:00,1.08209,19,0,2020-10-07 23:00:00+00:00,2020-10-14 23:00:00+00:00,7.0,14.0,60.99999999999994,2020-B20,2020
AUD_NZD,2020-10-05,S,2.1571332509518824,1.08084,2020-10-05 23:00:00+00:00,1.0811,19,0,2020-10-12 23:00:00+00:00,2020-10-19 23:00:00+00:00,7.0,14.0,51.099999999999476,2020-B21,2020
AUD_NZD,2020-10-07,S,2.654243527655538,1.08451,2020-10-07 23:00:00+00:00,1.08565,19,0,2020-10-14 23:00:00+00:00,2020-10-21 23:00:00+00:00,7.0,14.0,135.8999999999999,2020-B21,2020
AUD_NZD,2021-03-23,S,2.4765278131025195,1.08653,2021-03-23 23:00:00+00:00,1.0877,19,0,2021-03-28 23:00:00+00:00,2021-04-02 23:00:00+00:00,5.0,10.0,115.79999999999923,2021-B06,2021
AUD_NZD,2021-03-29,S,2.521215804355183,1.08986,2021-03-29 23:00:00+00:00,1.0888,19,0,2021-04-03 23:00:00+00:00,2021-04-08 23:00:00+00:00,5.0,10.0,128.29999999999896,2021-B07,2021
AUD_NZD,2021-05-26,L,-2.063350182095055,1.06301,2021-05-26 23:00:00+00:00,1.06341,19,0,2021-05-31 23:00:00+00:00,2021-06-05 23:00:00+00:00,5.0,10.0,26.199000000000083,2021-B11,2021
AUD_NZD,2021-07-15,L,-2.0504395354874667,1.05958,2021-07-15 23:00:00+00:00,1.05863,19,0,2021-07-20 23:00:00+00:00,2021-07-25 23:00:00+00:00,5.0,10.0,28.399999999999537,2021-B14,2021
AUD_NZD,2021-07-21,L,-2.342224926565794,1.05505,2021-07-21 23:00:00+00:00,1.05594,19,0,2021-07-26 23:00:00+00:00,2021-07-31 23:00:00+00:00,5.0,10.0,48.032000000000075,2021-B15,2021
AUD_NZD,2021-07-23,L,-2.230037017199324,1.05439,2021-07-23 23:00:00+00:00,1.0550219,19,0,2021-07-28 23:00:00+00:00,2021-08-02 23:00:00+00:00,5.0,10.0,91.28099999999861,2021-B15,2021
AUD_NZD,2021-07-29,L,-2.1979574571093297,1.05254,2021-07-29 23:00:00+00:00,1.05498,19,0,2021-08-03 23:00:00+00:00,2021-08-08 23:00:00+00:00,5.0,10.0,37.199999999999456,2021-B15,2021
AUD_NZD,2021-08-04,L,-2.759803288692529,1.04525,2021-08-04 23:00:00+00:00,1.0481,19,0,2021-08-09 23:00:00+00:00,2021-08-14 23:00:00+00:00,5.0,10.0,25.28099999999922,2021-B16,2021
AUD_NZD,2021-08-19,L,-2.418556790670617,1.04146,2021-08-19 23:00:00+00:00,1.04789,19,0,2021-08-24 23:00:00+00:00,2021-08-29 23:00:00+00:00,5.0,10.0,0.9959999999997748,2021-B17,2021
AUD_NZD,2021-08-24,L,-2.1338078874683952,1.04251,2021-08-24 23:00:00+00:00,1.0447696,19,0,2021-08-29 23:00:00+00:00,2021-09-03 23:00:00+00:00,5.0,10.0,11.410000000000586,2021-B17,2021
AUD_NZD,2021-09-02,L,-2.0971425869344054,1.04007,2021-09-02 23:00:00+00:00,1.04064,19,0,2021-09-07 23:00:00+00:00,2021-09-12 23:00:00+00:00,5.0,10.0,47.58499999999888,2021-B18,2021
AUD_NZD,2021-09-07,L,-2.1193051933600002,1.03973,2021-09-07 23:00:00+00:00,1.04065,19,0,2021-09-12 23:00:00+00:00,2021-09-17 23:00:00+00:00,5.0,10.0,3.8199999999988243,2021-B18,2021
AUD_NZD,2021-10-01,L,-2.750540634812973,1.03621,2021-10-01 23:00:00+00:00,1.0449815,19,0,2021-10-06 23:00:00+00:00,2021-10-11 23:00:00+00:00,5.0,10.0,81.05100000000087,2021-B20,2021
AUD_NZD,2021-10-15,L,-2.5311601428953385,1.04256,2021-10-15 23:00:00+00:00,1.0500433,19,0,2021-10-20 23:00:00+00:00,2021-10-25 23:00:00+00:00,5.0,10.0,2.1389999999987808,2021-B21,2021
AUD_NZD,2021-11-26,L,-3.3945861138087343,1.03375,2021-11-27 00:00:00+00:00,1.043128,19,0,2021-12-02 00:00:00+00:00,2021-12-08 00:00:00+00:00,5.0,11.0,66.5199999999988,2021-B24,2021
AUD_NZD,2021-11-30,L,-2.0106099536162567,1.04403,2021-12-01 00:00:00+00:00,1.04496,19,0,2021-12-07 00:00:00+00:00,2021-12-14 00:00:00+00:00,6.0,13.0,7.599999999998719,2021-B24,2021
AUD_CAD,2014-02-20,S,2.0231465082086917,0.99914,2014-02-21 00:00:00+00:00,1.0003,19,0,2014-02-28 00:00:00+00:00,2014-03-07 00:00:00+00:00,7.0,14.0,94.19999999999983,2014-B04,2014
AUD_CAD,2014-03-07,S,2.0073038123455937,1.00469,2014-03-09 23:00:00+00:00,1.00405,19,2,2014-03-16 23:00:00+00:00,2014-03-23 23:00:00+00:00,7.0,14.0,121.4000000000015,2014-B05,2014
AUD_CAD,2014-03-18,S,2.5894146509678624,1.01576,2014-03-18 23:00:00+00:00,1.01593,19,0,2014-03-25 23:00:00+00:00,2014-04-01 23:00:00+00:00,7.0,14.0,30.600000000000627,2014-B06,2014
AUD_CAD,2014-05-27,S,2.021384034647479,1.0049,2014-05-27 23:00:00+00:00,1.00559,19,0,2014-06-03 23:00:00+00:00,2014-06-10 23:00:00+00:00,7.0,14.0,47.699999999999406,2014-B11,2014
AUD_CAD,2014-05-29,S,2.485605146118957,1.00815,2014-05-29 23:00:00+00:00,1.00888,19,0,2014-06-05 23:00:00+00:00,2014-06-12 23:00:00+00:00,7.0,14.0,57.40000000000078,2014-B11,2014
AUD_CAD,2014-07-01,S,2.118364842788163,1.00924,2014-07-01 23:00:00+00:00,1.00943,19,0,2014-07-08 23:00:00+00:00,2014-07-15 23:00:00+00:00,7.0,14.0,158.20000000000056,2014-B14,2014
AUD_CAD,2014-07-23,S,2.694724895331892,1.01397,2014-07-23 23:00:00+00:00,1.01304,19,0,2014-07-30 23:00:00+00:00,2014-08-06 23:00:00+00:00,7.0,14.0,29.69999999999917,2014-B15,2014
AUD_CAD,2014-09-17,L,-2.340244448864558,0.98499,2014-09-17 23:00:00+00:00,0.9863,19,0,2014-09-24 23:00:00+00:00,2014-10-01 23:00:00+00:00,7.0,14.0,11.700000000000044,2014-B19,2014
AUD_CAD,2014-09-25,L,-2.2419911923163114,0.97608,2014-09-25 23:00:00+00:00,0.97763,19,0,2014-10-02 23:00:00+00:00,2014-10-09 23:00:00+00:00,7.0,14.0,57.59999999999987,2014-B20,2014
AUD_CAD,2014-09-29,L,-2.3092417400627108,0.97279,2014-09-29 23:00:00+00:00,0.97222,19,0,2014-10-06 23:00:00+00:00,2014-10-13 23:00:00+00:00,7.0,14.0,111.70000000000013,2014-B20,2014
AUD_CAD,2014-10-01,L,-2.0463451778974178,0.97404,2014-10-01 23:00:00+00:00,0.97509,19,0,2014-10-08 23:00:00+00:00,2014-10-15 23:00:00+00:00,7.0,14.0,110.0000000000001,2014-B20,2014
AUD_CAD,2014-11-19,L,-2.106114124005682,0.9769,2014-11-20 00:00:00+00:00,0.97649,19,0,2014-11-27 00:00:00+00:00,2014-12-04 00:00:00+00:00,7.0,14.0,76.8000000000002,2014-B24,2014
AUD_CAD,2015-03-31,L,-2.556297531884971,0.96447,2015-03-31 23:00:00+00:00,0.96599,19,0,2015-04-07 23:00:00+00:00,2015-04-14 23:00:00+00:00,7.0,14.0,41.79999999999961,2015-B07,2015
AUD_CAD,2015-04-13,L,-2.854305701857856,0.95517,2015-04-13 23:00:00+00:00,0.95514,19,0,2015-04-20 23:00:00+00:00,2015-04-27 23:00:00+00:00,7.0,14.0,34.10000000000024,2015-B08,2015
AUD_CAD,2015-04-30,L,-2.2690737074590244,0.95339,2015-04-30 23:00:00+00:00,0.95379,19,0,2015-05-07 23:00:00+00:00,2015-05-14 23:00:00+00:00,7.0,14.0,99.29999999999994,2015-B09,2015
AUD_CAD,2015-05-28,L,-2.163705376684821,0.95087,2015-05-28 23:00:00+00:00,0.95117,19,0,2015-06-04 23:00:00+00:00,2015-06-11 23:00:00+00:00,7.0,14.0,204.40000000000012,2015-B11,2015
AUD_CAD,2015-06-05,L,-2.447911286553952,0.9464,2015-06-07 23:00:00+00:00,0.94892,19,2,2015-06-14 23:00:00+00:00,2015-06-21 23:00:00+00:00,7.0,14.0,81.4999999999999,2015-B12,2015
AUD_CAD,2015-06-09,L,-2.2320790225174703,0.94835,2015-06-09 23:00:00+00:00,0.94853,19,0,2015-06-16 23:00:00+00:00,2015-06-23 23:00:00+00:00,7.0,14.0,107.39999999999971,2015-B12,2015
AUD_CAD,2015-06-12,L,-2.0008231562471783,0.95042,2015-06-14 23:00:00+00:00,0.95164,19,2,2015-06-21 23:00:00+00:00,2015-06-28 23:00:00+00:00,7.0,14.0,76.29999999999914,2015-B12,2015
AUD_CAD,2015-06-17,L,-2.564731829538402,0.94747,2015-06-17 23:00:00+00:00,0.94434,19,0,2015-06-24 23:00:00+00:00,2015-07-01 23:00:00+00:00,7.0,14.0,118.00000000000033,2015-B13,2015
AUD_CAD,2015-07-03,L,-3.340545732225402,0.94365,2015-07-05 23:00:00+00:00,0.94399,19,2,2015-07-12 23:00:00+00:00,2015-07-19 23:00:00+00:00,7.0,14.0,74.60000000000022,2015-B14,2015
AUD_CAD,2015-07-24,L,-2.2194152391484745,0.94929,2015-07-26 23:00:00+00:00,0.94855,19,2,2015-08-02 23:00:00+00:00,2015-08-09 23:00:00+00:00,7.0,14.0,98.89999999999954,2015-B15,2015
AUD_CAD,2015-08-26,L,-2.0535466701828216,0.94631,2015-08-26 23:00:00+00:00,0.94694,19,0,2015-09-02 23:00:00+00:00,2015-09-09 23:00:00+00:00,7.0,14.0,29.799999999999827,2015-B18,2015
AUD_CAD,2015-09-23,L,-2.181898490119952,0.93256,2015-09-23 23:00:00+00:00,0.93254,19,0,2015-09-30 23:00:00+00:00,2015-10-07 23:00:00+00:00,7.0,14.0,110.29999999999984,2015-B20,2015
AUD_CAD,2015-10-01,L,-2.040159149464492,0.9326,2015-10-01 23:00:00+00:00,0.93228,19,0,2015-10-08 23:00:00+00:00,2015-10-15 23:00:00+00:00,7.0,14.0,131.09999999999954,2015-B20,2015
AUD_CAD,2015-10-29,L,-2.0632414438462634,0.93141,2015-10-29 23:00:00+00:00,0.93294,19,0,2015-11-06 00:00:00+00:00,2015-11-13 00:00:00+00:00,7.041666666666667,14.041666666666666,114.89999999999999,2015-B22,2015
AUD_CAD,2015-11-10,L,-2.2086586805548825,0.933,2015-11-11 00:00:00+00:00,0.93493,19,0,2015-11-18 00:00:00+00:00,2015-11-25 00:00:00+00:00,7.0,14.0,158.0999999999999,2015-B23,2015
AUD_CAD,2015-12-01,S,2.4167975708487783,0.97776,2015-12-02 00:00:00+00:00,0.97783,19,0,2015-12-09 00:00:00+00:00,2015-12-16 00:00:00+00:00,7.0,14.0,55.29999999999924,2015-B25,2015
AUD_CAD,2015-12-03,S,2.3575650660459444,0.98006,2015-12-04 00:00:00+00:00,0.9784,19,0,2015-12-11 00:00:00+00:00,2015-12-18 00:00:00+00:00,7.0,14.0,39.60000000000074,2015-B25,2015
AUD_CAD,2015-12-10,S,2.5607713581735774,0.99178,2015-12-11 00:00:00+00:00,0.99074,19,0,2015-12-18 00:00:00+00:00,2015-12-28 00:00:00+00:00,7.0,17.0,70.5,2015-B25,2015
AUD_CAD,2015-12-16,S,2.2695474842212793,0.99541,2015-12-17 00:00:00+00:00,0.99345,19,0,2015-12-24 00:00:00+00:00,2016-01-04 00:00:00+00:00,7.0,18.0,45.700000000000735,2015-B26,2015
AUD_CAD,2016-02-22,S,2.576805328579621,0.99015,2016-02-23 00:00:00+00:00,0.99109,19,0,2016-03-01 00:00:00+00:00,2016-03-08 00:00:00+00:00,7.0,14.0,294.2,2016-B04,2016
AUD_CAD,2016-03-03,S,2.1764136382284245,0.98512,2016-03-04 00:00:00+00:00,0.98567,19,0,2016-03-11 00:00:00+00:00,2016-03-17 23:00:00+00:00,7.0,13.958333333333334,10.100000000000664,2016-B05,2016
AUD_CAD,2016-04-14,S,2.544420394913214,0.98791,2016-04-14 23:00:00+00:00,0.9875,19,0,2016-04-21 23:00:00+00:00,2016-04-28 23:00:00+00:00,7.0,14.0,36.10000000000002,2016-B08,2016
AUD_CAD,2016-09-23,S,2.748815057881083,1.00328,2016-09-25 23:00:00+00:00,1.00132,19,2,2016-10-02 23:00:00+00:00,2016-10-09 23:00:00+00:00,7.0,14.0,11.200000000000099,2016-B19,2016
AUD_CAD,2016-10-14,S,2.196866748953353,1.0004,2016-10-16 23:00:00+00:00,0.9982,19,2,2016-10-23 23:00:00+00:00,2016-10-30 23:00:00+00:00,7.0,14.0,4.100000000000215,2016-B21,2016
AUD_CAD,2017-02-22,S,2.028037983243492,1.01346,2017-02-23 00:00:00+00:00,1.01052,19,0,2017-03-02 00:00:00+00:00,2017-03-09 00:00:00+00:00,7.0,14.0,83.3000000000017,2017-B04,2017
AUD_CAD,2017-02-28,S,2.082101327057919,1.01794,2017-03-01 00:00:00+00:00,1.02006,19,0,2017-03-08 00:00:00+00:00,2017-03-14 23:00:00+00:00,7.0,13.958333333333334,97.59999999999991,2017-B05,2017
AUD_CAD,2017-03-20,S,2.2120594347075575,1.03204,2017-03-20 23:00:00+00:00,1.03095,19,0,2017-03-27 23:00:00+00:00,2017-04-03 23:00:00+00:00,7.0,14.0,154.09999999999923,2017-B06,2017
AUD_CAD,2017-04-24,S,2.343132819797663,1.02153,2017-04-24 23:00:00+00:00,1.02407,19,0,2017-05-01 23:00:00+00:00,2017-05-08 23:00:00+00:00,7.0,14.0,122.2000000000012,2017-B09,2017
AUD_CAD,2017-07-04,L,-2.623458718662252,0.98266,2017-07-04 23:00:00+00:00,0.98436,19,0,2017-07-11 23:00:00+00:00,2017-07-18 23:00:00+00:00,7.0,14.0,32.49999999999975,2017-B14,2017
AUD_CAD,2017-07-12,L,-2.2086326947866386,0.97864,2017-07-12 23:00:00+00:00,0.97903,19,0,2017-07-19 23:00:00+00:00,2017-07-26 23:00:00+00:00,7.0,14.0,247.80000000000135,2017-B14,2017
AUD_CAD,2017-09-06,L,-3.0510366977932337,0.9778,2017-09-06 23:00:00+00:00,0.9798,19,0,2017-09-13 23:00:00+00:00,2017-09-20 23:00:00+00:00,7.0,14.0,19.000000000000128,2017-B18,2017
AUD_CAD,2017-09-21,L,-2.3968760088481726,0.97765,2017-09-21 23:00:00+00:00,0.97734,19,0,2017-09-28 23:00:00+00:00,2017-10-05 23:00:00+00:00,7.0,14.0,66.8000000000002,2017-B19,2017
AUD_CAD,2017-09-26,L,-2.8104464780562775,0.9734,2017-09-26 23:00:00+00:00,0.97386,19,0,2017-10-03 23:00:00+00:00,2017-10-10 23:00:00+00:00,7.0,14.0,85.20000000000083,2017-B20,2017
AUD_CAD,2017-10-05,L,-2.066971068477288,0.97935,2017-10-05 23:00:00+00:00,0.97923,19,0,2017-10-12 23:00:00+00:00,2017-10-19 23:00:00+00:00,7.0,14.0,5.499999999999394,2017-B20,2017
AUD_CAD,2017-10-18,L,-2.094426202317451,0.97805,2017-10-18 23:00:00+00:00,0.97768,19,0,2017-10-25 23:00:00+00:00,2017-11-01 23:00:00+00:00,7.0,14.0,106.50000000000048,2017-B21,2017
AUD_CAD,2017-11-03,L,-2.902916450882632,0.9757,2017-11-06 00:00:00+00:00,0.976,19,2,2017-11-13 00:00:00+00:00,2017-11-20 00:00:00+00:00,7.0,14.0,30.600000000000627,2017-B22,2017
AUD_CAD,2018-01-05,L,-2.1809784808976267,0.9756,2018-01-08 00:00:00+00:00,0.97417,19,2,2018-01-15 00:00:00+00:00,2018-01-22 00:00:00+00:00,7.0,14.0,166.80000000000027,2018-B01,2018
AUD_CAD,2018-03-05,S,2.2693781002529354,1.00645,2018-03-06 00:00:00+00:00,1.0087,19,0,2018-03-12 23:00:00+00:00,2018-03-19 23:00:00+00:00,6.958333333333333,13.958333333333334,79.499999999999,2018-B05,2018
AUD_CAD,2018-07-26,L,-2.197702940434041,0.96433,2018-07-26 23:00:00+00:00,0.96462,19,0,2018-08-02 23:00:00+00:00,2018-08-09 23:00:00+00:00,7.0,14.0,62.39999999999912,2018-B15,2018
AUD_CAD,2018-07-30,L,-2.01311449698226,0.96544,2018-07-30 23:00:00+00:00,0.96508,19,0,2018-08-06 23:00:00+00:00,2018-08-13 23:00:00+00:00,7.0,14.0,57.79999999999896,2018-B16,2018
AUD_CAD,2018-08-01,L,-2.3340060367083186,0.96266,2018-08-01 23:00:00+00:00,0.96256,19,0,2018-08-08 23:00:00+00:00,2018-08-15 23:00:00+00:00,7.0,14.0,81.1000000000006,2018-B16,2018
AUD_CAD,2018-08-09,L,-2.3533420538343437,0.9621,2018-08-09 23:00:00+00:00,0.96178,19,0,2018-08-16 23:00:00+00:00,2018-08-23 23:00:00+00:00,7.0,14.0,3.9000000000000146,2018-B16,2018
AUD_CAD,2018-08-22,L,-2.3283598829624927,0.95506,2018-08-22 23:00:00+00:00,0.95392,19,0,2018-08-29 23:00:00+00:00,2018-09-05 23:00:00+00:00,7.0,14.0,25.399999999999867,2018-B17,2018
AUD_CAD,2018-11-02,L,-2.0312849097244055,0.94286,2018-11-05 00:00:00+00:00,0.94327,19,2,2018-11-12 00:00:00+00:00,2018-11-19 00:00:00+00:00,7.0,14.0,135.99999999999946,2018-B22,2018
AUD_CAD,2019-02-06,L,-2.4715165158245913,0.93872,2019-02-07 00:00:00+00:00,0.93859,19,0,2019-02-14 00:00:00+00:00,2019-02-21 00:00:00+00:00,7.0,14.0,68.19999999999936,2019-B03,2019
AUD_CAD,2019-02-08,L,-2.0302092529797826,0.9407,2019-02-11 00:00:00+00:00,0.94248,19,2,2019-02-18 00:00:00+00:00,2019-02-25 00:00:00+00:00,7.0,14.0,46.800000000000175,2019-B03,2019
AUD_CAD,2019-02-22,L,-2.0633002851785034,0.93585,2019-02-25 00:00:00+00:00,0.94025,19,2,2019-03-04 00:00:00+00:00,2019-03-10 23:00:00+00:00,7.0,13.958333333333334,72.99999999999973,2019-B04,2019
AUD_CAD,2019-02-28,L,-2.3429487244170497,0.93425,2019-03-01 00:00:00+00:00,0.934,19,0,2019-03-08 00:00:00+00:00,2019-03-14 23:00:00+00:00,7.0,13.958333333333334,138.49999999999918,2019-B05,2019
AUD_CAD,2019-05-13,L,-2.045091390491355,0.9358,2019-05-13 23:00:00+00:00,0.93605,19,0,2019-05-20 23:00:00+00:00,2019-05-27 23:00:00+00:00,7.0,14.0,13.199999999999878,2019-B10,2019
AUD_CAD,2019-06-10,L,-2.2188796173061007,0.9232,2019-06-10 23:00:00+00:00,0.92336,19,0,2019-06-17 23:00:00+00:00,2019-06-24 23:00:00+00:00,7.0,14.0,21.30000000000076,2019-B12,2019
AUD_CAD,2019-06-13,L,-2.1892481390743006,0.92145,2019-06-13 23:00:00+00:00,0.92105,19,0,2019-06-20 23:00:00+00:00,2019-06-27 23:00:00+00:00,7.0,14.0,19.399999999999416,2019-B12,2019
AUD_CAD,2019-07-01,L,-2.149885662257032,0.9147,2019-07-01 23:00:00+00:00,0.91478,19,0,2019-07-08 23:00:00+00:00,2019-07-15 23:00:00+00:00,7.0,14.0,57.300000000000125,2019-B14,2019
AUD_CAD,2019-07-05,L,-2.2622673406113476,0.9126,2019-07-07 23:00:00+00:00,0.91295,19,2,2019-07-14 23:00:00+00:00,2019-07-21 23:00:00+00:00,7.0,14.0,27.599999999999845,2019-B14,2019
AUD_CAD,2019-07-16,L,-2.097064045821336,0.9177,2019-07-16 23:00:00+00:00,0.91811,19,0,2019-07-23 23:00:00+00:00,2019-07-30 23:00:00+00:00,7.0,14.0,66.10000000000005,2019-B15,2019
AUD_CAD,2019-07-19,L,-2.0984293651833403,0.91945,2019-07-21 23:00:00+00:00,0.91938,19,2,2019-07-28 23:00:00+00:00,2019-08-04 23:00:00+00:00,7.0,14.0,53.40000000000011,2019-B15,2019
AUD_CAD,2019-07-23,L,-2.2257420771783627,0.91965,2019-07-23 23:00:00+00:00,0.91915,19,0,2019-07-30 23:00:00+00:00,2019-08-06 23:00:00+00:00,7.0,14.0,0.8999999999992347,2019-B15,2019
AUD_CAD,2019-12-04,L,-2.521925863138585,0.9038,2019-12-05 00:00:00+00:00,0.90164,19,0,2019-12-12 00:00:00+00:00,2019-12-19 00:00:00+00:00,7.0,14.0,59.9000000000005,2019-B25,2019
AUD_CAD,2019-12-13,L,-2.2156150520351554,0.9051,2019-12-16 00:00:00+00:00,0.90624,19,2,2019-12-23 00:00:00+00:00,2020-01-03 00:00:00+00:00,7.0,18.0,34.19999999999978,2019-B25,2019
AUD_CAD,2020-01-03,L,-2.02451120670533,0.90315,2020-01-06 00:00:00+00:00,0.90245,19,2,2020-01-13 00:00:00+00:00,2020-01-20 00:00:00+00:00,7.0,14.0,1.2000000000000899,2020-B01,2020
AUD_CAD,2020-02-06,L,-2.2517703978560433,0.89395,2020-02-07 00:00:00+00:00,0.89321,19,0,2020-02-14 00:00:00+00:00,2020-02-21 00:00:00+00:00,7.0,14.0,22.000000000000906,2020-B03,2020
AUD_CAD,2020-03-12,L,-3.222816171764496,0.86825,2020-03-12 23:00:00+00:00,0.87495,19,0,2020-03-19 23:00:00+00:00,2020-03-26 23:00:00+00:00,7.0,14.0,61.09999999999948,2020-B06,2020
AUD_CAD,2020-04-02,L,-2.1613928309294796,0.8563,2020-04-02 23:00:00+00:00,0.8569,19,0,2020-04-09 23:00:00+00:00,2020-04-16 23:00:00+00:00,7.0,14.0,308.69999999999953,2020-B07,2020
AUD_CAD,2020-06-29,S,2.016388905581148,0.93763,2020-06-29 23:00:00+00:00,0.93845,19,0,2020-07-06 23:00:00+00:00,2020-07-13 23:00:00+00:00,7.0,14.0,36.19999999999956,2020-B14,2020
AUD_CAD,2020-10-21,S,2.030515707063232,0.9353,2020-10-21 23:00:00+00:00,0.93451,19,0,2020-10-28 23:00:00+00:00,2020-11-05 00:00:00+00:00,7.0,14.041666666666666,17.599999999999838,2020-B22,2020
AUD_CAD,2020-10-23,S,2.044652092494083,0.9363,2020-10-25 23:00:00+00:00,0.93759,19,2,2020-11-02 00:00:00+00:00,2020-11-09 00:00:00+00:00,7.041666666666667,14.041666666666666,45.89999999999983,2020-B22,2020
AUD_CAD,2020-11-03,S,2.1810549741956544,0.94045,2020-11-04 00:00:00+00:00,0.9402,19,0,2020-11-11 00:00:00+00:00,2020-11-18 00:00:00+00:00,7.0,14.0,46.800000000000175,2020-B23,2020
AUD_CAD,2021-02-04,S,2.0358160237342178,0.97467,2021-02-05 00:00:00+00:00,0.97454,19,0,2021-02-12 00:00:00+00:00,2021-02-17 00:00:00+00:00,7.0,12.0,24.399999999999977,2021-B03,2021
AUD_CAD,2021-03-09,S,2.3222652839898896,0.9755,2021-03-10 00:00:00+00:00,0.9741875000000001,19,0,2021-03-16 23:00:00+00:00,2021-03-23 23:00:00+00:00,6.958333333333333,13.958333333333334,118.8750000000005,2021-B05,2021
AUD_CAD,2021-05-21,L,-2.2805168844455834,0.9325166,2021-05-24 23:00:00+00:00,0.9339319,19,3,2021-05-31 23:00:00+00:00,2021-06-07 23:00:00+00:00,7.0,14.0,69.69699999999968,2021-B10,2021
AUD_CAD,2021-05-27,L,-2.157028075265595,0.9341565,2021-05-27 23:00:00+00:00,0.93452,19,0,2021-06-03 23:00:00+00:00,2021-06-10 23:00:00+00:00,7.0,14.0,27.409999999999933,2021-B11,2021
AUD_CAD,2021-06-02,L,-2.1785308668043006,0.9325,2021-06-02 23:00:00+00:00,0.93238,19,0,2021-06-09 23:00:00+00:00,2021-06-16 23:00:00+00:00,7.0,14.0,62.98700000000101,2021-B11,2021
AUD_CAD,2021-06-17,L,-2.0280694910206063,0.9331584999999999,2021-06-17 23:00:00+00:00,0.9329028999999999,19,0,2021-06-24 23:00:00+00:00,2021-07-01 23:00:00+00:00,7.0,14.0,31.389000000001666,2021-B12,2021
AUD_CAD,2021-06-29,L,-2.0220671205395324,0.9311,2021-06-29 23:00:00+00:00,0.931442,19,0,2021-07-06 23:00:00+00:00,2021-07-13 23:00:00+00:00,7.0,14.0,62.845999999999734,2021-B13,2021
AUD_CAD,2021-07-08,L,-2.024284499621068,0.931244,2021-07-08 23:00:00+00:00,0.9313240999999999,19,0,2021-07-15 23:00:00+00:00,2021-07-22 23:00:00+00:00,7.0,14.0,62.6480000000007,2021-B14,2021
AUD_CAD,2021-12-16,L,-2.1111708477877777,0.9174124,2021-12-17 00:00:00+00:00,0.91746,19,0,2021-12-24 00:00:00+00:00,2021-12-31 00:00:00+00:00,7.0,14.0,113.33999999999955,2021-B25,2021
NZD_CAD,2014-09-10,L,-2.2882474552814918,0.89758,2014-09-10 23:00:00+00:00,0.89761,19,0,2014-09-17 23:00:00+00:00,2014-09-24 23:00:00+00:00,7.0,14.0,78.19999999999938,2014-B19,2014
NZD_CAD,2014-09-16,L,-2.0070064091475825,0.89954,2014-09-16 23:00:00+00:00,0.89876,19,0,2014-09-23 23:00:00+00:00,2014-09-30 23:00:00+00:00,7.0,14.0,0.40000000000040004,2014-B19,2014
NZD_CAD,2014-09-23,L,-2.292803927631589,0.89176,2014-09-23 23:00:00+00:00,0.89412,19,0,2014-09-30 23:00:00+00:00,2014-10-07 23:00:00+00:00,7.0,14.0,21.299999999999653,2014-B20,2014
NZD_CAD,2014-10-23,L,-2.5005282589200752,0.87825,2014-10-23 23:00:00+00:00,0.87835,19,0,2014-10-30 23:00:00+00:00,2014-11-07 00:00:00+00:00,7.0,14.041666666666666,131.49999999999994,2014-B22,2014
NZD_CAD,2014-11-05,L,-2.624964315289071,0.87954,2014-11-06 00:00:00+00:00,0.87632,19,0,2014-11-13 00:00:00+00:00,2014-11-20 00:00:00+00:00,7.0,14.0,166.0000000000006,2014-B23,2014
NZD_CAD,2014-11-14,L,-2.209136183325619,0.89207,2014-11-17 00:00:00+00:00,0.89701,19,2,2014-11-24 00:00:00+00:00,2014-12-01 00:00:00+00:00,7.0,14.0,40.79999999999972,2014-B23,2014
NZD_CAD,2014-12-17,L,-2.449773975625655,0.89564,2014-12-18 00:00:00+00:00,0.89587,19,0,2014-12-26 03:00:00+00:00,2015-01-05 00:00:00+00:00,8.125,18.0,92.79999999999954,2014-B26,2014
NZD_CAD,2015-02-23,S,2.002944766168632,0.9456,2015-02-24 00:00:00+00:00,0.94656,19,0,2015-03-03 00:00:00+00:00,2015-03-09 23:00:00+00:00,7.0,13.958333333333334,129.49999999999906,2015-B05,2015
NZD_CAD,2015-03-16,S,2.185921072931765,0.94088,2015-03-16 23:00:00+00:00,0.94262,19,0,2015-03-23 23:00:00+00:00,2015-03-30 23:00:00+00:00,7.0,14.0,112.10000000000052,2015-B06,2015
NZD_CAD,2015-03-18,S,2.1970670726273958,0.93957,2015-03-18 23:00:00+00:00,0.9417,19,0,2015-03-25 23:00:00+00:00,2015-04-01 23:00:00+00:00,7.0,14.0,62.59999999999932,2015-B06,2015
NZD_CAD,2015-04-17,S,2.4597632957495827,0.93983,2015-04-19 23:00:00+00:00,0.94062,19,2,2015-04-26 23:00:00+00:00,2015-05-03 23:00:00+00:00,7.0,14.0,252.29999999999973,2015-B08,2015
NZD_CAD,2015-05-12,L,-2.0283726408067695,0.88334,2015-05-12 23:00:00+00:00,0.89034,19,0,2015-05-19 23:00:00+00:00,2015-05-26 23:00:00+00:00,7.0,14.0,139.00000000000023,2015-B10,2015
NZD_CAD,2015-06-18,L,-2.2028387548392314,0.84632,2015-06-18 23:00:00+00:00,0.84574,19,0,2015-06-25 23:00:00+00:00,2015-07-02 23:00:00+00:00,7.0,14.0,111.29999999999973,2015-B13,2015
NZD_CAD,2015-06-26,L,-2.1083020908992864,0.84135,2015-06-28 23:00:00+00:00,0.84231,19,2,2015-07-05 23:00:00+00:00,2015-07-12 23:00:00+00:00,7.0,14.0,94.40000000000003,2015-B13,2015
NZD_CAD,2015-07-03,L,-2.0854974556594374,0.84015,2015-07-05 23:00:00+00:00,0.84297,19,2,2015-07-12 23:00:00+00:00,2015-07-19 23:00:00+00:00,7.0,14.0,171.40000000000043,2015-B14,2015
NZD_CAD,2015-07-16,L,-2.1928543698315592,0.84438,2015-07-16 23:00:00+00:00,0.84549,19,0,2015-07-23 23:00:00+00:00,2015-07-30 23:00:00+00:00,7.0,14.0,239.90000000000066,2015-B15,2015
NZD_CAD,2015-07-30,L,-2.078600087924995,0.85811,2015-07-30 23:00:00+00:00,0.85906,19,0,2015-08-06 23:00:00+00:00,2015-08-13 23:00:00+00:00,7.0,14.0,95.89999999999986,2015-B16,2015
NZD_CAD,2015-08-05,L,-2.206514889858171,0.85768,2015-08-05 23:00:00+00:00,0.85931,19,0,2015-08-12 23:00:00+00:00,2015-08-19 23:00:00+00:00,7.0,14.0,115.29999999999929,2015-B16,2015
NZD_CAD,2015-08-10,L,-2.183712616966685,0.86038,2015-08-10 23:00:00+00:00,0.86025,19,0,2015-08-17 23:00:00+00:00,2015-08-24 23:00:00+00:00,7.0,14.0,23.600000000000286,2015-B17,2015
NZD_CAD,2015-08-24,L,-3.136071833977265,0.86005,2015-08-24 23:00:00+00:00,0.85852,19,0,2015-08-31 23:00:00+00:00,2015-09-07 23:00:00+00:00,7.0,14.0,105.1000000000002,2015-B18,2015
NZD_CAD,2015-10-13,L,-2.249239828518757,0.86583,2015-10-13 23:00:00+00:00,0.86501,19,0,2015-10-20 23:00:00+00:00,2015-10-27 23:00:00+00:00,7.0,14.0,253.30000000000072,2015-B21,2015
NZD_CAD,2015-12-10,S,2.177995176429071,0.91996,2015-12-11 00:00:00+00:00,0.91955,19,0,2015-12-18 00:00:00+00:00,2015-12-28 00:00:00+00:00,7.0,17.0,13.400000000000079,2015-B25,2015
NZD_CAD,2016-02-11,S,2.199765888493694,0.93554,2016-02-12 00:00:00+00:00,0.9311,19,0,2016-02-19 00:00:00+00:00,2016-02-26 00:00:00+00:00,7.0,14.0,268.5999999999999,2016-B03,2016
NZD_CAD,2016-06-16,S,2.233968029594442,0.91307,2016-06-16 23:00:00+00:00,0.91175,19,0,2016-06-23 23:00:00+00:00,2016-06-30 23:00:00+00:00,7.0,14.0,56.79999999999907,2016-B12,2016
NZD_CAD,2016-06-22,S,2.1847138514340485,0.91842,2016-06-22 23:00:00+00:00,0.91766,19,0,2016-06-29 23:00:00+00:00,2016-07-06 23:00:00+00:00,7.0,14.0,124.50000000000071,2016-B13,2016
NZD_CAD,2016-07-07,S,2.284768591982095,0.93905,2016-07-07 23:00:00+00:00,0.94001,19,0,2016-07-14 23:00:00+00:00,2016-07-21 23:00:00+00:00,7.0,14.0,162.40000000000032,2016-B14,2016
NZD_CAD,2016-08-02,S,2.022595855427757,0.94913,2016-08-02 23:00:00+00:00,0.94451,19,0,2016-08-09 23:00:00+00:00,2016-08-16 23:00:00+00:00,7.0,14.0,112.79999999999956,2016-B16,2016
NZD_CAD,2016-08-24,S,2.269576021361738,0.94468,2016-08-24 23:00:00+00:00,0.94553,19,0,2016-08-31 23:00:00+00:00,2016-09-07 23:00:00+00:00,7.0,14.0,76.19999999999959,2016-B17,2016
NZD_CAD,2016-10-18,S,2.6013992202220066,0.94212,2016-10-18 23:00:00+00:00,0.94469,19,0,2016-10-25 23:00:00+00:00,2016-11-01 23:00:00+00:00,7.0,14.0,59.20000000000036,2016-B21,2016
NZD_CAD,2016-12-02,S,2.2949555260101366,0.94798,2016-12-05 00:00:00+00:00,0.94519,19,2,2016-12-12 00:00:00+00:00,2016-12-19 00:00:00+00:00,7.0,14.0,116.89999999999978,2016-B24,2016
NZD_CAD,2017-02-06,S,2.272432905398999,0.95755,2017-02-07 00:00:00+00:00,0.95701,19,0,2017-02-14 00:00:00+00:00,2017-02-21 00:00:00+00:00,7.0,14.0,205.10000000000028,2017-B03,2017
NZD_CAD,2017-04-12,L,-2.399987746919168,0.92238,2017-04-12 23:00:00+00:00,0.92578,19,0,2017-04-19 23:00:00+00:00,2017-04-26 23:00:00+00:00,7.0,14.0,238.49999999999926,2017-B08,2017
NZD_CAD,2017-06-02,S,2.5101400195216033,0.96307,2017-06-04 23:00:00+00:00,0.96311,19,2,2017-06-11 23:00:00+00:00,2017-06-18 23:00:00+00:00,7.0,14.0,42.69999999999996,2017-B11,2017
NZD_CAD,2017-08-23,L,-2.219423202683008,0.90634,2017-08-23 23:00:00+00:00,0.90728,19,0,2017-08-30 23:00:00+00:00,2017-09-06 23:00:00+00:00,7.0,14.0,40.900000000000375,2017-B17,2017
NZD_CAD,2017-08-31,L,-2.511004374202982,0.8957,2017-08-31 23:00:00+00:00,0.89542,19,0,2017-09-07 23:00:00+00:00,2017-09-14 23:00:00+00:00,7.0,14.0,26.800000000000157,2017-B18,2017
NZD_CAD,2017-09-26,L,-2.257839246046322,0.8897,2017-09-26 23:00:00+00:00,0.89048,19,0,2017-10-03 23:00:00+00:00,2017-10-10 23:00:00+00:00,7.0,14.0,145.99999999999946,2017-B20,2017
NZD_CAD,2017-10-03,L,-2.1080034408259127,0.8937,2017-10-03 23:00:00+00:00,0.89448,19,0,2017-10-10 23:00:00+00:00,2017-10-17 23:00:00+00:00,7.0,14.0,32.89999999999904,2017-B20,2017
NZD_CAD,2017-10-18,L,-2.166031316082208,0.8913,2017-10-18 23:00:00+00:00,0.89194,19,0,2017-10-25 23:00:00+00:00,2017-11-01 23:00:00+00:00,7.0,14.0,11.400000000000299,2017-B21,2017
NZD_CAD,2018-03-06,S,2.09776147394094,0.9386,2018-03-07 00:00:00+00:00,0.94279,19,0,2018-03-13 23:00:00+00:00,2018-03-20 23:00:00+00:00,6.958333333333333,13.958333333333334,103.9000000000001,2018-B05,2018
NZD_CAD,2018-03-13,S,2.6186959173876354,0.94935,2018-03-13 23:00:00+00:00,0.94979,19,0,2018-03-20 23:00:00+00:00,2018-03-27 23:00:00+00:00,7.0,14.0,128.40000000000072,2018-B06,2018
NZD_CAD,2018-08-02,L,-2.4092969400965254,0.87777,2018-08-02 23:00:00+00:00,0.87736,19,0,2018-08-09 23:00:00+00:00,2018-08-16 23:00:00+00:00,7.0,14.0,52.99999999999971,2018-B16,2018
NZD_CAD,2018-08-23,L,-2.0994824069127764,0.8678,2018-08-23 23:00:00+00:00,0.86787,19,0,2018-08-30 23:00:00+00:00,2018-09-06 23:00:00+00:00,7.0,14.0,46.39999999999977,2018-B17,2018
NZD_CAD,2018-08-27,L,-2.0601802997835823,0.86775,2018-08-27 23:00:00+00:00,0.86888,19,0,2018-09-03 23:00:00+00:00,2018-09-10 23:00:00+00:00,7.0,14.0,5.5000000000005045,2018-B18,2018
NZD_CAD,2018-09-06,L,-2.1431946829726725,0.8657,2018-09-06 23:00:00+00:00,0.86581,19,0,2018-09-13 23:00:00+00:00,2018-09-20 23:00:00+00:00,7.0,14.0,6.599999999999939,2018-B18,2018
NZD_CAD,2019-01-31,S,2.1707374468353824,0.90768,2019-02-01 00:00:00+00:00,0.90789,19,0,2019-02-08 00:00:00+00:00,2019-02-15 00:00:00+00:00,7.0,14.0,149.09999999999977,2019-B03,2019
NZD_CAD,2019-02-05,S,2.099262325946657,0.90495,2019-02-06 00:00:00+00:00,0.90606,19,0,2019-02-13 00:00:00+00:00,2019-02-20 00:00:00+00:00,7.0,14.0,160.09999999999968,2019-B03,2019
NZD_CAD,2019-02-14,S,2.618564316595705,0.9087,2019-02-15 00:00:00+00:00,0.90695,19,0,2019-02-22 00:00:00+00:00,2019-03-01 00:00:00+00:00,7.0,14.0,114.00000000000077,2019-B04,2019
NZD_CAD,2019-02-25,S,2.485729442395748,0.9077,2019-02-26 00:00:00+00:00,0.9073,19,0,2019-03-05 00:00:00+00:00,2019-03-11 23:00:00+00:00,7.0,13.958333333333334,129.70000000000036,2019-B05,2019
NZD_CAD,2019-03-04,S,2.5055281386428363,0.9071,2019-03-05 00:00:00+00:00,0.90765,19,0,2019-03-11 23:00:00+00:00,2019-03-18 23:00:00+00:00,6.958333333333333,13.958333333333334,45.999999999999375,2019-B05,2019
NZD_CAD,2019-04-03,S,2.1196589228325906,0.9044,2019-04-03 23:00:00+00:00,0.90585,19,0,2019-04-10 23:00:00+00:00,2019-04-17 23:00:00+00:00,7.0,14.0,98.6000000000009,2019-B07,2019
NZD_CAD,2019-04-15,S,2.1025012535639487,0.90395,2019-04-15 23:00:00+00:00,0.9046,19,0,2019-04-22 23:00:00+00:00,2019-04-29 23:00:00+00:00,7.0,14.0,142.5999999999994,2019-B08,2019
NZD_CAD,2019-06-19,L,-2.0631296549715965,0.86805,2019-06-19 23:00:00+00:00,0.86965,19,0,2019-06-26 23:00:00+00:00,2019-07-03 23:00:00+00:00,7.0,14.0,99.09999999999974,2019-B13,2019
NZD_CAD,2019-07-04,L,-2.011900217158942,0.8726,2019-07-04 23:00:00+00:00,0.87307,19,0,2019-07-11 23:00:00+00:00,2019-07-18 23:00:00+00:00,7.0,14.0,7.699999999999374,2019-B14,2019
NZD_CAD,2019-07-25,L,-2.4501339687585815,0.87725,2019-07-25 23:00:00+00:00,0.8764,19,0,2019-08-01 23:00:00+00:00,2019-08-08 23:00:00+00:00,7.0,14.0,3.7000000000009248,2019-B15,2019
NZD_CAD,2020-02-19,L,-2.0227997169627026,0.84415,2020-02-20 00:00:00+00:00,0.84438,19,0,2020-02-27 00:00:00+00:00,2020-03-05 00:00:00+00:00,7.0,14.0,5.499999999999394,2020-B04,2020
NZD_CAD,2020-02-25,L,-2.1264509883007663,0.8394,2020-02-26 00:00:00+00:00,0.83871,19,0,2020-03-04 00:00:00+00:00,2020-03-10 23:00:00+00:00,7.0,13.958333333333334,75.20000000000081,2020-B05,2020
NZD_CAD,2020-02-28,L,-2.120408822747832,0.83666,2020-03-02 00:00:00+00:00,0.8332,19,2,2020-03-08 23:00:00+00:00,2020-03-15 23:00:00+00:00,6.958333333333333,13.958333333333334,294.69999999999993,2020-B05,2020
NZD_CAD,2020-03-19,L,-2.7850468013386025,0.82195,2020-03-19 23:00:00+00:00,0.82415,19,0,2020-03-26 23:00:00+00:00,2020-04-02 23:00:00+00:00,7.0,14.0,217.6,2020-B06,2020
NZD_CAD,2020-06-04,S,2.587409802026118,0.87225,2020-06-04 23:00:00+00:00,0.87259,19,0,2020-06-11 23:00:00+00:00,2020-06-18 23:00:00+00:00,7.0,14.0,12.199999999999989,2020-B12,2020
NZD_CAD,2020-06-17,S,2.0920516763179777,0.87585,2020-06-17 23:00:00+00:00,0.87507,19,0,2020-06-24 23:00:00+00:00,2020-07-01 23:00:00+00:00,7.0,14.0,60.20000000000025,2020-B13,2020
NZD_CAD,2020-06-22,S,2.0086394447573945,0.876,2020-06-22 23:00:00+00:00,0.87685,19,0,2020-06-29 23:00:00+00:00,2020-07-06 23:00:00+00:00,7.0,14.0,55.600000000000094,2020-B13,2020
NZD_CAD,2020-06-26,S,2.050071191431906,0.87862,2020-06-28 23:00:00+00:00,0.87787,19,2,2020-07-05 23:00:00+00:00,2020-07-12 23:00:00+00:00,7.0,14.0,33.199999999999896,2020-B13,2020
NZD_CAD,2020-07-01,S,2.119117506126965,0.87985,2020-07-01 23:00:00+00:00,0.88057,19,0,2020-07-08 23:00:00+00:00,2020-07-15 23:00:00+00:00,7.0,14.0,0.5999999999994898,2020-B14,2020
NZD_CAD,2020-07-30,S,2.500286967622605,0.89888,2020-07-30 23:00:00+00:00,0.89808,19,0,2020-08-06 23:00:00+00:00,2020-08-13 23:00:00+00:00,7.0,14.0,183.29999999999956,2020-B16,2020
NZD_CAD,2020-08-28,S,2.253289701988107,0.88281,2020-08-30 23:00:00+00:00,0.88222,19,2,2020-09-06 23:00:00+00:00,2020-09-13 23:00:00+00:00,7.0,14.0,70.2999999999998,2020-B18,2020
NZD_CAD,2020-09-01,S,2.2127009382907343,0.88262,2020-09-01 23:00:00+00:00,0.8835,19,0,2020-09-08 23:00:00+00:00,2020-09-15 23:00:00+00:00,7.0,14.0,96.60000000000001,2020-B18,2020
NZD_CAD,2020-09-14,S,2.157039091543995,0.8827,2020-09-14 23:00:00+00:00,0.88252,19,0,2020-09-21 23:00:00+00:00,2020-09-28 23:00:00+00:00,7.0,14.0,18.69999999999927,2020-B19,2020
NZD_CAD,2020-10-01,S,2.038931002405821,0.88266,2020-10-01 23:00:00+00:00,0.88364,19,0,2020-10-08 23:00:00+00:00,2020-10-15 23:00:00+00:00,7.0,14.0,169.59999999999974,2020-B20,2020
NZD_CAD,2020-10-26,S,2.4948806895153477,0.88241,2020-10-26 23:00:00+00:00,0.8816,19,0,2020-11-03 00:00:00+00:00,2020-11-10 00:00:00+00:00,7.041666666666667,14.041666666666666,54.00000000000071,2020-B22,2020
NZD_CAD,2020-11-03,S,2.1291554810726927,0.87988,2020-11-04 00:00:00+00:00,0.88071,19,0,2020-11-11 00:00:00+00:00,2020-11-18 00:00:00+00:00,7.0,14.0,42.7999999999995,2020-B23,2020
NZD_CAD,2020-12-16,S,2.2801376672171365,0.90637,2020-12-17 00:00:00+00:00,0.90616,19,0,2020-12-24 00:00:00+00:00,2021-01-04 00:00:00+00:00,7.0,18.0,8.599999999999719,2020-B26,2020
NZD_CAD,2021-01-20,S,2.035976596650564,0.9059074,2021-01-21 00:00:00+00:00,0.9062,19,0,2021-01-28 00:00:00+00:00,2021-02-03 00:00:00+00:00,7.0,13.0,0.9999999999998899,2021-B02,2021
NZD_CAD,2021-03-09,S,2.278261865626864,0.9069168,2021-03-10 00:00:00+00:00,0.90637,19,0,2021-03-16 23:00:00+00:00,2021-03-23 23:00:00+00:00,6.958333333333333,13.958333333333334,181.20000000000024,2021-B05,2021
NZD_CAD,2021-05-21,L,-2.1832728939667376,0.86502,2021-05-24 23:00:00+00:00,0.86913,19,3,2021-05-31 23:00:00+00:00,2021-06-07 23:00:00+00:00,7.0,14.0,160.90600000000066,2021-B10,2021
NZD_CAD,2021-06-02,L,-2.2444234797655667,0.87082,2021-06-02 23:00:00+00:00,0.8707332999999999,19,0,2021-06-09 23:00:00+00:00,2021-06-16 23:00:00+00:00,7.0,14.0,41.22600000000198,2021-B11,2021
NZD_CAD,2021-07-09,L,-2.0592795734042375,0.8707192999999999,2021-07-11 23:00:00+00:00,0.87184,19,2,2021-07-18 23:00:00+00:00,2021-07-25 23:00:00+00:00,7.0,14.0,129.3120000000003,2021-B14,2021
NZD_CAD,2021-07-20,L,-2.1914582204452357,0.8768,2021-07-20 23:00:00+00:00,0.8773,19,0,2021-07-27 23:00:00+00:00,2021-08-03 23:00:00+00:00,7.0,14.0,20.155000000000587,2021-B15,2021
NZD_CAD,2021-08-05,L,-2.0679013766758088,0.8817,2021-08-05 23:00:00+00:00,0.8805,19,0,2021-08-12 23:00:00+00:00,2021-08-19 23:00:00+00:00,7.0,14.0,31.199000000001753,2021-B16,2021
NZD_CAD,2021-08-17,L,-3.186415699144073,0.87378,2021-08-17 23:00:00+00:00,0.87453,19,0,2021-08-24 23:00:00+00:00,2021-08-31 23:00:00+00:00,7.0,14.0,76.44600000000001,2021-B17,2021
NZD_CAD,2021-10-07,L,-2.0504598278803914,0.86913,2021-10-07 23:00:00+00:00,0.87032,19,0,2021-10-14 23:00:00+00:00,2021-10-21 23:00:00+00:00,7.0,14.0,13.798000000000421,2021-B20,2021
NZD_CAD,2021-12-06,L,-2.0787353709767653,0.8609,2021-12-07 00:00:00+00:00,0.86051,19,0,2021-12-15 00:00:00+00:00,2021-12-22 00:00:00+00:00,8.0,15.0,77.90199999999969,2021-B25,2021
