date,nav_jpy,burn_per_day_jpy,days_to_floor,floor_date_est,method,burn_fit_per_day_jpy,days_to_floor_fit,burn_keeper_per_day_jpy,burn_edge_per_day_jpy,edge_basis,nav_ts_utc
2026-09-07,276304,82.0,174,2027-02-28,audit_default,,,,,,
2026-09-10,275586,82.0,165,2027-02-22,audit_default,,,,,,
2026-09-11,275677,82.0,166,2027-02-24,audit_default,,,,,,
2026-09-12,275677,82.0,166,2027-02-25,audit_default,,,,,,
2026-09-14,275517,82.0,164,2027-02-25,audit_default,,,,,,
2026-09-15,275517,82.0,164,2027-02-26,audit_default,,,,,,
2026-09-16,275517,74.8,180,2027-03-15,fit,,,,,,
2026-09-17,275517,64.3,210,2027-04-15,fit,,,,,,
2026-09-18,275517,55.8,242,2027-05-18,fit,,,,,,
2026-09-19,275517,55.8,242,2027-05-19,fit,,,,,,
2026-09-21,275517,40.4,334,2027-08-21,fit,,,,,,
2026-09-22,275517,68.3,197,2027-04-07,decomposed,34.6,390,68.3,0.0,unavailable:keeper_split_unknown(span=15d),
2026-09-23,275472,68.3,197,2027-04-08,decomposed,31.4,428,68.3,0.0,unavailable:keeper_split_unknown(span=16d),2026-09-23T19:21:55.369242+00:00
2026-09-24,275272,68.3,194,2027-04-06,decomposed,33.0,402,68.3,0.0,unavailable:keeper_split_unknown(span=17d),2026-09-24T19:39:55.916554+00:00
2026-09-25,274940,68.3,189,2027-04-02,decomposed,39.8,324,68.3,0.0,unavailable:keeper_split_unknown(span=18d),2026-09-25T19:45:16.718999+00:00
2026-09-26,274940,68.3,189,2027-04-03,decomposed,39.8,324,68.3,0.0,unavailable:keeper_split_unknown(span=19d),2026-09-26T00:27:24.223100+00:00
2026-09-28,274844,68.3,187,2027-04-03,decomposed,47.1,272,68.3,0.0,unavailable:keeper_split_unknown(span=21d),2026-09-28T21:28:21.173777+00:00
2026-09-29,274948,68.3,189,2027-04-06,decomposed,48.6,266,68.3,0.0,unavailable:keeper_split_unknown(span=22d),2026-09-29T20:21:18.789845+00:00
2026-09-30,274798,68.3,187,2027-04-05,decomposed,48.9,261,68.3,0.0,unavailable:keeper_split_unknown(span=23d),2026-09-30T20:25:11.498782+00:00
2026-10-01,274293,129.8,94,2027-01-03,decomposed,51.8,237,68.3,61.5,"nav_delta:2026-09-15->2026-10-01:16d,keeper_rt_in_window=3,transfers_jpy=+0,n_transfers=0",2026-10-01T20:40:44.482155+00:00
2026-10-02,274084,124.4,97,2027-01-07,decomposed,61.2,197,68.3,56.1,"nav_delta:2026-09-15->2026-10-02:17d,keeper_rt_in_window=6,transfers_jpy=+0,n_transfers=0",2026-10-02T20:15:12.943855+00:00
2026-10-03,274101,120.3,100,2027-01-11,decomposed,61.0,198,68.3,52.0,"nav_delta:2026-09-15->2026-10-03:18d,keeper_rt_in_window=6,transfers_jpy=+0,n_transfers=0",2026-10-03T01:01:13.675058+00:00
2026-10-05,274246,95.9,127,2027-02-09,decomposed,65.6,186,68.3,27.5,"nav_delta:2026-09-15->2026-10-05:20d,keeper_rt_in_window=9,transfers_jpy=+0,n_transfers=0",2026-10-05T14:09:19.666640+00:00
