observation_date,DEXSZUS
2008-01-02,1.1174
2008-01-03,1.1134
2008-01-04,1.1064
2008-01-07,1.1176
2008-01-08,1.1138
2008-01-09,1.1151
2008-01-10,1.1069
2008-01-11,1.1026
2008-01-14,1.0928
2008-01-15,1.0917
2008-01-16,1.1008
2008-01-17,1.0993
2008-01-18,1.1010
2008-01-21,
2008-01-22,1.0986
2008-01-23,1.0898
2008-01-24,1.0869
2008-01-25,1.0986
2008-01-28,1.0878
2008-01-29,1.0940
2008-01-30,1.0927
2008-01-31,1.0845
2008-02-01,1.0821
2008-02-04,1.0892
2008-02-05,1.1005
2008-02-06,1.0977
2008-02-07,1.1049
2008-02-08,1.1038
2008-02-11,1.1023
2008-02-12,1.1006
2008-02-13,1.1074
2008-02-14,1.0984
2008-02-15,1.0913
2008-02-18,
2008-02-19,1.0930
2008-02-20,1.1003
2008-02-21,1.0916
2008-02-22,1.0856
2008-02-25,1.0856
2008-02-26,1.0849
2008-02-27,1.0637
2008-02-28,1.0533
2008-02-29,1.0435
2008-03-03,1.0431
2008-03-04,1.0354
2008-03-05,1.0364
2008-03-06,1.0291
2008-03-07,1.0250
2008-03-10,1.0192
2008-03-11,1.0292
2008-03-12,1.0217
2008-03-13,1.0116
2008-03-14,1.0072
2008-03-17,0.9860
2008-03-18,0.9899
2008-03-19,1.0006
2008-03-20,1.0107
2008-03-21,1.0085
2008-03-24,1.0230
2008-03-25,1.0088
2008-03-26,0.9955
2008-03-27,0.9932
2008-03-28,0.9981
2008-03-31,0.9921
2008-04-01,1.0108
2008-04-02,1.0148
2008-04-03,1.0079
2008-04-04,1.0052
2008-04-07,1.0144
2008-04-08,1.0140
2008-04-09,1.0019
2008-04-10,1.0051
2008-04-11,1.0016
2008-04-14,0.9975
2008-04-15,1.0019
2008-04-16,0.9979
2008-04-17,1.0025
2008-04-18,1.0253
2008-04-21,1.0121
2008-04-22,1.0004
2008-04-23,1.0146
2008-04-24,1.0341
2008-04-25,1.0335
2008-04-28,1.0339
2008-04-29,1.0329
2008-04-30,1.0422
2008-05-01,1.0478
2008-05-02,1.0562
2008-05-05,1.0539
2008-05-06,1.0485
2008-05-07,1.0583
2008-05-08,1.0510
2008-05-09,1.0432
2008-05-12,1.0443
2008-05-13,1.0490
2008-05-14,1.0558
2008-05-15,1.0531
2008-05-16,1.0448
2008-05-19,1.0545
2008-05-20,1.0376
2008-05-21,1.0297
2008-05-22,1.0324
2008-05-23,1.0235
2008-05-26,
2008-05-27,1.0284
2008-05-28,1.0382
2008-05-29,1.0480
2008-05-30,1.0426
2008-06-02,1.0379
2008-06-03,1.0437
2008-06-04,1.0408
2008-06-05,1.0398
2008-06-06,1.0237
2008-06-09,1.0237
2008-06-10,1.0404
2008-06-11,1.0328
2008-06-12,1.0441
2008-06-13,1.0485
2008-06-16,1.0435
2008-06-17,1.0428
2008-06-18,1.0413
2008-06-19,1.0457
2008-06-20,1.0345
2008-06-23,1.0474
2008-06-24,1.0384
2008-06-25,1.0424
2008-06-26,1.0274
2008-06-27,1.0205
2008-06-30,1.0202
2008-07-01,1.0183
2008-07-02,1.0151
2008-07-03,1.0273
2008-07-04,
2008-07-07,1.0328
2008-07-08,1.0324
2008-07-09,1.0301
2008-07-10,1.0282
2008-07-11,1.0179
2008-07-14,1.0162
2008-07-15,1.0089
2008-07-16,1.0148
2008-07-17,1.0197
2008-07-18,1.0207
2008-07-21,1.0207
2008-07-22,1.0283
2008-07-23,1.0372
2008-07-24,1.0390
2008-07-25,1.0386
2008-07-28,1.0332
2008-07-29,1.0454
2008-07-30,1.0484
2008-07-31,1.0489
2008-08-01,1.0480
2008-08-04,1.0492
2008-08-05,1.0548
2008-08-06,1.0602
2008-08-07,1.0617
2008-08-08,1.0801
2008-08-11,1.0828
2008-08-12,1.0880
2008-08-13,1.0855
2008-08-14,1.0911
2008-08-15,1.0960
2008-08-18,1.0959
2008-08-19,1.0927
2008-08-20,1.1008
2008-08-21,1.0862
2008-08-22,1.0970
2008-08-25,1.0926
2008-08-26,1.1004
2008-08-27,1.1009
2008-08-28,1.0994
2008-08-29,1.1019
2008-09-01,
2008-09-02,1.1070
2008-09-03,1.1055
2008-09-04,1.1094
2008-09-05,1.1110
2008-09-08,1.1306
2008-09-09,1.1250
2008-09-10,1.1360
2008-09-11,1.1395
2008-09-12,1.1335
2008-09-15,1.1194
2008-09-16,1.1199
2008-09-17,1.1208
2008-09-18,1.0988
2008-09-19,1.1107
2008-09-22,1.0834
2008-09-23,1.0813
2008-09-24,1.0889
2008-09-25,1.0883
2008-09-26,1.0890
2008-09-29,1.0964
2008-09-30,1.1189
2008-10-01,1.1209
2008-10-02,1.1339
2008-10-03,1.1295
2008-10-06,1.1456
2008-10-07,1.1399
2008-10-08,1.1272
2008-10-09,1.1311
2008-10-10,1.1221
2008-10-13,
2008-10-14,1.1347
2008-10-15,1.1346
2008-10-16,1.1332
2008-10-17,1.1339
2008-10-20,1.1511
2008-10-21,1.1581
2008-10-22,1.1656
2008-10-23,1.1625
2008-10-24,1.1526
2008-10-27,1.1581
2008-10-28,1.1612
2008-10-29,1.1371
2008-10-30,1.1450
2008-10-31,1.1669
2008-11-03,1.1681
2008-11-04,1.1627
2008-11-05,1.1606
2008-11-06,1.1745
2008-11-07,1.1761
2008-11-10,1.1784
2008-11-11,
2008-11-12,1.1790
2008-11-13,1.1995
2008-11-14,1.1870
2008-11-17,1.1954
2008-11-18,1.1976
2008-11-19,1.2103
2008-11-20,1.2197
2008-11-21,1.2237
2008-11-24,1.1968
2008-11-25,1.1863
2008-11-26,1.2064
2008-11-27,
2008-11-28,1.2165
2008-12-01,1.2076
2008-12-02,1.2062
2008-12-03,1.2142
2008-12-04,1.1971
2008-12-05,1.2238
2008-12-08,1.2036
2008-12-09,1.2062
2008-12-10,1.1949
2008-12-11,1.1872
2008-12-12,1.1796
2008-12-15,1.1590
2008-12-16,1.1406
2008-12-17,1.0852
2008-12-18,1.0775
2008-12-19,1.1105
2008-12-22,1.0949
2008-12-23,1.0856
2008-12-24,1.0788
2008-12-25,
2008-12-26,1.0700
2008-12-29,1.0414
2008-12-30,1.0567
2008-12-31,1.0673
2009-01-01,
2009-01-02,1.0685
2009-01-05,1.1077
2009-01-06,1.1212
2009-01-07,1.0941
2009-01-08,1.0925
2009-01-09,1.1096
2009-01-12,1.1139
2009-01-13,1.1212
2009-01-14,1.1179
2009-01-15,1.1232
2009-01-16,1.1177
2009-01-19,
2009-01-20,1.1432
2009-01-21,1.1473
2009-01-22,1.1538
2009-01-23,1.1629
2009-01-26,1.1437
2009-01-27,1.1388
2009-01-28,1.1442
2009-01-29,1.1507
2009-01-30,1.1612
2009-02-02,1.1640
2009-02-03,1.1419
2009-02-04,1.1579
2009-02-05,1.1654
2009-02-06,1.1694
2009-02-09,1.1566
2009-02-10,1.1535
2009-02-11,1.1599
2009-02-12,1.1634
2009-02-13,1.1581
2009-02-16,
2009-02-17,1.1744
2009-02-18,1.1813
2009-02-19,1.1742
2009-02-20,1.1681
2009-02-23,1.1633
2009-02-24,1.1670
2009-02-25,1.1646
2009-02-26,1.1647
2009-02-27,1.1672
2009-03-02,1.1723
2009-03-03,1.1755
2009-03-04,1.1762
2009-03-05,1.1727
2009-03-06,1.1525
2009-03-09,1.1634
2009-03-10,1.1540
2009-03-11,1.1585
2009-03-12,1.1893
2009-03-13,1.1880
2009-03-16,1.1819
2009-03-17,1.1826
2009-03-18,1.1667
2009-03-19,1.1184
2009-03-20,1.1243
2009-03-23,1.1290
2009-03-24,1.1285
2009-03-25,1.1239
2009-03-26,1.1272
2009-03-27,1.1435
2009-03-30,1.1532
2009-03-31,1.1395
2009-04-01,1.1465
2009-04-02,1.1349
2009-04-03,1.1321
2009-04-06,1.1388
2009-04-07,1.1443
2009-04-08,1.1459
2009-04-09,1.1583
2009-04-10,1.1575
2009-04-13,1.1356
2009-04-14,1.1387
2009-04-15,1.1453
2009-04-16,1.1471
2009-04-17,1.1674
2009-04-20,1.1713
2009-04-21,1.1654
2009-04-22,1.1634
2009-04-23,1.1581
2009-04-24,1.1368
2009-04-27,1.1472
2009-04-28,1.1517
2009-04-29,1.1309
2009-04-30,1.1402
2009-05-01,1.1364
2009-05-04,1.1289
2009-05-05,1.1297
2009-05-06,1.1313
2009-05-07,1.1278
2009-05-08,1.1202
2009-05-11,1.1067
2009-05-12,1.1052
2009-05-13,1.1061
2009-05-14,1.1060
2009-05-15,1.1132
2009-05-18,1.1181
2009-05-19,1.1121
2009-05-20,1.1022
2009-05-21,1.1010
2009-05-22,1.0847
2009-05-25,
2009-05-26,1.0833
2009-05-27,1.0861
2009-05-28,1.0838
2009-05-29,1.0692
2009-06-01,1.0688
2009-06-02,1.0624
2009-06-03,1.0684
2009-06-04,1.0679
2009-06-05,1.0852
2009-06-08,1.0929
2009-06-09,1.0822
2009-06-10,1.0816
2009-06-11,1.0721
2009-06-12,1.0756
2009-06-15,1.0942
2009-06-16,1.0853
2009-06-17,1.0870
2009-06-18,1.0827
2009-06-19,1.0773
2009-06-22,1.0875
2009-06-23,1.0707
2009-06-24,1.0842
2009-06-25,1.0960
2009-06-26,1.0856
2009-06-29,1.0849
2009-06-30,1.0867
2009-07-01,1.0720
2009-07-02,1.0836
2009-07-03,1.0863
2009-07-06,1.0877
2009-07-07,1.0858
2009-07-08,1.0923
2009-07-09,1.0773
2009-07-10,1.0856
2009-07-13,1.0842
2009-07-14,1.0850
2009-07-15,1.0746
2009-07-16,1.0755
2009-07-17,1.0766
2009-07-20,1.0688
2009-07-21,1.0677
2009-07-22,1.0659
2009-07-23,1.0667
2009-07-24,1.0701
2009-07-27,1.0729
2009-07-28,1.0704
2009-07-29,1.0882
2009-07-30,1.0894
2009-07-31,1.0668
2009-08-03,1.0578
2009-08-04,1.0605
2009-08-05,1.0630
2009-08-06,1.0658
2009-08-07,1.0826
2009-08-10,1.0855
2009-08-11,1.0825
2009-08-12,1.0765
2009-08-13,1.0715
2009-08-14,1.0719
2009-08-17,1.0787
2009-08-18,1.0795
2009-08-19,1.0630
2009-08-20,1.0659
2009-08-21,1.0613
2009-08-24,1.0606
2009-08-25,1.0575
2009-08-26,1.0697
2009-08-27,1.0667
2009-08-28,1.0560
2009-08-31,1.0569
2009-09-01,1.0653
2009-09-02,1.0628
2009-09-03,1.0598
2009-09-04,1.0613
2009-09-07,
2009-09-08,1.0463
2009-09-09,1.0403
2009-09-10,1.0396
2009-09-11,1.0373
2009-09-14,1.0359
2009-09-15,1.0374
2009-09-16,1.0328
2009-09-17,1.0290
2009-09-18,1.0293
2009-09-21,1.0317
2009-09-22,1.0237
2009-09-23,1.0259
2009-09-24,1.0279
2009-09-25,1.0277
2009-09-28,1.0301
2009-09-29,1.0385
2009-09-30,1.0375
2009-10-01,1.0424
2009-10-02,1.0345
2009-10-05,1.0322
2009-10-06,1.0248
2009-10-07,1.0333
2009-10-08,1.0270
2009-10-09,1.0316
2009-10-12,
2009-10-13,1.0230
2009-10-14,1.0172
2009-10-15,1.0136
2009-10-16,1.0188
2009-10-19,1.0130
2009-10-20,1.0144
2009-10-21,1.0064
2009-10-22,1.0069
2009-10-23,1.0070
2009-10-26,1.0136
2009-10-27,1.0218
2009-10-28,1.0232
2009-10-29,1.0194
2009-10-30,1.0238
2009-11-02,1.0177
2009-11-03,1.0306
2009-11-04,1.0183
2009-11-05,1.0170
2009-11-06,1.0182
2009-11-09,1.0077
2009-11-10,1.0092
2009-11-11,
2009-11-12,1.0164
2009-11-13,1.0141
2009-11-16,1.0075
2009-11-17,1.0192
2009-11-18,1.0080
2009-11-19,1.0149
2009-11-20,1.0177
2009-11-23,1.0097
2009-11-24,1.0116
2009-11-25,1.0004
2009-11-26,
2009-11-27,1.0063
2009-11-30,1.0050
2009-12-01,0.9984
2009-12-02,1.0006
2009-12-03,0.9995
2009-12-04,1.0136
2009-12-07,1.0199
2009-12-08,1.0245
2009-12-09,1.0262
2009-12-10,1.0270
2009-12-11,1.0356
2009-12-14,1.0321
2009-12-15,1.0421
2009-12-16,1.0355
2009-12-17,1.0491
2009-12-18,1.0452
2009-12-21,1.0441
2009-12-22,1.0486
2009-12-23,1.0380
2009-12-24,1.0369
2009-12-25,
2009-12-28,1.0341
2009-12-29,1.0365
2009-12-30,1.0391
2009-12-31,1.0358
2010-01-01,
2010-01-04,1.0294
2010-01-05,1.0322
2010-01-06,1.0282
2010-01-07,1.0341
2010-01-08,1.0296
2010-01-11,1.0154
2010-01-12,1.0160
2010-01-13,1.0194
2010-01-14,1.0206
2010-01-15,1.0264
2010-01-18,
2010-01-19,1.0340
2010-01-20,1.0453
2010-01-21,1.0426
2010-01-22,1.0400
2010-01-25,1.0403
2010-01-26,1.0466
2010-01-27,1.0472
2010-01-28,1.0517
2010-01-29,1.0557
2010-02-01,1.0586
2010-02-02,1.0557
2010-02-03,1.0590
2010-02-04,1.0655
2010-02-05,1.0779
2010-02-08,1.0696
2010-02-09,1.0641
2010-02-10,1.0682
2010-02-11,1.0747
2010-02-12,1.0767
2010-02-15,
2010-02-16,1.0681
2010-02-17,1.0768
2010-02-18,1.0806
2010-02-19,1.0824
2010-02-22,1.0773
2010-02-23,1.0818
2010-02-24,1.0779
2010-02-25,1.0858
2010-02-26,1.0711
2010-03-01,1.0827
2010-03-02,1.0790
2010-03-03,1.0652
2010-03-04,1.0780
2010-03-05,1.0751
2010-03-08,1.0744
2010-03-09,1.0765
2010-03-10,1.0702
2010-03-11,1.0689
2010-03-12,1.0599
2010-03-15,1.0635
2010-03-16,1.0556
2010-03-17,1.0551
2010-03-18,1.0630
2010-03-19,1.0615
2010-03-22,1.0580
2010-03-23,1.0561
2010-03-24,1.0692
2010-03-25,1.0697
2010-03-26,1.0662
2010-03-29,1.0634
2010-03-30,1.0671
2010-03-31,1.0528
2010-04-01,1.0559
2010-04-02,1.0632
2010-04-05,1.0619
2010-04-06,1.0704
2010-04-07,1.0716
2010-04-08,1.0723
2010-04-09,1.0672
2010-04-12,1.0598
2010-04-13,1.0573
2010-04-14,1.0512
2010-04-15,1.0595
2010-04-16,1.0624
2010-04-19,1.0650
2010-04-20,1.0673
2010-04-21,1.0708
2010-04-22,1.0778
2010-04-23,1.0743
2010-04-26,1.0753
2010-04-27,1.0837
2010-04-28,1.0910
2010-04-29,1.0824
2010-04-30,1.0767
2010-05-03,1.0868
2010-05-04,1.0987
2010-05-05,1.1118
2010-05-06,1.1092
2010-05-07,1.1085
2010-05-10,1.1069
2010-05-11,1.1059
2010-05-12,1.1101
2010-05-13,1.1146
2010-05-14,1.1304
2010-05-17,1.1392
2010-05-18,1.1342
2010-05-19,1.1564
2010-05-20,1.1500
2010-05-21,1.1485
2010-05-24,1.1561
2010-05-25,1.1593
2010-05-26,1.1602
2010-05-27,1.1500
2010-05-28,1.1534
2010-05-31,
2010-06-01,1.1548
2010-06-02,1.1575
2010-06-03,1.1540
2010-06-04,1.1614
2010-06-07,1.1613
2010-06-08,1.1510
2010-06-09,1.1455
2010-06-10,1.1418
2010-06-11,1.1521
2010-06-14,1.1378
2010-06-15,1.1310
2010-06-16,1.1267
2010-06-17,1.1137
2010-06-18,1.1107
2010-06-21,1.1080
2010-06-22,1.1047
2010-06-23,1.1053
2010-06-24,1.1048
2010-06-25,1.0937
2010-06-28,1.0860
2010-06-29,1.0810
2010-06-30,1.0774
2010-07-01,1.0675
2010-07-02,1.0635
2010-07-05,
2010-07-06,1.0587
2010-07-07,1.0545
2010-07-08,1.0502
2010-07-09,1.0577
2010-07-12,1.0621
2010-07-13,1.0524
2010-07-14,1.0556
2010-07-15,1.0421
2010-07-16,1.0522
2010-07-19,1.0524
2010-07-20,1.0481
2010-07-21,1.0520
2010-07-22,1.0403
2010-07-23,1.0529
2010-07-26,1.0480
2010-07-27,1.0622
2010-07-28,1.0578
2010-07-29,1.0412
2010-07-30,1.0410
2010-08-02,1.0379
2010-08-03,1.0384
2010-08-04,1.0514
2010-08-05,1.0475
2010-08-06,1.0365
2010-08-09,1.0457
2010-08-10,1.0575
2010-08-11,1.0584
2010-08-12,1.0485
2010-08-13,1.0526
2010-08-16,1.0378
2010-08-17,1.0434
2010-08-18,1.0404
2010-08-19,1.0310
2010-08-20,1.0372
2010-08-23,1.0391
2010-08-24,1.0307
2010-08-25,1.0273
2010-08-26,1.0253
2010-08-27,1.0268
2010-08-30,1.0244
2010-08-31,1.0150
2010-09-01,1.0149
2010-09-02,1.0118
2010-09-03,1.0174
2010-09-06,
2010-09-07,1.0114
2010-09-08,1.0106
2010-09-09,1.0149
2010-09-10,1.0175
2010-09-13,1.0079
2010-09-14,0.9938
2010-09-15,1.0032
2010-09-16,1.0143
2010-09-17,1.0092
2010-09-20,1.0050
2010-09-21,1.0038
2010-09-22,0.9865
2010-09-23,0.9843
2010-09-24,0.9828
2010-09-27,0.9831
2010-09-28,0.9756
2010-09-29,0.9752
2010-09-30,0.9808
2010-10-01,0.9761
2010-10-04,0.9723
2010-10-05,0.9663
2010-10-06,0.9604
2010-10-07,0.9667
2010-10-08,0.9609
2010-10-11,
2010-10-12,0.9593
2010-10-13,0.9588
2010-10-14,0.9530
2010-10-15,0.9562
2010-10-18,0.9558
2010-10-19,0.9702
2010-10-20,0.9615
2010-10-21,0.9642
2010-10-22,0.9792
2010-10-25,0.9711
2010-10-26,0.9824
2010-10-27,0.9893
2010-10-28,0.9834
2010-10-29,0.9850
2010-11-01,0.9935
2010-11-02,0.9782
2010-11-03,0.9793
2010-11-04,0.9629
2010-11-05,0.9580
2010-11-08,0.9642
2010-11-09,0.9646
2010-11-10,0.9739
2010-11-11,
2010-11-12,0.9758
2010-11-15,0.9837
2010-11-16,0.9924
2010-11-17,0.9895
2010-11-18,0.9969
2010-11-19,0.9979
2010-11-22,0.9917
2010-11-23,0.9951
2010-11-24,0.9945
2010-11-25,
2010-11-26,1.0016
2010-11-29,1.0012
2010-11-30,0.9985
2010-12-01,0.9997
2010-12-02,0.9901
2010-12-03,0.9764
2010-12-06,0.9848
2010-12-07,0.9828
2010-12-08,0.9879
2010-12-09,0.9846
2010-12-10,0.9796
2010-12-13,0.9668
2010-12-14,0.9610
2010-12-15,0.9619
2010-12-16,0.9660
2010-12-17,0.9707
2010-12-20,0.9638
2010-12-21,0.9585
2010-12-22,0.9503
2010-12-23,0.9620
2010-12-24,
2010-12-27,0.9626
2010-12-28,0.9516
2010-12-29,0.9496
2010-12-30,0.9369
2010-12-31,
2011-01-03,0.9329
2011-01-04,0.9478
2011-01-05,0.9644
2011-01-06,0.9630
2011-01-07,0.9650
2011-01-10,0.9686
2011-01-11,0.9755
2011-01-12,0.9717
2011-01-13,0.9624
2011-01-14,0.9657
2011-01-17,
2011-01-18,0.9633
2011-01-19,0.9585
2011-01-20,0.9656
2011-01-21,0.9590
2011-01-24,0.9488
2011-01-25,0.9451
2011-01-26,0.9436
2011-01-27,0.9464
2011-01-28,0.9429
2011-01-31,0.9402
2011-02-01,0.9388
2011-02-02,0.9406
2011-02-03,0.9435
2011-02-04,0.9557
2011-02-07,0.9569
2011-02-08,0.9570
2011-02-09,0.9611
2011-02-10,0.9659
2011-02-11,0.9755
2011-02-14,0.9708
2011-02-15,0.9677
2011-02-16,0.9616
2011-02-17,0.9508
2011-02-18,0.9483
2011-02-21,
2011-02-22,0.9393
2011-02-23,0.9320
2011-02-24,0.9252
2011-02-25,0.9282
2011-02-28,0.9305
2011-03-01,0.9284
2011-03-02,0.9220
2011-03-03,0.9306
2011-03-04,0.9263
2011-03-07,0.9256
2011-03-08,0.9346
2011-03-09,0.9298
2011-03-10,0.9320
2011-03-11,0.9276
2011-03-14,0.9253
2011-03-15,0.9187
2011-03-16,0.9120
2011-03-17,0.8998
2011-03-18,0.9025
2011-03-21,0.9057
2011-03-22,0.9041
2011-03-23,0.9064
2011-03-24,0.9061
2011-03-25,0.9143
2011-03-28,0.9169
2011-03-29,0.9205
2011-03-30,0.9213
2011-03-31,0.9157
2011-04-01,0.9243
2011-04-04,0.9224
2011-04-05,0.9242
2011-04-06,0.9172
2011-04-07,0.9178
2011-04-08,0.9105
2011-04-11,0.9067
2011-04-12,0.8980
2011-04-13,0.8939
2011-04-14,0.8924
2011-04-15,0.8935
2011-04-18,0.8986
2011-04-19,0.8990
2011-04-20,0.8914
2011-04-21,0.8821
2011-04-22,0.8865
2011-04-25,0.8806
2011-04-26,0.8803
2011-04-27,0.8807
2011-04-28,0.8736
2011-04-29,0.8666
2011-05-02,0.8640
2011-05-03,0.8609
2011-05-04,0.8582
2011-05-05,0.8698
2011-05-06,0.8732
2011-05-09,0.8753
2011-05-10,0.8805
2011-05-11,0.8846
2011-05-12,0.8842
2011-05-13,0.8907
2011-05-16,0.8818
2011-05-17,0.8848
2011-05-18,0.8792
2011-05-19,0.8840
2011-05-20,0.8776
2011-05-23,0.8831
2011-05-24,0.8800
2011-05-25,0.8720
2011-05-26,0.8666
2011-05-27,0.8520
2011-05-30,
2011-05-31,0.8525
2011-06-01,0.8401
2011-06-02,0.8438
2011-06-03,0.8352
2011-06-06,0.8360
2011-06-07,0.8388
2011-06-08,0.8369
2011-06-09,0.8412
2011-06-10,0.8419
2011-06-13,0.8369
2011-06-14,0.8444
2011-06-15,0.8508
2011-06-16,0.8507
2011-06-17,0.8462
2011-06-20,0.8416
2011-06-21,0.8433
2011-06-22,0.8356
2011-06-23,0.8379
2011-06-24,0.8373
2011-06-27,0.8367
2011-06-28,0.8298
2011-06-29,0.8349
2011-06-30,0.8413
2011-07-01,0.8479
2011-07-04,
2011-07-05,0.8452
2011-07-06,0.8393
2011-07-07,0.8440
2011-07-08,0.8376
2011-07-11,0.8351
2011-07-12,0.8335
2011-07-13,0.8213
2011-07-14,0.8167
2011-07-15,0.8158
2011-07-18,0.8177
2011-07-19,0.8166
2011-07-20,0.8204
2011-07-21,0.8172
2011-07-22,0.8166
2011-07-25,0.8062
2011-07-26,0.8027
2011-07-27,0.8023
2011-07-28,0.8041
2011-07-29,0.7881
2011-08-01,0.7813
2011-08-02,0.7712
2011-08-03,0.7660
2011-08-04,0.7674
2011-08-05,0.7600
2011-08-08,0.7553
2011-08-09,0.7313
2011-08-10,0.7296
2011-08-11,0.7559
2011-08-12,0.7711
2011-08-15,0.7802
2011-08-16,0.7926
2011-08-17,0.7891
2011-08-18,0.7904
2011-08-19,0.7856
2011-08-22,0.7877
2011-08-23,0.7891
2011-08-24,0.7950
2011-08-25,0.7959
2011-08-26,0.8055
2011-08-29,0.8188
2011-08-30,0.8173
2011-08-31,0.8038
2011-09-01,0.7951
2011-09-02,0.7862
2011-09-05,
2011-09-06,0.8593
2011-09-07,0.8599
2011-09-08,0.8714
2011-09-09,0.8840
2011-09-12,0.8834
2011-09-13,0.8795
2011-09-14,0.8772
2011-09-15,0.8705
2011-09-16,0.8753
2011-09-19,0.8839
2011-09-20,0.8879
2011-09-21,0.8932
2011-09-22,0.9073
2011-09-23,0.9035
2011-09-26,0.9022
2011-09-27,0.8959
2011-09-28,0.8955
2011-09-29,0.8947
2011-09-30,0.9048
2011-10-03,0.9151
2011-10-04,0.9223
2011-10-05,0.9228
2011-10-06,0.9219
2011-10-07,0.9151
2011-10-10,
2011-10-11,0.9065
2011-10-12,0.8944
2011-10-13,0.9000
2011-10-14,0.8934
2011-10-17,0.8979
2011-10-18,0.9012
2011-10-19,0.9022
2011-10-20,0.9002
2011-10-21,0.8852
2011-10-24,0.8804
2011-10-25,0.8794
2011-10-26,0.8841
2011-10-27,0.8609
2011-10-28,0.8625
2011-10-31,0.8706
2011-11-01,0.8901
2011-11-02,0.8808
2011-11-03,0.8834
2011-11-04,0.8880
2011-11-07,0.9012
2011-11-08,0.8966
2011-11-09,0.9060
2011-11-10,0.9058
2011-11-11,
2011-11-14,0.9072
2011-11-15,0.9177
2011-11-16,0.9169
2011-11-17,0.9167
2011-11-18,0.9159
2011-11-21,0.9158
2011-11-22,0.9145
2011-11-23,0.9202
2011-11-24,
2011-11-25,0.9289
2011-11-28,0.9215
2011-11-29,0.9194
2011-11-30,0.9106
2011-12-01,0.9135
2011-12-02,0.9219
2011-12-05,0.9179
2011-12-06,0.9267
2011-12-07,0.9251
2011-12-08,0.9275
2011-12-09,0.9243
2011-12-12,0.9360
2011-12-13,0.9418
2011-12-14,0.9530
2011-12-15,0.9402
2011-12-16,0.9372
2011-12-19,0.9364
2011-12-20,0.9309
2011-12-21,0.9378
2011-12-22,0.9368
2011-12-23,0.9379
2011-12-26,
2011-12-27,0.9339
2011-12-28,0.9430
2011-12-29,0.9412
2011-12-30,0.9374
2012-01-02,
2012-01-03,0.9319
2012-01-04,0.9417
2012-01-05,0.9528
2012-01-06,0.9555
2012-01-09,0.9520
2012-01-10,0.9486
2012-01-11,0.9554
2012-01-12,0.9444
2012-01-13,0.9534
2012-01-16,
2012-01-17,0.9492
2012-01-18,0.9427
2012-01-19,0.9335
2012-01-20,0.9327
2012-01-23,0.9268
2012-01-24,0.9290
2012-01-25,0.9310
2012-01-26,0.9174
2012-01-27,0.9142
2012-01-30,0.9178
2012-01-31,0.9220
2012-02-01,0.9141
2012-02-02,0.9144
2012-02-03,0.9208
2012-02-06,0.9188
2012-02-07,0.9129
2012-02-08,0.9126
2012-02-09,0.9103
2012-02-10,0.9176
2012-02-13,0.9149
2012-02-14,0.9185
2012-02-15,0.9223
2012-02-16,0.9209
2012-02-17,0.9180
2012-02-20,
2012-02-21,0.9114
2012-02-22,0.9107
2012-02-23,0.9059
2012-02-24,0.8949
2012-02-27,0.8987
2012-02-28,0.8961
2012-02-29,0.9023
2012-03-01,0.9051
2012-03-02,0.9134
2012-03-05,0.9116
2012-03-06,0.9186
2012-03-07,0.9169
2012-03-08,0.9092
2012-03-09,0.9200
2012-03-12,0.9177
2012-03-13,0.9198
2012-03-14,0.9313
2012-03-15,0.9236
2012-03-16,0.9160
2012-03-19,0.9109
2012-03-20,0.9122
2012-03-21,0.9143
2012-03-22,0.9136
2012-03-23,0.9085
2012-03-26,0.9041
2012-03-27,0.9038
2012-03-28,0.9064
2012-03-29,0.9084
2012-03-30,0.9026
2012-04-02,0.9037
2012-04-03,0.9024
2012-04-04,0.9168
2012-04-05,0.9200
2012-04-06,0.9176
2012-04-09,0.9180
2012-04-10,0.9195
2012-04-11,0.9165
2012-04-12,0.9125
2012-04-13,0.9189
2012-04-16,0.9199
2012-04-17,0.9156
2012-04-18,0.9162
2012-04-19,0.9155
2012-04-20,0.9095
2012-04-23,0.9152
2012-04-24,0.9098
2012-04-25,0.9097
2012-04-26,0.9081
2012-04-27,0.9066
2012-04-30,0.9081
2012-05-01,0.9087
2012-05-02,0.9135
2012-05-03,0.9138
2012-05-04,0.9176
2012-05-07,0.9204
2012-05-08,0.9228
2012-05-09,0.9272
2012-05-10,0.9269
2012-05-11,0.9283
2012-05-14,0.9349
2012-05-15,0.9405
2012-05-16,0.9435
2012-05-17,0.9450
2012-05-18,0.9442
2012-05-21,0.9406
2012-05-22,0.9431
2012-05-23,0.9555
2012-05-24,0.9558
2012-05-25,0.9592
2012-05-28,
2012-05-29,0.9617
2012-05-30,0.9682
2012-05-31,0.9713
2012-06-01,0.9671
2012-06-04,0.9610
2012-06-05,0.9656
2012-06-06,0.9579
2012-06-07,0.9558
2012-06-08,0.9620
2012-06-11,0.9604
2012-06-12,0.9624
2012-06-13,0.9533
2012-06-14,0.9525
2012-06-15,0.9506
2012-06-18,0.9547
2012-06-19,0.9461
2012-06-20,0.9453
2012-06-21,0.9542
2012-06-22,0.9572
2012-06-25,0.9621
2012-06-26,0.9630
2012-06-27,0.9642
2012-06-28,0.9661
2012-06-29,0.9485
2012-07-02,0.9544
2012-07-03,0.9517
2012-07-04,
2012-07-05,0.9698
2012-07-06,0.9777
2012-07-09,0.9764
2012-07-10,0.9798
2012-07-11,0.9808
2012-07-12,0.9843
2012-07-13,0.9817
2012-07-16,0.9791
2012-07-17,0.9818
2012-07-18,0.9795
2012-07-19,0.9798
2012-07-20,0.9863
2012-07-23,0.9904
2012-07-24,0.9957
2012-07-25,0.9899
2012-07-26,0.9780
2012-07-27,0.9709
2012-07-30,0.9804
2012-07-31,0.9753
2012-08-01,0.9767
2012-08-02,0.9886
2012-08-03,0.9697
2012-08-06,0.9669
2012-08-07,0.9672
2012-08-08,0.9714
2012-08-09,0.9781
2012-08-10,0.9764
2012-08-13,0.9733
2012-08-14,0.9742
2012-08-15,0.9774
2012-08-16,0.9719
2012-08-17,0.9752
2012-08-20,0.9730
2012-08-21,0.9630
2012-08-22,0.9628
2012-08-23,0.9542
2012-08-24,0.9581
2012-08-27,0.9597
2012-08-28,0.9558
2012-08-29,0.9578
2012-08-30,0.9608
2012-08-31,0.9546
2012-09-03,
2012-09-04,0.9558
2012-09-05,0.9548
2012-09-06,0.9539
2012-09-07,0.9452
2012-09-10,0.9438
2012-09-11,0.9387
2012-09-12,0.9376
2012-09-13,0.9395
2012-09-14,0.9250
2012-09-17,0.9266
2012-09-18,0.9288
2012-09-19,0.9266
2012-09-20,0.9336
2012-09-21,0.9327
2012-09-24,0.9371
2012-09-25,0.9348
2012-09-26,0.9401
2012-09-27,0.9388
2012-09-28,0.9400
2012-10-01,0.9376
2012-10-02,0.9342
2012-10-03,0.9382
2012-10-04,0.9316
2012-10-05,0.9284
2012-10-08,
2012-10-09,0.9400
2012-10-10,0.9392
2012-10-11,0.9353
2012-10-12,0.9334
2012-10-15,0.9330
2012-10-16,0.9273
2012-10-17,0.9217
2012-10-18,0.9225
2012-10-19,0.9286
2012-10-22,0.9263
2012-10-23,0.9328
2012-10-24,0.9342
2012-10-25,0.9336
2012-10-26,0.9348
2012-10-29,0.9366
2012-10-30,0.9309
2012-10-31,0.9311
2012-11-01,0.9326
2012-11-02,0.9396
2012-11-05,0.9434
2012-11-06,0.9424
2012-11-07,0.9454
2012-11-08,0.9462
2012-11-09,0.9483
2012-11-12,
2012-11-13,0.9470
2012-11-14,0.9450
2012-11-15,0.9418
2012-11-16,0.9472
2012-11-19,0.9404
2012-11-20,0.9403
2012-11-21,0.9394
2012-11-22,
2012-11-23,0.9296
2012-11-26,0.9284
2012-11-27,0.9310
2012-11-28,0.9313
2012-11-29,0.9293
2012-11-30,0.9264
2012-12-03,0.9250
2012-12-04,0.9272
2012-12-05,0.9262
2012-12-06,0.9330
2012-12-07,0.9333
2012-12-10,0.9330
2012-12-11,0.9333
2012-12-12,0.9286
2012-12-13,0.9243
2012-12-14,0.9196
2012-12-17,0.9174
2012-12-18,0.9130
2012-12-19,0.9115
2012-12-20,0.9130
2012-12-21,0.9172
2012-12-24,0.9161
2012-12-25,
2012-12-26,0.9128
2012-12-27,0.9138
2012-12-28,0.9130
2012-12-31,0.9155
2013-01-01,
2013-01-02,0.9166
2013-01-03,0.9222
2013-01-04,0.9262
2013-01-07,0.9227
2013-01-08,0.9250
2013-01-09,0.9244
2013-01-10,0.9162
2013-01-11,0.9120
2013-01-14,0.9174
2013-01-15,0.9275
2013-01-16,0.9313
2013-01-17,0.9331
2013-01-18,0.9346
2013-01-21,
2013-01-22,0.9278
2013-01-23,0.9295
2013-01-24,0.9288
2013-01-25,0.9252
2013-01-28,0.9272
2013-01-29,0.9216
2013-01-30,0.9124
2013-01-31,0.9093
2013-02-01,0.9030
2013-02-04,0.9087
2013-02-05,0.9084
2013-02-06,0.9100
2013-02-07,0.9176
2013-02-08,0.9183
2013-02-11,0.9186
2013-02-12,0.9172
2013-02-13,0.9182
2013-02-14,0.9232
2013-02-15,0.9226
2013-02-18,
2013-02-19,0.9220
2013-02-20,0.9241
2013-02-21,0.9317
2013-02-22,0.9314
2013-02-25,0.9314
2013-02-26,0.9326
2013-02-27,0.9310
2013-02-28,0.9336
2013-03-01,0.9448
2013-03-04,0.9423
2013-03-05,0.9433
2013-03-06,0.9470
2013-03-07,0.9432
2013-03-08,0.9535
2013-03-11,0.9496
2013-03-12,0.9472
2013-03-13,0.9518
2013-03-14,0.9512
2013-03-15,0.9396
2013-03-18,0.9449
2013-03-19,0.9460
2013-03-20,0.9439
2013-03-21,0.9454
2013-03-22,0.9402
2013-03-25,0.9473
2013-03-26,0.9484
2013-03-27,0.9534
2013-03-28,0.9468
2013-03-29,0.9490
2013-04-01,0.9460
2013-04-02,0.9485
2013-04-03,0.9451
2013-04-04,0.9458
2013-04-05,0.9324
2013-04-08,0.9346
2013-04-09,0.9317
2013-04-10,0.9333
2013-04-11,0.9294
2013-04-12,0.9290
2013-04-15,0.9303
2013-04-16,0.9256
2013-04-17,0.9306
2013-04-18,0.9306
2013-04-19,0.9324
2013-04-22,0.9349
2013-04-23,0.9427
2013-04-24,0.9484
2013-04-25,0.9455
2013-04-26,0.9414
2013-04-29,0.9370
2013-04-30,0.9298
2013-05-01,0.9268
2013-05-02,0.9348
2013-05-03,0.9340
2013-05-06,0.9393
2013-05-07,0.9402
2013-05-08,0.9349
2013-05-09,0.9406
2013-05-10,0.9594
2013-05-13,0.9576
2013-05-14,0.9602
2013-05-15,0.9680
2013-05-16,0.9618
2013-05-17,0.9731
2013-05-20,0.9675
2013-05-21,0.9680
2013-05-22,0.9814
2013-05-23,0.9668
2013-05-24,0.9621
2013-05-27,
2013-05-28,0.9734
2013-05-29,0.9613
2013-05-30,0.9558
2013-05-31,0.9583
2013-06-03,0.9442
2013-06-04,0.9485
2013-06-05,0.9422
2013-06-06,0.9300
2013-06-07,0.9342
2013-06-10,0.9357
2013-06-11,0.9271
2013-06-12,0.9181
2013-06-13,0.9234
2013-06-14,0.9222
2013-06-17,0.9254
2013-06-18,0.9186
2013-06-19,0.9192
2013-06-20,0.9296
2013-06-21,0.9354
2013-06-24,0.9345
2013-06-25,0.9388
2013-06-26,0.9432
2013-06-27,0.9464
2013-06-28,0.9450
2013-07-01,0.9452
2013-07-02,0.9492
2013-07-03,0.9475
2013-07-04,
2013-07-05,0.9624
2013-07-08,0.9644
2013-07-09,0.9736
2013-07-10,0.9682
2013-07-11,0.9496
2013-07-12,0.9468
2013-07-15,0.9508
2013-07-16,0.9408
2013-07-17,0.9428
2013-07-18,0.9468
2013-07-19,0.9401
2013-07-22,0.9357
2013-07-23,0.9368
2013-07-24,0.9354
2013-07-25,0.9336
2013-07-26,0.9289
2013-07-29,0.9308
2013-07-30,0.9298
2013-07-31,0.9284
2013-08-01,0.9353
2013-08-02,0.9293
2013-08-05,0.9302
2013-08-06,0.9266
2013-08-07,0.9222
2013-08-08,0.9194
2013-08-09,0.9221
2013-08-12,0.9248
2013-08-13,0.9340
2013-08-14,0.9354
2013-08-15,0.9334
2013-08-16,0.9269
2013-08-19,0.9247
2013-08-20,0.9178
2013-08-21,0.9211
2013-08-22,0.9236
2013-08-23,0.9207
2013-08-26,0.9229
2013-08-27,0.9186
2013-08-28,0.9221
2013-08-29,0.9316
2013-08-30,0.9313
2013-09-02,
2013-09-03,0.9363
2013-09-04,0.9356
2013-09-05,0.9437
2013-09-06,0.9385
2013-09-09,0.9314
2013-09-10,0.9344
2013-09-11,0.9314
2013-09-12,0.9286
2013-09-13,0.9319
2013-09-16,0.9258
2013-09-17,0.9266
2013-09-18,0.9260
2013-09-19,0.9112
2013-09-20,0.9104
2013-09-23,0.9100
2013-09-24,0.9114
2013-09-25,0.9082
2013-09-26,0.9105
2013-09-27,0.9050
2013-09-30,0.9041
2013-10-01,0.9064
2013-10-02,0.9017
2013-10-03,0.8972
2013-10-04,0.9052
2013-10-07,0.9050
2013-10-08,0.9040
2013-10-09,0.9104
2013-10-10,0.9104
2013-10-11,0.9103
2013-10-14,
2013-10-15,0.9152
2013-10-16,0.9163
2013-10-17,0.9028
2013-10-18,0.9013
2013-10-21,0.9019
2013-10-22,0.8947
2013-10-23,0.8918
2013-10-24,0.8916
2013-10-25,0.8939
2013-10-28,0.8954
2013-10-29,0.8982
2013-10-30,0.8964
2013-10-31,0.9056
2013-11-01,0.9124
2013-11-04,0.9106
2013-11-05,0.9126
2013-11-06,0.9109
2013-11-07,0.9184
2013-11-08,0.9220
2013-11-11,
2013-11-12,0.9176
2013-11-13,0.9155
2013-11-14,0.9152
2013-11-15,0.9152
2013-11-18,0.9121
2013-11-19,0.9114
2013-11-20,0.9158
2013-11-21,0.9146
2013-11-22,0.9072
2013-11-25,0.9125
2013-11-26,0.9080
2013-11-27,0.9091
2013-11-28,
2013-11-29,0.9047
2013-12-02,0.9076
2013-12-03,0.9030
2013-12-04,0.9052
2013-12-05,0.8976
2013-12-06,0.8939
2013-12-09,0.8914
2013-12-10,0.8876
2013-12-11,0.8856
2013-12-12,0.8902
2013-12-13,0.8904
2013-12-16,0.8876
2013-12-17,0.8870
2013-12-18,0.8872
2013-12-19,0.8964
2013-12-20,0.8952
2013-12-23,0.8942
2013-12-24,0.8961
2013-12-25,
2013-12-26,0.8963
2013-12-27,0.8893
2013-12-30,0.8866
2013-12-31,0.8904
2014-01-01,
2014-01-02,0.8998
2014-01-03,0.9044
2014-01-06,0.9036
2014-01-07,0.9086
2014-01-08,0.9102
2014-01-09,0.9085
2014-01-10,0.9032
2014-01-13,0.9026
2014-01-14,0.9009
2014-01-15,0.9084
2014-01-16,0.9064
2014-01-17,0.9100
2014-01-20,
2014-01-21,0.9092
2014-01-22,0.9116
2014-01-23,0.9002
2014-01-24,0.8949
2014-01-27,0.8956
2014-01-28,0.8984
2014-01-29,0.8948
2014-01-30,0.9042
2014-01-31,0.9052
2014-02-03,0.9014
2014-02-04,0.9050
2014-02-05,0.9042
2014-02-06,0.8992
2014-02-07,0.8992
2014-02-10,0.8967
2014-02-11,0.8969
2014-02-12,0.9006
2014-02-13,0.8944
2014-02-14,0.8928
2014-02-17,
2014-02-18,0.8878
2014-02-19,0.8868
2014-02-20,0.8912
2014-02-21,0.8888
2014-02-24,0.8885
2014-02-25,0.8870
2014-02-26,0.8922
2014-02-27,0.8872
2014-02-28,0.8810
2014-03-03,0.8810
2014-03-04,0.8869
2014-03-05,0.8872
2014-03-06,0.8810
2014-03-07,0.8785
2014-03-10,0.8781
2014-03-11,0.8783
2014-03-12,0.8743
2014-03-13,0.8726
2014-03-14,0.8712
2014-03-17,0.8726
2014-03-18,0.8743
2014-03-19,0.8747
2014-03-20,0.8833
2014-03-21,0.8836
2014-03-24,0.8840
2014-03-25,0.8862
2014-03-26,0.8854
2014-03-27,0.8859
2014-03-28,0.8869
2014-03-31,0.8840
2014-04-01,0.8825
2014-04-02,0.8870
2014-04-03,0.8921
2014-04-04,0.8918
2014-04-07,0.8876
2014-04-08,0.8836
2014-04-09,0.8816
2014-04-10,0.8758
2014-04-11,0.8748
2014-04-14,0.8784
2014-04-15,0.8805
2014-04-16,0.8813
2014-04-17,0.8812
2014-04-18,0.8832
2014-04-21,0.8851
2014-04-22,0.8851
2014-04-23,0.8828
2014-04-24,0.8817
2014-04-25,0.8809
2014-04-28,0.8807
2014-04-29,0.8845
2014-04-30,0.8800
2014-05-01,0.8797
2014-05-02,0.8789
2014-05-05,0.8774
2014-05-06,0.8744
2014-05-07,0.8758
2014-05-08,0.8784
2014-05-09,0.8860
2014-05-12,0.8876
2014-05-13,0.8894
2014-05-14,0.8894
2014-05-15,0.8898
2014-05-16,0.8910
2014-05-19,0.8916
2014-05-20,0.8916
2014-05-21,0.8951
2014-05-22,0.8948
2014-05-23,0.8958
2014-05-26,
2014-05-27,0.8977
2014-05-28,0.8982
2014-05-29,0.8970
2014-05-30,0.8944
2014-06-02,0.8980
2014-06-03,0.8964
2014-06-04,0.8956
2014-06-05,0.8944
2014-06-06,0.8938
2014-06-09,0.8974
2014-06-10,0.8996
2014-06-11,0.8998
2014-06-12,0.8982
2014-06-13,0.9008
2014-06-16,0.8969
2014-06-17,0.8998
2014-06-18,0.8976
2014-06-19,0.8932
2014-06-20,0.8960
2014-06-23,0.8948
2014-06-24,0.8955
2014-06-25,0.8918
2014-06-26,0.8933
2014-06-27,0.8919
2014-06-30,0.8868
2014-07-01,0.8871
2014-07-02,0.8886
2014-07-03,0.8934
2014-07-04,
2014-07-07,0.8934
2014-07-08,0.8924
2014-07-09,0.8918
2014-07-10,0.8926
2014-07-11,0.8926
2014-07-14,0.8918
2014-07-15,0.8953
2014-07-16,0.8984
2014-07-17,0.8973
2014-07-18,0.8989
2014-07-21,0.8980
2014-07-22,0.9022
2014-07-23,0.9024
2014-07-24,0.9024
2014-07-25,0.9045
2014-07-28,0.9037
2014-07-29,0.9068
2014-07-30,0.9096
2014-07-31,0.9086
2014-08-01,0.9048
2014-08-04,0.9068
2014-08-05,0.9102
2014-08-06,0.9095
2014-08-07,0.9086
2014-08-08,0.9050
2014-08-11,0.9063
2014-08-12,0.9082
2014-08-13,0.9079
2014-08-14,0.9056
2014-08-15,0.9026
2014-08-18,0.9066
2014-08-19,0.9089
2014-08-20,0.9116
2014-08-21,0.9112
2014-08-22,0.9142
2014-08-25,0.9144
2014-08-26,0.9167
2014-08-27,0.9148
2014-08-28,0.9150
2014-08-29,0.9174
2014-09-01,
2014-09-02,0.9196
2014-09-03,0.9186
2014-09-04,0.9327
2014-09-05,0.9306
2014-09-08,0.9317
2014-09-09,0.9348
2014-09-10,0.9382
2014-09-11,0.9349
2014-09-12,0.9337
2014-09-15,0.9344
2014-09-16,0.9314
2014-09-17,0.9346
2014-09-18,0.9344
2014-09-19,0.9404
2014-09-22,0.9410
2014-09-23,0.9386
2014-09-24,0.9446
2014-09-25,0.9467
2014-09-26,0.9513
2014-09-29,0.9498
2014-09-30,0.9554
2014-10-01,0.9566
2014-10-02,0.9532
2014-10-03,0.9670
2014-10-06,0.9626
2014-10-07,0.9606
2014-10-08,0.9564
2014-10-09,0.9545
2014-10-10,0.9568
2014-10-13,
2014-10-14,0.9536
2014-10-15,0.9444
2014-10-16,0.9425
2014-10-17,0.9468
2014-10-20,0.9438
2014-10-21,0.9482
2014-10-22,0.9530
2014-10-23,0.9535
2014-10-24,0.9514
2014-10-27,0.9484
2014-10-28,0.9463
2014-10-29,0.9452
2014-10-30,0.9552
2014-10-31,0.9623
2014-11-03,0.9655
2014-11-04,0.9596
2014-11-05,0.9640
2014-11-06,0.9702
2014-11-07,0.9684
2014-11-10,0.9678
2014-11-11,
2014-11-12,0.9650
2014-11-13,0.9634
2014-11-14,0.9616
2014-11-17,0.9653
2014-11-18,0.9583
2014-11-19,0.9572
2014-11-20,0.9596
2014-11-21,0.9696
2014-11-24,0.9676
2014-11-25,0.9645
2014-11-26,0.9614
2014-11-27,
2014-11-28,0.9658
2014-12-01,0.9631
2014-12-02,0.9720
2014-12-03,0.9779
2014-12-04,0.9674
2014-12-05,0.9772
2014-12-08,0.9778
2014-12-09,0.9680
2014-12-10,0.9680
2014-12-11,0.9688
2014-12-12,0.9620
2014-12-15,0.9632
2014-12-16,0.9604
2014-12-17,0.9679
2014-12-18,0.9794
2014-12-19,0.9832
2014-12-22,0.9820
2014-12-23,0.9872
2014-12-24,0.9865
2014-12-25,
2014-12-26,
2014-12-29,0.9878
2014-12-30,0.9880
2014-12-31,0.9934
2015-01-01,
2015-01-02,1.0004
2015-01-05,1.0079
2015-01-06,1.0062
2015-01-07,1.0160
2015-01-08,1.0169
2015-01-09,1.0151
2015-01-12,1.0150
2015-01-13,1.0195
2015-01-14,1.0172
2015-01-15,0.8930
2015-01-16,0.8488
2015-01-19,
2015-01-20,0.8751
2015-01-21,0.8596
2015-01-22,0.8678
2015-01-23,0.8760
2015-01-26,0.8988
2015-01-27,0.9042
2015-01-28,0.9055
2015-01-29,0.9226
2015-01-30,0.9210
2015-02-02,0.9262
2015-02-03,0.9234
2015-02-04,0.9238
2015-02-05,0.9248
2015-02-06,0.9228
2015-02-09,0.9258
2015-02-10,0.9263
2015-02-11,0.9288
2015-02-12,0.9283
2015-02-13,0.9308
2015-02-16,
2015-02-17,0.9346
2015-02-18,0.9446
2015-02-19,0.9472
2015-02-20,0.9419
2015-02-23,0.9494
2015-02-24,0.9516
2015-02-25,0.9496
2015-02-26,0.9540
2015-02-27,0.9513
2015-03-02,0.9553
2015-03-03,0.9590
2015-03-04,0.9640
2015-03-05,0.9736
2015-03-06,0.9846
2015-03-09,0.9873
2015-03-10,0.9996
2015-03-11,1.0074
2015-03-12,1.0034
2015-03-13,1.0047
2015-03-16,1.0074
2015-03-17,1.0040
2015-03-18,0.9952
2015-03-19,0.9921
2015-03-20,0.9766
2015-03-23,0.9668
2015-03-24,0.9586
2015-03-25,0.9574
2015-03-26,0.9614
2015-03-27,0.9586
2015-03-30,0.9678
2015-03-31,0.9712
2015-04-01,0.9671
2015-04-02,0.9578
2015-04-03,0.9504
2015-04-06,0.9524
2015-04-07,0.9640
2015-04-08,0.9634
2015-04-09,0.9754
2015-04-10,0.9807
2015-04-13,0.9780
2015-04-14,0.9712
2015-04-15,0.9721
2015-04-16,0.9584
2015-04-17,0.9528
2015-04-20,0.9543
2015-04-21,0.9528
2015-04-22,0.9662
2015-04-23,0.9550
2015-04-24,0.9533
2015-04-27,0.9534
2015-04-28,0.9538
2015-04-29,0.9358
2015-04-30,0.9410
2015-05-01,0.9340
2015-05-04,0.9357
2015-05-05,0.9262
2015-05-06,0.9150
2015-05-07,0.9196
2015-05-08,0.9274
2015-05-11,0.9344
2015-05-12,0.9266
2015-05-13,0.9162
2015-05-14,0.9146
2015-05-15,0.9174
2015-05-18,0.9230
2015-05-19,0.9367
2015-05-20,0.9395
2015-05-21,0.9346
2015-05-22,0.9428
2015-05-25,
2015-05-26,0.9503
2015-05-27,0.9508
2015-05-28,0.9458
2015-05-29,0.9404
2015-06-01,0.9467
2015-06-02,0.9343
2015-06-03,0.9336
2015-06-04,0.9342
2015-06-05,0.9436
2015-06-08,0.9332
2015-06-09,0.9295
2015-06-10,0.9292
2015-06-11,0.9364
2015-06-12,0.9260
2015-06-15,0.9351
2015-06-16,0.9325
2015-06-17,0.9272
2015-06-18,0.9196
2015-06-19,0.9206
2015-06-22,0.9188
2015-06-23,0.9336
2015-06-24,0.9360
2015-06-25,0.9375
2015-06-26,0.9351
2015-06-29,0.9280
2015-06-30,0.9346
2015-07-01,0.9456
2015-07-02,0.9436
2015-07-03,
2015-07-06,0.9432
2015-07-07,0.9482
2015-07-08,0.9458
2015-07-09,0.9495
2015-07-10,0.9411
2015-07-13,0.9492
2015-07-14,0.9459
2015-07-15,0.9521
2015-07-16,0.9562
2015-07-17,0.9608
2015-07-20,0.9630
2015-07-21,0.9590
2015-07-22,0.9613
2015-07-23,0.9581
2015-07-24,0.9620
2015-07-27,0.9597
2015-07-28,0.9638
2015-07-29,0.9630
2015-07-30,0.9696
2015-07-31,0.9636
2015-08-03,0.9682
2015-08-04,0.9732
2015-08-05,0.9810
2015-08-06,0.9808
2015-08-07,0.9824
2015-08-10,0.9848
2015-08-11,0.9869
2015-08-12,0.9691
2015-08-13,0.9760
2015-08-14,0.9780
2015-08-17,0.9770
2015-08-18,0.9764
2015-08-19,0.9702
2015-08-20,0.9621
2015-08-21,0.9488
2015-08-24,0.9347
2015-08-25,0.9488
2015-08-26,0.9472
2015-08-27,0.9631
2015-08-28,0.9622
2015-08-31,0.9681
2015-09-01,0.9622
2015-09-02,0.9690
2015-09-03,0.9764
2015-09-04,0.9754
2015-09-07,
2015-09-08,0.9780
2015-09-09,0.9767
2015-09-10,0.9735
2015-09-11,0.9735
2015-09-14,0.9687
2015-09-15,0.9755
2015-09-16,0.9688
2015-09-17,0.9710
2015-09-18,0.9614
2015-09-21,0.9702
2015-09-22,0.9733
2015-09-23,0.9780
2015-09-24,0.9730
2015-09-25,0.9760
2015-09-28,0.9735
2015-09-29,0.9710
2015-09-30,0.9773
2015-10-01,0.9744
2015-10-02,0.9684
2015-10-05,0.9746
2015-10-06,0.9678
2015-10-07,0.9716
2015-10-08,0.9674
2015-10-09,0.9615
2015-10-12,
2015-10-13,0.9594
2015-10-14,0.9517
2015-10-15,0.9489
2015-10-16,0.9536
2015-10-19,0.9560
2015-10-20,0.9540
2015-10-21,0.9570
2015-10-22,0.9710
2015-10-23,0.9769
2015-10-26,0.9815
2015-10-27,0.9848
2015-10-28,0.9848
2015-10-29,0.9915
2015-10-30,0.9858
2015-11-02,0.9853
2015-11-03,0.9922
2015-11-04,0.9933
2015-11-05,0.9964
2015-11-06,1.0048
2015-11-09,1.0017
2015-11-10,1.0076
2015-11-11,
2015-11-12,1.0014
2015-11-13,1.0088
2015-11-16,1.0079
2015-11-17,1.0169
2015-11-18,1.0198
2015-11-19,1.0140
2015-11-20,1.0183
2015-11-23,1.0205
2015-11-24,1.0161
2015-11-25,1.0220
2015-11-26,
2015-11-27,1.0305
2015-11-30,1.0282
2015-12-01,1.0296
2015-12-02,1.0274
2015-12-03,0.9996
2015-12-04,0.9986
2015-12-07,1.0026
2015-12-08,0.9940
2015-12-09,0.9866
2015-12-10,0.9888
2015-12-11,0.9828
2015-12-14,0.9823
2015-12-15,0.9921
2015-12-16,0.9852
2015-12-17,0.9987
2015-12-18,0.9940
2015-12-21,0.9912
2015-12-22,0.9866
2015-12-23,0.9938
2015-12-24,0.9872
2015-12-25,
2015-12-28,0.9878
2015-12-29,0.9924
2015-12-30,0.9890
2015-12-31,1.0017
2016-01-01,
2016-01-04,1.0042
2016-01-05,1.0096
2016-01-06,1.0084
2016-01-07,1.0018
2016-01-08,0.9972
2016-01-11,1.0000
2016-01-12,1.0030
2016-01-13,1.0064
2016-01-14,1.0072
2016-01-15,0.9984
2016-01-18,
2016-01-19,1.0032
2016-01-20,1.0032
2016-01-21,1.0112
2016-01-22,1.0148
2016-01-25,1.0148
2016-01-26,1.0189
2016-01-27,1.0176
2016-01-28,1.0134
2016-01-29,1.0226
2016-02-01,1.0202
2016-02-02,1.0181
2016-02-03,1.0070
2016-02-04,0.9926
2016-02-05,0.9938
2016-02-08,0.9885
2016-02-09,0.9720
2016-02-10,0.9779
2016-02-11,0.9706
2016-02-12,0.9768
2016-02-15,
2016-02-16,0.9884
2016-02-17,0.9926
2016-02-18,0.9940
2016-02-19,0.9893
2016-02-22,0.9986
2016-02-23,0.9920
2016-02-24,0.9860
2016-02-25,0.9894
2016-02-26,0.9967
2016-02-29,0.9960
2016-03-01,0.9994
2016-03-02,0.9981
2016-03-03,0.9920
2016-03-04,0.9926
2016-03-07,0.9969
2016-03-08,0.9939
2016-03-09,0.9957
2016-03-10,0.9857
2016-03-11,0.9813
2016-03-14,0.9860
2016-03-15,0.9852
2016-03-16,0.9879
2016-03-17,0.9680
2016-03-18,0.9682
2016-03-21,0.9678
2016-03-22,0.9705
2016-03-23,0.9731
2016-03-24,0.9766
2016-03-25,0.9780
2016-03-28,0.9732
2016-03-29,0.9744
2016-03-30,0.9636
2016-03-31,0.9583
2016-04-01,0.9588
2016-04-04,0.9597
2016-04-05,0.9572
2016-04-06,0.9537
2016-04-07,0.9552
2016-04-08,0.9536
2016-04-11,0.9538
2016-04-12,0.9546
2016-04-13,0.9651
2016-04-14,0.9667
2016-04-15,0.9670
2016-04-18,0.9636
2016-04-19,0.9599
2016-04-20,0.9671
2016-04-21,0.9722
2016-04-22,0.9774
2016-04-25,0.9742
2016-04-26,0.9713
2016-04-27,0.9710
2016-04-28,0.9687
2016-04-29,0.9598
2016-05-02,0.9556
2016-05-03,0.9541
2016-05-04,0.9574
2016-05-05,0.9686
2016-05-06,0.9697
2016-05-09,0.9698
2016-05-10,0.9746
2016-05-11,0.9699
2016-05-12,0.9693
2016-05-13,0.9756
2016-05-16,0.9772
2016-05-17,0.9761
2016-05-18,0.9822
2016-05-19,0.9894
2016-05-20,0.9920
2016-05-23,0.9919
2016-05-24,0.9930
2016-05-25,0.9908
2016-05-26,0.9898
2016-05-27,0.9916
2016-05-30,
2016-05-31,0.9934
2016-06-01,0.9892
2016-06-02,0.9902
2016-06-03,0.9781
2016-06-06,0.9720
2016-06-07,0.9663
2016-06-08,0.9594
2016-06-09,0.9639
2016-06-10,0.9632
2016-06-13,0.9662
2016-06-14,0.9640
2016-06-15,0.9647
2016-06-16,0.9662
2016-06-17,0.9610
2016-06-20,0.9616
2016-06-21,0.9596
2016-06-22,0.9584
2016-06-23,0.9566
2016-06-24,0.9702
2016-06-27,0.9787
2016-06-28,0.9812
2016-06-29,0.9794
2016-06-30,0.9792
2016-07-01,0.9730
2016-07-04,
2016-07-05,0.9768
2016-07-06,0.9778
2016-07-07,0.9781
2016-07-08,0.9843
2016-07-11,0.9830
2016-07-12,0.9869
2016-07-13,0.9834
2016-07-14,0.9806
2016-07-15,0.9834
2016-07-18,0.9822
2016-07-19,0.9850
2016-07-20,0.9872
2016-07-21,0.9869
2016-07-22,0.9888
2016-07-25,0.9869
2016-07-26,0.9924
2016-07-27,0.9936
2016-07-28,0.9806
2016-07-29,0.9690
2016-08-01,0.9671
2016-08-02,0.9643
2016-08-03,0.9716
2016-08-04,0.9738
2016-08-05,0.9796
2016-08-08,0.9838
2016-08-09,0.9826
2016-08-10,0.9759
2016-08-11,0.9722
2016-08-12,0.9738
2016-08-15,0.9714
2016-08-16,0.9622
2016-08-17,0.9640
2016-08-18,0.9576
2016-08-19,0.9594
2016-08-22,0.9625
2016-08-23,0.9622
2016-08-24,0.9673
2016-08-25,0.9684
2016-08-26,0.9718
2016-08-29,0.9780
2016-08-30,0.9822
2016-08-31,0.9830
2016-09-01,0.9792
2016-09-02,0.9804
2016-09-05,
2016-09-06,0.9718
2016-09-07,0.9702
2016-09-08,0.9726
2016-09-09,0.9770
2016-09-12,0.9736
2016-09-13,0.9740
2016-09-14,0.9708
2016-09-15,0.9714
2016-09-16,0.9794
2016-09-19,0.9798
2016-09-20,0.9781
2016-09-21,0.9758
2016-09-22,0.9678
2016-09-23,0.9702
2016-09-26,0.9668
2016-09-27,0.9718
2016-09-28,0.9724
2016-09-29,0.9655
2016-09-30,0.9694
2016-10-03,0.9740
2016-10-04,0.9780
2016-10-05,0.9770
2016-10-06,0.9798
2016-10-07,0.9806
2016-10-10,
2016-10-11,0.9878
2016-10-12,0.9902
2016-10-13,0.9870
2016-10-14,0.9902
2016-10-17,0.9880
2016-10-18,0.9886
2016-10-19,0.9894
2016-10-20,0.9916
2016-10-21,0.9951
2016-10-24,0.9920
2016-10-25,0.9940
2016-10-26,0.9927
2016-10-27,0.9940
2016-10-28,0.9932
2016-10-31,0.9890
2016-11-01,0.9790
2016-11-02,0.9701
2016-11-03,0.9746
2016-11-04,0.9682
2016-11-07,0.9758
2016-11-08,0.9757
2016-11-09,0.9812
2016-11-10,0.9878
2016-11-11,
2016-11-14,0.9978
2016-11-15,1.0015
2016-11-16,1.0019
2016-11-17,1.0048
2016-11-18,1.0094
2016-11-21,1.0112
2016-11-22,1.0100
2016-11-23,1.0156
2016-11-24,
2016-11-25,1.0136
2016-11-28,1.0158
2016-11-29,1.0132
2016-11-30,1.0187
2016-12-01,1.0126
2016-12-02,1.0110
2016-12-05,1.0103
2016-12-06,1.0093
2016-12-07,1.0065
2016-12-08,1.0154
2016-12-09,1.0184
2016-12-12,1.0157
2016-12-13,1.0118
2016-12-14,1.0099
2016-12-15,1.0334
2016-12-16,1.0258
2016-12-19,1.0226
2016-12-20,1.0282
2016-12-21,1.0262
2016-12-22,1.0246
2016-12-23,1.0268
2016-12-26,
2016-12-27,1.0284
2016-12-28,1.0313
2016-12-29,1.0230
2016-12-30,1.0160
2017-01-02,
2017-01-03,1.0266
2017-01-04,1.0228
2017-01-05,1.0107
2017-01-06,1.0150
2017-01-09,1.0148
2017-01-10,1.0158
2017-01-11,1.0203
2017-01-12,1.0066
2017-01-13,1.0098
2017-01-16,
2017-01-17,1.0028
2017-01-18,1.0028
2017-01-19,1.0094
2017-01-20,
2017-01-23,0.9990
2017-01-24,0.9998
2017-01-25,0.9996
2017-01-26,1.0011
2017-01-27,0.9992
2017-01-30,0.9976
2017-01-31,0.9888
2017-02-01,0.9930
2017-02-02,0.9894
2017-02-03,0.9910
2017-02-06,0.9934
2017-02-07,0.9970
2017-02-08,0.9934
2017-02-09,1.0013
2017-02-10,1.0028
2017-02-13,1.0054
2017-02-14,1.0072
2017-02-15,1.0062
2017-02-16,0.9992
2017-02-17,1.0022
2017-02-20,
2017-02-21,1.0083
2017-02-22,1.0109
2017-02-23,1.0062
2017-02-24,1.0055
2017-02-27,1.0051
2017-02-28,1.0022
2017-03-01,1.0072
2017-03-02,1.0120
2017-03-03,1.0118
2017-03-06,1.0114
2017-03-07,1.0130
2017-03-08,1.0146
2017-03-09,1.0131
2017-03-10,1.0104
2017-03-13,1.0068
2017-03-14,1.0078
2017-03-15,1.0080
2017-03-16,0.9953
2017-03-17,0.9978
2017-03-20,0.9966
2017-03-21,0.9936
2017-03-22,0.9900
2017-03-23,0.9924
2017-03-24,0.9910
2017-03-27,0.9830
2017-03-28,0.9850
2017-03-29,0.9966
2017-03-30,0.9969
2017-03-31,0.9998
2017-04-03,1.0029
2017-04-04,1.0022
2017-04-05,1.0050
2017-04-06,1.0046
2017-04-07,1.0066
2017-04-10,1.0077
2017-04-11,1.0072
2017-04-12,1.0054
2017-04-13,1.0047
2017-04-14,1.0038
2017-04-17,1.0022
2017-04-18,0.9978
2017-04-19,0.9986
2017-04-20,0.9960
2017-04-21,0.9987
2017-04-24,0.9964
2017-04-25,0.9925
2017-04-26,0.9957
2017-04-27,0.9948
2017-04-28,0.9944
2017-05-01,0.9955
2017-05-02,0.9913
2017-05-03,0.9913
2017-05-04,0.9890
2017-05-05,0.9876
2017-05-08,0.9979
2017-05-09,1.0074
2017-05-10,1.0088
2017-05-11,1.0061
2017-05-12,1.0008
2017-05-15,0.9964
2017-05-16,0.9878
2017-05-17,0.9808
2017-05-18,0.9763
2017-05-19,0.9754
2017-05-22,0.9736
2017-05-23,0.9740
2017-05-24,0.9769
2017-05-25,0.9720
2017-05-26,0.9753
2017-05-29,
2017-05-30,0.9744
2017-05-31,0.9684
2017-06-01,0.9712
2017-06-02,0.9642
2017-06-05,0.9657
2017-06-06,0.9628
2017-06-07,0.9657
2017-06-08,0.9675
2017-06-09,0.9700
2017-06-12,0.9688
2017-06-13,0.9692
2017-06-14,0.9662
2017-06-15,0.9749
2017-06-16,0.9739
2017-06-19,0.9745
2017-06-20,0.9759
2017-06-21,0.9744
2017-06-22,0.9728
2017-06-23,0.9692
2017-06-26,0.9706
2017-06-27,0.9638
2017-06-28,0.9608
2017-06-29,0.9569
2017-06-30,0.9586
2017-07-03,0.9632
2017-07-04,
2017-07-05,0.9652
2017-07-06,0.9634
2017-07-07,0.9644
2017-07-10,0.9658
2017-07-11,0.9672
2017-07-12,0.9648
2017-07-13,0.9685
2017-07-14,0.9654
2017-07-17,0.9627
2017-07-18,0.9526
2017-07-19,0.9548
2017-07-20,0.9507
2017-07-21,0.9468
2017-07-24,0.9456
2017-07-25,0.9496
2017-07-26,0.9580
2017-07-27,0.9656
2017-07-28,0.9685
2017-07-31,0.9650
2017-08-01,0.9655
2017-08-02,0.9684
2017-08-03,0.9690
2017-08-04,0.9721
2017-08-07,0.9728
2017-08-08,0.9766
2017-08-09,0.9649
2017-08-10,0.9647
2017-08-11,0.9620
2017-08-14,0.9714
2017-08-15,0.9718
2017-08-16,0.9744
2017-08-17,0.9633
2017-08-18,0.9642
2017-08-21,0.9629
2017-08-22,0.9668
2017-08-23,0.9667
2017-08-24,0.9646
2017-08-25,0.9574
2017-08-28,0.9554
2017-08-29,0.9480
2017-08-30,0.9583
2017-08-31,0.9610
2017-09-01,0.9626
2017-09-04,
2017-09-05,0.9577
2017-09-06,0.9537
2017-09-07,0.9498
2017-09-08,0.9456
2017-09-11,0.9533
2017-09-12,0.9596
2017-09-13,0.9639
2017-09-14,0.9660
2017-09-15,0.9594
2017-09-18,0.9630
2017-09-19,0.9628
2017-09-20,0.9617
2017-09-21,0.9692
2017-09-22,0.9694
2017-09-25,0.9682
2017-09-26,0.9706
2017-09-27,0.9745
2017-09-28,0.9710
2017-09-29,0.9688
2017-10-02,0.9737
2017-10-03,0.9734
2017-10-04,0.9756
2017-10-05,0.9792
2017-10-06,0.9777
2017-10-09,
2017-10-10,0.9744
2017-10-11,0.9732
2017-10-12,0.9760
2017-10-13,0.9745
2017-10-16,0.9735
2017-10-17,0.9804
2017-10-18,0.9817
2017-10-19,0.9751
2017-10-20,0.9844
2017-10-23,0.9862
2017-10-24,0.9890
2017-10-25,0.9888
2017-10-26,0.9950
2017-10-27,0.9990
2017-10-30,0.9969
2017-10-31,0.9968
2017-11-01,1.0014
2017-11-02,0.9977
2017-11-03,1.0002
2017-11-06,0.9990
2017-11-07,0.9996
2017-11-08,0.9997
2017-11-09,0.9958
2017-11-10,
2017-11-13,0.9975
2017-11-14,0.9914
2017-11-15,0.9902
2017-11-16,0.9926
2017-11-17,0.9882
2017-11-20,0.9923
2017-11-21,0.9916
2017-11-22,0.9838
2017-11-23,
2017-11-24,0.9788
2017-11-27,0.9804
2017-11-28,0.9831
2017-11-29,0.9837
2017-11-30,0.9838
2017-12-01,0.9762
2017-12-04,0.9858
2017-12-05,0.9868
2017-12-06,0.9904
2017-12-07,0.9921
2017-12-08,0.9928
2017-12-11,0.9900
2017-12-12,0.9926
2017-12-13,0.9894
2017-12-14,0.9900
2017-12-15,0.9903
2017-12-18,0.9856
2017-12-19,0.9857
2017-12-20,0.9859
2017-12-21,0.9890
2017-12-22,0.9898
2017-12-25,
2017-12-26,0.9891
2017-12-27,0.9870
2017-12-28,0.9774
2017-12-29,0.9738
2018-01-01,
2018-01-02,0.9718
2018-01-03,0.9762
2018-01-04,0.9753
2018-01-05,0.9752
2018-01-08,0.9762
2018-01-09,0.9832
2018-01-10,0.9780
2018-01-11,0.9748
2018-01-12,0.9713
2018-01-15,
2018-01-16,0.9618
2018-01-17,0.9616
2018-01-18,0.9586
2018-01-19,0.9612
2018-01-22,0.9636
2018-01-23,0.9598
2018-01-24,0.9452
2018-01-25,0.9357
2018-01-26,0.9342
2018-01-29,0.9380
2018-01-30,0.9355
2018-01-31,0.9321
2018-02-01,0.9288
2018-02-02,0.9320
2018-02-05,0.9366
2018-02-06,0.9368
2018-02-07,0.9438
2018-02-08,0.9386
2018-02-09,0.9393
2018-02-12,0.9392
2018-02-13,0.9335
2018-02-14,0.9319
2018-02-15,0.9232
2018-02-16,0.9258
2018-02-19,
2018-02-20,0.9354
2018-02-21,0.9375
2018-02-22,0.9345
2018-02-23,0.9356
2018-02-26,0.9388
2018-02-27,0.9398
2018-02-28,0.9430
2018-03-01,0.9461
2018-03-02,0.9378
2018-03-05,0.9397
2018-03-06,0.9385
2018-03-07,0.9426
2018-03-08,0.9499
2018-03-09,0.9493
2018-03-12,0.9489
2018-03-13,0.9437
2018-03-14,0.9461
2018-03-15,0.9502
2018-03-16,0.9532
2018-03-19,0.9509
2018-03-20,0.9549
2018-03-21,0.9540
2018-03-22,0.9491
2018-03-23,0.9465
2018-03-26,0.9442
2018-03-27,0.9474
2018-03-28,0.9538
2018-03-29,0.9560
2018-03-30,0.9532
2018-04-02,0.9558
2018-04-03,0.9590
2018-04-04,0.9595
2018-04-05,0.9633
2018-04-06,0.9602
2018-04-09,0.9574
2018-04-10,0.9574
2018-04-11,0.9578
2018-04-12,0.9625
2018-04-13,0.9631
2018-04-16,0.9596
2018-04-17,0.9666
2018-04-18,0.9670
2018-04-19,0.9714
2018-04-20,0.9744
2018-04-23,0.9776
2018-04-24,0.9804
2018-04-25,0.9828
2018-04-26,0.9880
2018-04-27,0.9884
2018-04-30,0.9911
2018-05-01,0.9954
2018-05-02,0.9975
2018-05-03,0.9978
2018-05-04,1.0005
2018-05-07,1.0023
2018-05-08,1.0016
2018-05-09,1.0042
2018-05-10,1.0036
2018-05-11,0.9996
2018-05-14,0.9976
2018-05-15,0.9998
2018-05-16,1.0004
2018-05-17,1.0014
2018-05-18,0.9970
2018-05-21,0.9978
2018-05-22,0.9924
2018-05-23,0.9952
2018-05-24,0.9916
2018-05-25,0.9912
2018-05-28,
2018-05-29,0.9924
2018-05-30,0.9890
2018-05-31,0.9844
2018-06-01,0.9867
2018-06-04,0.9884
2018-06-05,0.9860
2018-06-06,0.9844
2018-06-07,0.9822
2018-06-08,0.9860
2018-06-11,0.9848
2018-06-12,0.9841
2018-06-13,0.9844
2018-06-14,0.9942
2018-06-15,0.9962
2018-06-18,0.9952
2018-06-19,0.9951
2018-06-20,0.9956
2018-06-21,0.9921
2018-06-22,0.9902
2018-06-25,0.9874
2018-06-26,0.9901
2018-06-27,0.9962
2018-06-28,0.9979
2018-06-29,0.9922
2018-07-02,0.9946
2018-07-03,0.9922
2018-07-04,
2018-07-05,0.9924
2018-07-06,0.9901
2018-07-09,0.9920
2018-07-10,0.9926
2018-07-11,0.9932
2018-07-12,1.0009
2018-07-13,1.0028
2018-07-16,0.9974
2018-07-17,0.9992
2018-07-18,0.9994
2018-07-19,1.0016
2018-07-20,0.9944
2018-07-23,0.9927
2018-07-24,0.9944
2018-07-25,0.9942
2018-07-26,0.9938
2018-07-27,0.9940
2018-07-30,0.9885
2018-07-31,0.9895
2018-08-01,0.9923
2018-08-02,0.9943
2018-08-03,0.9926
2018-08-06,0.9963
2018-08-07,0.9944
2018-08-08,0.9943
2018-08-09,0.9906
2018-08-10,0.9954
2018-08-13,0.9934
2018-08-14,0.9930
2018-08-15,0.9942
2018-08-16,0.9962
2018-08-17,0.9948
2018-08-20,0.9943
2018-08-21,0.9876
2018-08-22,0.9836
2018-08-23,0.9848
2018-08-24,0.9824
2018-08-27,0.9802
2018-08-28,0.9752
2018-08-29,0.9732
2018-08-30,0.9709
2018-08-31,0.9698
2018-09-03,
2018-09-04,0.9753
2018-09-05,0.9716
2018-09-06,0.9682
2018-09-07,0.9684
2018-09-10,0.9740
2018-09-11,0.9737
2018-09-12,0.9704
2018-09-13,0.9680
2018-09-14,0.9665
2018-09-17,0.9620
2018-09-18,0.9620
2018-09-19,0.9670
2018-09-20,0.9624
2018-09-21,0.9593
2018-09-24,0.9620
2018-09-25,0.9646
2018-09-26,0.9681
2018-09-27,0.9776
2018-09-28,0.9758
2018-10-01,0.9840
2018-10-02,0.9844
2018-10-03,0.9894
2018-10-04,0.9925
2018-10-05,0.9922
2018-10-08,
2018-10-09,0.9928
2018-10-10,0.9908
2018-10-11,0.9920
2018-10-12,0.9916
2018-10-15,0.9868
2018-10-16,0.9894
2018-10-17,0.9926
2018-10-18,0.9940
2018-10-19,0.9968
2018-10-22,0.9963
2018-10-23,0.9943
2018-10-24,0.9982
2018-10-25,1.0009
2018-10-26,0.9980
2018-10-29,1.0006
2018-10-30,1.0046
2018-10-31,1.0057
2018-11-01,1.0033
2018-11-02,1.0036
2018-11-05,1.0055
2018-11-06,1.0042
2018-11-07,0.9998
2018-11-08,1.0033
2018-11-09,1.0062
2018-11-12,
2018-11-13,1.0083
2018-11-14,1.0067
2018-11-15,1.0058
2018-11-16,1.0012
2018-11-19,0.9938
2018-11-20,0.9944
2018-11-21,0.9952
2018-11-22,
2018-11-23,0.9976
2018-11-26,0.9984
2018-11-27,0.9998
2018-11-28,0.9994
2018-11-29,0.9966
2018-11-30,0.9987
2018-12-03,0.9975
2018-12-04,0.9975
2018-12-05,
2018-12-06,0.9926
2018-12-07,0.9914
2018-12-10,0.9896
2018-12-11,0.9931
2018-12-12,0.9920
2018-12-13,0.9938
2018-12-14,0.9970
2018-12-17,0.9934
2018-12-18,0.9930
2018-12-19,0.9918
2018-12-20,0.9918
2018-12-21,0.9914
2018-12-24,
2018-12-25,
2018-12-26,0.9908
2018-12-27,0.9902
2018-12-28,0.9838
2018-12-31,0.9832
2019-01-01,
2019-01-02,0.9884
2019-01-03,0.9889
2019-01-04,0.9859
2019-01-07,0.9810
2019-01-08,0.9810
2019-01-09,0.9767
2019-01-10,0.9817
2019-01-11,0.9829
2019-01-14,
2019-01-15,0.9885
2019-01-16,0.9899
2019-01-17,0.9944
2019-01-18,0.9954
2019-01-21,
2019-01-22,0.9972
2019-01-23,0.9946
2019-01-24,0.9965
2019-01-25,0.9930
2019-01-28,0.9910
2019-01-29,0.9950
2019-01-30,0.9988
2019-01-31,0.9938
2019-02-01,0.9940
2019-02-04,0.9974
2019-02-05,1.0005
2019-02-06,1.0009
2019-02-07,1.0010
2019-02-08,1.0000
2019-02-11,1.0040
2019-02-12,1.0068
2019-02-13,1.0073
2019-02-14,1.0064
2019-02-15,1.0063
2019-02-18,
2019-02-19,1.0018
2019-02-20,
2019-02-21,1.0010
2019-02-22,0.9998
2019-02-25,1.0006
2019-02-26,1.0002
2019-02-27,1.0003
2019-02-28,0.9974
2019-03-01,0.9987
2019-03-04,0.9994
2019-03-05,1.0045
2019-03-06,1.0038
2019-03-07,1.0106
2019-03-08,1.0074
2019-03-11,1.0110
2019-03-12,1.0078
2019-03-13,1.0046
2019-03-14,1.0044
2019-03-15,1.0026
2019-03-18,1.0004
2019-03-19,1.0001
2019-03-20,0.9974
2019-03-21,0.9924
2019-03-22,0.9940
2019-03-25,0.9918
2019-03-26,0.9940
2019-03-27,0.9946
2019-03-28,0.9952
2019-03-29,0.9962
2019-04-01,0.9988
2019-04-02,0.9986
2019-04-03,0.9970
2019-04-04,1.0002
2019-04-05,1.0003
2019-04-08,0.9994
2019-04-09,0.9999
2019-04-10,1.0019
2019-04-11,1.0027
2019-04-12,1.0017
2019-04-15,1.0039
2019-04-16,1.0066
2019-04-17,1.0099
2019-04-18,1.0154
2019-04-19,1.0144
2019-04-22,1.0155
2019-04-23,1.0218
2019-04-24,1.0184
2019-04-25,1.0199
2019-04-26,1.0190
2019-04-29,1.0201
2019-04-30,1.0200
2019-05-01,1.0137
2019-05-02,1.0180
2019-05-03,1.0178
2019-05-06,1.0179
2019-05-07,1.0215
2019-05-08,1.0181
2019-05-09,1.0133
2019-05-10,1.0109
2019-05-13,1.0064
2019-05-14,1.0088
2019-05-15,1.0090
2019-05-16,1.0101
2019-05-17,1.0108
2019-05-20,1.0082
2019-05-21,1.0104
2019-05-22,1.0090
2019-05-23,1.0040
2019-05-24,1.0021
2019-05-27,
2019-05-28,1.0086
2019-05-29,1.0066
2019-05-30,1.0074
2019-05-31,1.0034
2019-06-03,0.9994
2019-06-04,0.9940
2019-06-05,0.9919
2019-06-06,0.9886
2019-06-07,0.9877
2019-06-10,0.9898
2019-06-11,0.9925
2019-06-12,0.9944
2019-06-13,0.9946
2019-06-14,0.9990
2019-06-17,0.9982
2019-06-18,0.9994
2019-06-19,0.9960
2019-06-20,0.9821
2019-06-21,0.9789
2019-06-24,0.9720
2019-06-25,0.9726
2019-06-26,0.9760
2019-06-27,0.9766
2019-06-28,0.9758
2019-07-01,0.9864
2019-07-02,0.9860
2019-07-03,0.9864
2019-07-04,
2019-07-05,0.9923
2019-07-08,0.9938
2019-07-09,0.9928
2019-07-10,0.9892
2019-07-11,0.9886
2019-07-12,0.9845
2019-07-15,0.9847
2019-07-16,0.9890
2019-07-17,0.9870
2019-07-18,0.9862
2019-07-19,0.9823
2019-07-22,0.9815
2019-07-23,0.9848
2019-07-24,0.9854
2019-07-25,0.9899
2019-07-26,0.9933
2019-07-29,0.9916
2019-07-30,0.9908
2019-07-31,0.9902
2019-08-01,0.9938
2019-08-02,0.9820
2019-08-05,0.9721
2019-08-06,0.9782
2019-08-07,0.9708
2019-08-08,0.9751
2019-08-09,0.9710
2019-08-12,0.9696
2019-08-13,0.9744
2019-08-14,0.9736
2019-08-15,0.9762
2019-08-16,0.9800
2019-08-19,0.9808
2019-08-20,0.9792
2019-08-21,0.9816
2019-08-22,0.9834
2019-08-23,0.9748
2019-08-26,0.9782
2019-08-27,0.9815
2019-08-28,0.9807
2019-08-29,0.9853
2019-08-30,0.9899
2019-09-02,
2019-09-03,0.9872
2019-09-04,0.9817
2019-09-05,0.9868
2019-09-06,0.9866
2019-09-09,0.9910
2019-09-10,0.9908
2019-09-11,0.9933
2019-09-12,0.9891
2019-09-13,0.9898
2019-09-16,0.9919
2019-09-17,0.9925
2019-09-18,0.9950
2019-09-19,0.9927
2019-09-20,0.9930
2019-09-23,0.9894
2019-09-24,0.9872
2019-09-25,0.9909
2019-09-26,0.9928
2019-09-27,0.9919
2019-09-30,0.9978
2019-10-01,0.9936
2019-10-02,0.9975
2019-10-03,0.9974
2019-10-04,0.9958
2019-10-07,0.9947
2019-10-08,0.9940
2019-10-09,0.9950
2019-10-10,0.9954
2019-10-11,0.9967
2019-10-14,
2019-10-15,0.9982
2019-10-16,0.9959
2019-10-17,0.9870
2019-10-18,0.9856
2019-10-21,0.9865
2019-10-22,0.9889
2019-10-23,0.9907
2019-10-24,0.9923
2019-10-25,0.9945
2019-10-28,0.9960
2019-10-29,0.9936
2019-10-30,0.9909
2019-10-31,0.9868
2019-11-01,0.9855
2019-11-04,0.9871
2019-11-05,0.9932
2019-11-06,0.9920
2019-11-07,0.9954
2019-11-08,0.9971
2019-11-11,
2019-11-12,0.9929
2019-11-13,0.9892
2019-11-14,0.9878
2019-11-15,0.9903
2019-11-18,0.9879
2019-11-19,0.9912
2019-11-20,0.9921
2019-11-21,0.9920
2019-11-22,0.9967
2019-11-25,0.9964
2019-11-26,0.9978
2019-11-27,0.9996
2019-11-28,
2019-11-29,1.0001
2019-12-02,0.9920
2019-12-03,0.9862
2019-12-04,0.9893
2019-12-05,0.9872
2019-12-06,0.9909
2019-12-09,0.9879
2019-12-10,0.9852
2019-12-11,0.9856
2019-12-12,0.9860
2019-12-13,0.9838
2019-12-16,0.9839
2019-12-17,0.9811
2019-12-18,0.9819
2019-12-19,0.9777
2019-12-20,0.9824
2019-12-23,0.9820
2019-12-24,0.9807
2019-12-25,
2019-12-26,0.9808
2019-12-27,0.9741
2019-12-30,0.9677
2019-12-31,0.9677
2020-01-01,
2020-01-02,0.9721
2020-01-03,0.9703
2020-01-06,0.9688
2020-01-07,0.9716
2020-01-08,0.9725
2020-01-09,0.9724
2020-01-10,0.9729
2020-01-13,0.9705
2020-01-14,0.9677
2020-01-15,0.9634
2020-01-16,0.9650
2020-01-17,0.9683
2020-01-20,
2020-01-21,0.9681
2020-01-22,0.9696
2020-01-23,0.9698
2020-01-24,0.9712
2020-01-27,0.9695
2020-01-28,0.9738
2020-01-29,0.9747
2020-01-30,0.9692
2020-01-31,0.9645
2020-02-03,0.9655
2020-02-04,0.9693
2020-02-05,0.9729
2020-02-06,0.9750
2020-02-07,0.9777
2020-02-10,0.9778
2020-02-11,0.9761
2020-02-12,0.9767
2020-02-13,0.9788
2020-02-14,0.9818
2020-02-17,
2020-02-18,0.9814
2020-02-19,0.9839
2020-02-20,0.9831
2020-02-21,0.9781
2020-02-24,0.9776
2020-02-25,0.9765
2020-02-26,0.9759
2020-02-27,0.9718
2020-02-28,0.9671
2020-03-02,0.9577
2020-03-03,0.9563
2020-03-04,0.9554
2020-03-05,0.9487
2020-03-06,0.9365
2020-03-09,0.9296
2020-03-10,0.9330
2020-03-11,0.9381
2020-03-12,0.9540
2020-03-13,0.9541
2020-03-16,0.9467
2020-03-17,0.9647
2020-03-18,0.9727
2020-03-19,0.9847
2020-03-20,0.9866
2020-03-23,0.9824
2020-03-24,0.9813
2020-03-25,0.9781
2020-03-26,0.9645
2020-03-27,0.9558
2020-03-30,0.9606
2020-03-31,0.9627
2020-04-01,0.9675
2020-04-02,0.9727
2020-04-03,0.9777
2020-04-06,0.9768
2020-04-07,0.9707
2020-04-08,0.9710
2020-04-09,0.9660
2020-04-10,0.9648
2020-04-13,0.9674
2020-04-14,0.9606
2020-04-15,0.9647
2020-04-16,0.9695
2020-04-17,0.9662
2020-04-20,0.9670
2020-04-21,0.9691
2020-04-22,0.9711
2020-04-23,0.9731
2020-04-24,0.9750
2020-04-27,0.9756
2020-04-28,0.9743
2020-04-29,0.9748
2020-04-30,0.9669
2020-05-01,0.9599
2020-05-04,0.9647
2020-05-05,0.9721
2020-05-06,0.9745
2020-05-07,0.9746
2020-05-08,0.9699
2020-05-11,0.9722
2020-05-12,0.9680
2020-05-13,0.9704
2020-05-14,0.9727
2020-05-15,0.9726
2020-05-18,0.9699
2020-05-19,0.9725
2020-05-20,0.9649
2020-05-21,0.9703
2020-05-22,0.9722
2020-05-25,
2020-05-26,0.9668
2020-05-27,0.9696
2020-05-28,0.9642
2020-05-29,0.9618
2020-06-01,0.9613
2020-06-02,0.9623
2020-06-03,0.9613
2020-06-04,0.9565
2020-06-05,0.9622
2020-06-08,0.9567
2020-06-09,0.9487
2020-06-10,0.9450
2020-06-11,0.9382
2020-06-12,0.9515
2020-06-15,0.9503
2020-06-16,0.9494
2020-06-17,0.9512
2020-06-18,0.9510
2020-06-19,0.9519
2020-06-22,0.9475
2020-06-23,0.9438
2020-06-24,0.9471
2020-06-25,0.9485
2020-06-26,0.9480
2020-06-29,0.9504
2020-06-30,0.9467
2020-07-01,0.9455
2020-07-02,0.9455
2020-07-03,
2020-07-06,0.9416
2020-07-07,0.9410
2020-07-08,0.9382
2020-07-09,0.9397
2020-07-10,0.9395
2020-07-13,0.9410
2020-07-14,0.9385
2020-07-15,0.9439
2020-07-16,0.9432
2020-07-17,0.9388
2020-07-20,0.9389
2020-07-21,0.9340
2020-07-22,0.9288
2020-07-23,0.9250
2020-07-24,0.9222
2020-07-27,0.9204
2020-07-28,0.9169
2020-07-29,0.9141
2020-07-30,0.9120
2020-07-31,0.9113
2020-08-03,0.9194
2020-08-04,0.9154
2020-08-05,0.9053
2020-08-06,0.9101
2020-08-07,0.9140
2020-08-10,0.9154
2020-08-11,0.9163
2020-08-12,0.9109
2020-08-13,0.9097
2020-08-14,0.9091
2020-08-17,0.9058
2020-08-18,0.9029
2020-08-19,0.9114
2020-08-20,0.9082
2020-08-21,0.9131
2020-08-24,0.9109
2020-08-25,0.9089
2020-08-26,0.9086
2020-08-27,0.9077
2020-08-28,0.9041
2020-08-31,0.9012
2020-09-01,0.9072
2020-09-02,0.9107
2020-09-03,0.9104
2020-09-04,0.9147
2020-09-07,
2020-09-08,0.9166
2020-09-09,0.9131
2020-09-10,0.9077
2020-09-11,0.9092
2020-09-14,0.9071
2020-09-15,0.9085
2020-09-16,0.9080
2020-09-17,0.9098
2020-09-18,0.9096
2020-09-21,0.9163
2020-09-22,0.9200
2020-09-23,0.9233
2020-09-24,0.9264
2020-09-25,0.9291
2020-09-28,0.9247
2020-09-29,0.9215
2020-09-30,0.9188
2020-10-01,0.9179
2020-10-02,0.9204
2020-10-05,0.9153
2020-10-06,0.9153
2020-10-07,0.9168
2020-10-08,0.9176
2020-10-09,0.9103
2020-10-12,
2020-10-13,0.9147
2020-10-14,0.9127
2020-10-15,0.9143
2020-10-16,0.9153
2020-10-19,0.9092
2020-10-20,0.9071
2020-10-21,0.9042
2020-10-22,0.9074
2020-10-23,0.9055
2020-10-26,0.9073
2020-10-27,0.9066
2020-10-28,0.9097
2020-10-29,0.9171
2020-10-30,0.9165
2020-11-02,0.9200
2020-11-03,0.9126
2020-11-04,0.9107
2020-11-05,0.9063
2020-11-06,0.8986
2020-11-09,0.9127
2020-11-10,0.9136
2020-11-11,
2020-11-12,0.9136
2020-11-13,0.9133
2020-11-16,0.9121
2020-11-17,0.9109
2020-11-18,0.9096
2020-11-19,0.9119
2020-11-20,0.9118
2020-11-23,0.9131
2020-11-24,0.9121
2020-11-25,0.9090
2020-11-26,
2020-11-27,
2020-11-30,0.9060
2020-12-01,0.9005
2020-12-02,0.8961
2020-12-03,0.8906
2020-12-04,0.8908
2020-12-07,0.8892
2020-12-08,0.8886
2020-12-09,0.8901
2020-12-10,0.8878
2020-12-11,0.8902
2020-12-14,0.8872
2020-12-15,0.8859
2020-12-16,0.8861
2020-12-17,0.8841
2020-12-18,0.8850
2020-12-21,0.8859
2020-12-22,0.8889
2020-12-23,0.8882
2020-12-24,
2020-12-25,
2020-12-28,0.8898
2020-12-29,0.8838
2020-12-30,0.8832
2020-12-31,0.8841
2021-01-01,
2021-01-04,0.8811
2021-01-05,0.8784
2021-01-06,0.8810
2021-01-07,0.8841
2021-01-08,0.8843
2021-01-11,0.8897
2021-01-12,0.8892
2021-01-13,0.8874
2021-01-14,0.8870
2021-01-15,0.8894
2021-01-18,
2021-01-19,0.8888
2021-01-20,
2021-01-21,0.8870
2021-01-22,0.8853
2021-01-25,0.8882
2021-01-26,0.8880
2021-01-27,0.8890
2021-01-28,0.8887
2021-01-29,0.8905
2021-02-01,0.8965
2021-02-02,0.8987
2021-02-03,0.8993
2021-02-04,0.9031
2021-02-05,0.8996
2021-02-08,0.8986
2021-02-09,0.8930
2021-02-10,0.8891
2021-02-11,0.8907
2021-02-12,0.8911
2021-02-15,
2021-02-16,0.8923
2021-02-17,0.8985
2021-02-18,0.8968
2021-02-19,0.8948
2021-02-22,0.8958
2021-02-23,0.9022
2021-02-24,0.9074
2021-02-25,0.9033
2021-02-26,0.9092
2021-03-01,0.9138
2021-03-02,0.9141
2021-03-03,0.9180
2021-03-04,0.9257
2021-03-05,0.9305
2021-03-08,0.9355
2021-03-09,0.9292
2021-03-10,0.9317
2021-03-11,0.9244
2021-03-12,0.9281
2021-03-15,0.9283
2021-03-16,0.9261
2021-03-17,0.9276
2021-03-18,0.9281
2021-03-19,0.9301
2021-03-22,0.9233
2021-03-23,0.9327
2021-03-24,0.9355
2021-03-25,0.9393
2021-03-26,0.9398
2021-03-29,0.9381
2021-03-30,0.9427
2021-03-31,0.9418
2021-04-01,0.9409
2021-04-02,0.9419
2021-04-05,0.9359
2021-04-06,0.9325
2021-04-07,0.9274
2021-04-08,0.9249
2021-04-09,0.9249
2021-04-12,0.9228
2021-04-13,0.9213
2021-04-14,0.9228
2021-04-15,0.9227
2021-04-16,0.9196
2021-04-19,0.9155
2021-04-20,0.9145
2021-04-21,0.9166
2021-04-22,0.9182
2021-04-23,0.9152
2021-04-26,0.9145
2021-04-27,0.9134
2021-04-28,0.9124
2021-04-29,0.9099
2021-04-30,0.9127
2021-05-03,0.9116
2021-05-04,0.9136
2021-05-05,0.9130
2021-05-06,0.9096
2021-05-07,0.9009
2021-05-10,0.8986
2021-05-11,0.9020
2021-05-12,0.9088
2021-05-13,0.9068
2021-05-14,0.9021
2021-05-17,0.9016
2021-05-18,0.8986
2021-05-19,0.9003
2021-05-20,0.8985
2021-05-21,0.8987
2021-05-24,0.8973
2021-05-25,0.8971
2021-05-26,0.8973
2021-05-27,0.8977
2021-05-28,0.8995
2021-05-31,
2021-06-01,0.8954
2021-06-02,0.8980
2021-06-03,0.9051
2021-06-04,0.8990
2021-06-07,0.8969
2021-06-08,0.8963
2021-06-09,0.8958
2021-06-10,0.8951
2021-06-11,0.8993
2021-06-14,0.8991
2021-06-15,0.8985
2021-06-16,0.8986
2021-06-17,0.9173
2021-06-18,0.9215
2021-06-21,0.9184
2021-06-22,0.9200
2021-06-23,0.9169
2021-06-24,0.9188
2021-06-25,0.9175
2021-06-28,0.9184
2021-06-29,0.9201
2021-06-30,0.9253
2021-07-01,0.9253
2021-07-02,0.9224
2021-07-05,
2021-07-06,0.9245
2021-07-07,0.9252
2021-07-08,0.9153
2021-07-09,0.9151
2021-07-12,0.9154
2021-07-13,0.9164
2021-07-14,0.9154
2021-07-15,0.9186
2021-07-16,0.9192
2021-07-19,0.9179
2021-07-20,0.9218
2021-07-21,0.9179
2021-07-22,0.9195
2021-07-23,0.9211
2021-07-26,0.9157
2021-07-27,0.9135
2021-07-28,0.9134
2021-07-29,0.9062
2021-07-30,0.9061
2021-08-02,0.9051
2021-08-03,0.9047
2021-08-04,0.9061
2021-08-05,0.9070
2021-08-06,0.9142
2021-08-09,0.9191
2021-08-10,0.9226
2021-08-11,0.9215
2021-08-12,0.9230
2021-08-13,0.9162
2021-08-16,0.9123
2021-08-17,0.9144
2021-08-18,0.9179
2021-08-19,0.9173
2021-08-20,0.9176
2021-08-23,0.9137
2021-08-24,0.9130
2021-08-25,0.9137
2021-08-26,0.9174
2021-08-27,0.9122
2021-08-30,0.9172
2021-08-31,0.9161
2021-09-01,0.9145
2021-09-02,0.9159
2021-09-03,0.9136
2021-09-06,
2021-09-07,0.9179
2021-09-08,0.9219
2021-09-09,0.9173
2021-09-10,0.9180
2021-09-13,0.9213
2021-09-14,0.9193
2021-09-15,0.9196
2021-09-16,0.9251
2021-09-17,0.9308
2021-09-20,0.9277
2021-09-21,0.9235
2021-09-22,0.9223
2021-09-23,0.9243
2021-09-24,0.9246
2021-09-27,0.9256
2021-09-28,0.9282
2021-09-29,0.9335
2021-09-30,0.9339
2021-10-01,0.9297
2021-10-04,0.9248
2021-10-05,0.9271
2021-10-06,0.9279
2021-10-07,0.9280
2021-10-08,0.9272
2021-10-11,
2021-10-12,0.9302
2021-10-13,0.9260
2021-10-14,0.9232
2021-10-15,0.9241
2021-10-18,0.9232
2021-10-19,0.9227
2021-10-20,0.9197
2021-10-21,0.9173
2021-10-22,0.9164
2021-10-25,0.9193
2021-10-26,0.9204
2021-10-27,0.9183
2021-10-28,0.9123
2021-10-29,0.9165
2021-11-01,0.9105
2021-11-02,0.9145
2021-11-03,0.9121
2021-11-04,0.9127
2021-11-05,0.9133
2021-11-08,0.9132
2021-11-09,0.9118
2021-11-10,0.9164
2021-11-11,
2021-11-12,0.9211
2021-11-15,0.9217
2021-11-16,0.9298
2021-11-17,0.9286
2021-11-18,0.9260
2021-11-19,0.9262
2021-11-22,0.9300
2021-11-23,0.9325
2021-11-24,0.9354
2021-11-25,
2021-11-26,0.9234
2021-11-29,0.9250
2021-11-30,0.9217
2021-12-01,0.9195
2021-12-02,0.9205
2021-12-03,0.9185
2021-12-06,0.9256
2021-12-07,0.9264
2021-12-08,0.9217
2021-12-09,0.9260
2021-12-10,0.9205
2021-12-13,0.9212
2021-12-14,0.9236
2021-12-15,0.9258
2021-12-16,0.9215
2021-12-17,0.9226
2021-12-20,0.9200
2021-12-21,0.9242
2021-12-22,0.9201
2021-12-23,0.9186
2021-12-24,
2021-12-27,0.9175
2021-12-28,0.9167
2021-12-29,0.9149
2021-12-30,0.9146
2021-12-31,
2022-01-03,0.9188
2022-01-04,0.9154
2022-01-05,0.9161
2022-01-06,0.9196
2022-01-07,0.9191
2022-01-10,0.9252
2022-01-11,0.9237
2022-01-12,0.9134
2022-01-13,0.9102
2022-01-14,0.9133
2022-01-17,
2022-01-18,0.9168
2022-01-19,0.9155
2022-01-20,0.9157
2022-01-21,0.9120
2022-01-24,0.9146
2022-01-25,0.9194
2022-01-26,0.9213
2022-01-27,0.9318
2022-01-28,0.9298
2022-01-31,0.9303
2022-02-01,0.9231
2022-02-02,0.9186
2022-02-03,0.9213
2022-02-04,0.9248
2022-02-07,0.9243
2022-02-08,0.9244
2022-02-09,0.9233
2022-02-10,0.9230
2022-02-11,0.9255
2022-02-14,0.9265
2022-02-15,0.9258
2022-02-16,0.9219
2022-02-17,0.9202
2022-02-18,0.9210
2022-02-21,
2022-02-22,0.9204
2022-02-23,0.9179
2022-02-24,0.9266
2022-02-25,0.9274
2022-02-28,0.9179
2022-03-01,0.9186
2022-03-02,0.9216
2022-03-03,0.9204
2022-03-04,0.9183
2022-03-07,0.9267
2022-03-08,0.9302
2022-03-09,0.9264
2022-03-10,0.9294
2022-03-11,0.9326
2022-03-14,0.9358
2022-03-15,0.9415
2022-03-16,0.9414
2022-03-17,0.9349
2022-03-18,0.9337
2022-03-21,0.9303
2022-03-22,0.9325
2022-03-23,0.9318
2022-03-24,0.9308
2022-03-25,0.9308
2022-03-28,0.9344
2022-03-29,0.9303
2022-03-30,0.9233
2022-03-31,0.9211
2022-04-01,0.9256
2022-04-04,0.9256
2022-04-05,0.9292
2022-04-06,0.9325
2022-04-07,0.9332
2022-04-08,0.9333
2022-04-11,0.9308
2022-04-12,0.9302
2022-04-13,0.9335
2022-04-14,0.9426
2022-04-15,0.9431
2022-04-18,0.9441
2022-04-19,0.9482
2022-04-20,0.9469
2022-04-21,0.9533
2022-04-22,0.9587
2022-04-25,0.9585
2022-04-26,0.9610
2022-04-27,0.9695
2022-04-28,0.9724
2022-04-29,0.9723
2022-05-02,0.9770
2022-05-03,0.9785
2022-05-04,0.9829
2022-05-05,0.9874
2022-05-06,0.9858
2022-05-09,0.9927
2022-05-10,0.9949
2022-05-11,0.9907
2022-05-12,1.0004
2022-05-13,1.0014
2022-05-16,1.0028
2022-05-17,0.9931
2022-05-18,0.9902
2022-05-19,0.9729
2022-05-20,0.9749
2022-05-23,0.9664
2022-05-24,0.9597
2022-05-25,0.9637
2022-05-26,0.9595
2022-05-27,0.9575
2022-05-30,
2022-05-31,0.9570
2022-06-01,0.9644
2022-06-02,0.9592
2022-06-03,0.9625
2022-06-06,0.9690
2022-06-07,0.9731
2022-06-08,0.9750
2022-06-09,0.9778
2022-06-10,0.9886
2022-06-13,0.9966
2022-06-14,1.0016
2022-06-15,1.0021
2022-06-16,0.9663
2022-06-17,0.9717
2022-06-20,
2022-06-21,0.9660
2022-06-22,0.9615
2022-06-23,0.9606
2022-06-24,0.9569
2022-06-27,0.9551
2022-06-28,0.9563
2022-06-29,0.9541
2022-06-30,0.9550
2022-07-01,0.9623
2022-07-04,
2022-07-05,0.9690
2022-07-06,0.9714
2022-07-07,0.9734
2022-07-08,0.9775
2022-07-11,0.9794
2022-07-12,0.9812
2022-07-13,0.9784
2022-07-14,0.9829
2022-07-15,0.9776
2022-07-18,0.9764
2022-07-19,0.9683
2022-07-20,0.9721
2022-07-21,0.9693
2022-07-22,0.9613
2022-07-25,0.9651
2022-07-26,0.9634
2022-07-27,0.9650
2022-07-28,0.9568
2022-07-29,0.9513
2022-08-01,0.9486
2022-08-02,0.9543
2022-08-03,0.9630
2022-08-04,0.9565
2022-08-05,0.9635
2022-08-08,0.9545
2022-08-09,0.9525
2022-08-10,0.9410
2022-08-11,0.9391
2022-08-12,0.9430
2022-08-15,0.9449
2022-08-16,0.9506
2022-08-17,0.9537
2022-08-18,0.9546
2022-08-19,0.9590
2022-08-22,0.9652
2022-08-23,0.9632
2022-08-24,0.9664
2022-08-25,0.9648
2022-08-26,0.9635
2022-08-29,0.9688
2022-08-30,0.9746
2022-08-31,0.9748
2022-09-01,0.9838
2022-09-02,0.9801
2022-09-05,
2022-09-06,0.9839
2022-09-07,0.9808
2022-09-08,0.9726
2022-09-09,0.9604
2022-09-12,0.9519
2022-09-13,0.9608
2022-09-14,0.9612
2022-09-15,0.9607
2022-09-16,0.9647
2022-09-19,0.9663
2022-09-20,0.9628
2022-09-21,0.9652
2022-09-22,0.9806
2022-09-23,0.9816
2022-09-26,0.9924
2022-09-27,0.9896
2022-09-28,0.9756
2022-09-29,0.9798
2022-09-30,0.9845
2022-10-03,0.9929
2022-10-04,0.9806
2022-10-05,0.9838
2022-10-06,0.9899
2022-10-07,0.9914
2022-10-10,
2022-10-11,0.9940
2022-10-12,0.9980
2022-10-13,0.9987
2022-10-14,1.0049
2022-10-17,0.9953
2022-10-18,0.9962
2022-10-19,1.0039
2022-10-20,1.0003
2022-10-21,0.9981
2022-10-24,1.0007
2022-10-25,0.9961
2022-10-26,0.9865
2022-10-27,0.9899
2022-10-28,0.9968
2022-10-31,1.0006
2022-11-01,0.9995
2022-11-02,0.9988
2022-11-03,1.0131
2022-11-04,0.9981
2022-11-07,0.9906
2022-11-08,0.9842
2022-11-09,0.9836
2022-11-10,0.9672
2022-11-11,
2022-11-14,0.9427
2022-11-15,0.9444
2022-11-16,0.9445
2022-11-17,0.9540
2022-11-18,0.9522
2022-11-21,0.9586
2022-11-22,0.9531
2022-11-23,0.9432
2022-11-24,
2022-11-25,0.9459
2022-11-28,0.9463
2022-11-29,0.9506
2022-11-30,0.9486
2022-12-01,0.9377
2022-12-02,0.9369
2022-12-05,0.9421
2022-12-06,0.9406
2022-12-07,0.9401
2022-12-08,0.9358
2022-12-09,0.9320
2022-12-12,0.9356
2022-12-13,0.9268
2022-12-14,0.9238
2022-12-15,0.9288
2022-12-16,0.9324
2022-12-19,0.9303
2022-12-20,0.9259
2022-12-21,0.9277
2022-12-22,0.9310
2022-12-23,0.9335
2022-12-26,
2022-12-27,0.9285
2022-12-28,0.9275
2022-12-29,0.9233
2022-12-30,0.9241
2023-01-02,
2023-01-03,0.9368
2023-01-04,0.9271
2023-01-05,0.9364
2023-01-06,0.9293
2023-01-09,0.9180
2023-01-10,0.9225
2023-01-11,0.9299
2023-01-12,0.9288
2023-01-13,0.9284
2023-01-16,
2023-01-17,0.9215
2023-01-18,0.9140
2023-01-19,0.9162
2023-01-20,0.9221
2023-01-23,0.9231
2023-01-24,0.9230
2023-01-25,0.9199
2023-01-26,0.9210
2023-01-27,0.9218
2023-01-30,0.9231
2023-01-31,0.9186
2023-02-01,0.9147
2023-02-02,0.9120
2023-02-03,0.9250
2023-02-06,0.9278
2023-02-07,0.9239
2023-02-08,0.9198
2023-02-09,0.9192
2023-02-10,0.9246
2023-02-13,0.9207
2023-02-14,0.9224
2023-02-15,0.9238
2023-02-16,0.9245
2023-02-17,0.9266
2023-02-20,
2023-02-21,0.9267
2023-02-22,0.9297
2023-02-23,0.9343
2023-02-24,0.9400
2023-02-27,0.9375
2023-02-28,0.9376
2023-03-01,0.9387
2023-03-02,0.9420
2023-03-03,0.9381
2023-03-06,0.9308
2023-03-07,0.9413
2023-03-08,0.9395
2023-03-09,0.9363
2023-03-10,0.9213
2023-03-13,0.9118
2023-03-14,0.9137
2023-03-15,0.9243
2023-03-16,0.9299
2023-03-17,0.9284
2023-03-20,0.9267
2023-03-21,0.9238
2023-03-22,0.9237
2023-03-23,0.9145
2023-03-24,0.9181
2023-03-27,0.9163
2023-03-28,0.9198
2023-03-29,0.9195
2023-03-30,0.9140
2023-03-31,0.9129
2023-04-03,0.9130
2023-04-04,0.9071
2023-04-05,0.9050
2023-04-06,0.9040
2023-04-07,0.9049
2023-04-10,0.9112
2023-04-11,0.9040
2023-04-12,0.8968
2023-04-13,0.8874
2023-04-14,0.8955
2023-04-17,0.8994
2023-04-18,0.8980
2023-04-19,0.8984
2023-04-20,0.8944
2023-04-21,0.8926
2023-04-24,0.8887
2023-04-25,0.8925
2023-04-26,0.8901
2023-04-27,0.8957
2023-04-28,0.8911
2023-05-01,0.8961
2023-05-02,0.8931
2023-05-03,0.8871
2023-05-04,0.8861
2023-05-05,0.8913
2023-05-08,0.8894
2023-05-09,0.8916
2023-05-10,0.8911
2023-05-11,0.8953
2023-05-12,0.8971
2023-05-15,0.8949
2023-05-16,0.8965
2023-05-17,0.8992
2023-05-18,0.9046
2023-05-19,0.8989
2023-05-22,0.8991
2023-05-23,0.9014
2023-05-24,0.9058
2023-05-25,0.9060
2023-05-26,0.9060
2023-05-29,
2023-05-30,0.9048
2023-05-31,0.9129
2023-06-01,0.9077
2023-06-02,0.9075
2023-06-05,0.9058
2023-06-06,0.9076
2023-06-07,0.9089
2023-06-08,0.9003
2023-06-09,0.9026
2023-06-12,0.9099
2023-06-13,0.9053
2023-06-14,0.8972
2023-06-15,0.8927
2023-06-16,0.8943
2023-06-19,
2023-06-20,0.8993
2023-06-21,0.8950
2023-06-22,0.8967
2023-06-23,0.8979
2023-06-26,0.8946
2023-06-27,0.8941
2023-06-28,0.8975
2023-06-29,0.8984
2023-06-30,0.8947
2023-07-03,0.8956
2023-07-04,
2023-07-05,0.8980
2023-07-06,0.8965
2023-07-07,0.8887
2023-07-10,0.8869
2023-07-11,0.8805
2023-07-12,0.8676
2023-07-13,0.8595
2023-07-14,0.8616
2023-07-17,0.8602
2023-07-18,0.8582
2023-07-19,0.8598
2023-07-20,0.8671
2023-07-21,0.8658
2023-07-24,0.8664
2023-07-25,0.8644
2023-07-26,0.8625
2023-07-27,0.8686
2023-07-28,0.8687
2023-07-31,0.8688
2023-08-01,0.8763
2023-08-02,0.8779
2023-08-03,0.8742
2023-08-04,0.8713
2023-08-07,0.8742
2023-08-08,0.8757
2023-08-09,0.8770
2023-08-10,0.8736
2023-08-11,0.8765
2023-08-14,0.8775
2023-08-15,0.8769
2023-08-16,0.8786
2023-08-17,0.8792
2023-08-18,0.8817
2023-08-21,0.8799
2023-08-22,0.8800
2023-08-23,0.8785
2023-08-24,0.8825
2023-08-25,0.8860
2023-08-28,0.8832
2023-08-29,0.8798
2023-08-30,0.8772
2023-08-31,0.8837
2023-09-01,0.8857
2023-09-04,
2023-09-05,0.8888
2023-09-06,0.8924
2023-09-07,0.8927
2023-09-08,0.8927
2023-09-11,0.8910
2023-09-12,0.8913
2023-09-13,0.8925
2023-09-14,0.8949
2023-09-15,0.8960
2023-09-18,0.8964
2023-09-19,0.8979
2023-09-20,0.8953
2023-09-21,0.9033
2023-09-22,0.9064
2023-09-25,0.9120
2023-09-26,0.9144
2023-09-27,0.9198
2023-09-28,0.9150
2023-09-29,0.9141
2023-10-02,0.9176
2023-10-03,0.9226
2023-10-04,0.9160
2023-10-05,0.9141
2023-10-06,0.9082
2023-10-09,
2023-10-10,0.9039
2023-10-11,0.9025
2023-10-12,0.9064
2023-10-13,0.9018
2023-10-16,0.9007
2023-10-17,0.8995
2023-10-18,0.8985
2023-10-19,0.8956
2023-10-20,0.8918
2023-10-23,0.8919
2023-10-24,0.8935
2023-10-25,0.8951
2023-10-26,0.8995
2023-10-27,0.9021
2023-10-30,0.9017
2023-10-31,0.9100
2023-11-01,0.9103
2023-11-02,0.9061
2023-11-03,0.8984
2023-11-06,0.8969
2023-11-07,0.9005
2023-11-08,0.8980
2023-11-09,0.8996
2023-11-10,
2023-11-13,0.9014
2023-11-14,0.8905
2023-11-15,0.8872
2023-11-16,0.8882
2023-11-17,0.8870
2023-11-20,0.8841
2023-11-21,0.8831
2023-11-22,0.8853
2023-11-23,
2023-11-24,0.8818
2023-11-27,0.8811
2023-11-28,0.8763
2023-11-29,0.8752
2023-11-30,0.8725
2023-12-01,0.8706
2023-12-04,0.8730
2023-12-05,0.8760
2023-12-06,0.8741
2023-12-07,0.8758
2023-12-08,0.8810
2023-12-11,0.8795
2023-12-12,0.8757
2023-12-13,0.8761
2023-12-14,0.8639
2023-12-15,0.8688
2023-12-18,0.8682
2023-12-19,0.8609
2023-12-20,0.8615
2023-12-21,0.8577
2023-12-22,0.8564
2023-12-25,
2023-12-26,0.8552
2023-12-27,0.8417
2023-12-28,0.8396
2023-12-29,0.8405
2024-01-01,
2024-01-02,0.8483
2024-01-03,0.8523
2024-01-04,0.8503
2024-01-05,0.8486
2024-01-08,0.8466
2024-01-09,0.8515
2024-01-10,0.8514
2024-01-11,0.8556
2024-01-12,0.8523
2024-01-15,
2024-01-16,0.8604
2024-01-17,0.8667
2024-01-18,0.8685
2024-01-19,0.8694
2024-01-22,0.8686
2024-01-23,0.8718
2024-01-24,0.8631
2024-01-25,0.8674
2024-01-26,0.8635
2024-01-29,0.8640
2024-01-30,0.8624
2024-01-31,0.8587
2024-02-01,0.8579
2024-02-02,0.8676
2024-02-05,0.8711
2024-02-06,0.8702
2024-02-07,0.8731
2024-02-08,0.8736
2024-02-09,0.8750
2024-02-12,0.8759
2024-02-13,0.8863
2024-02-14,0.8852
2024-02-15,0.8808
2024-02-16,0.8813
2024-02-19,
2024-02-20,0.8807
2024-02-21,0.8799
2024-02-22,0.8816
2024-02-23,0.8804
2024-02-26,0.8801
2024-02-27,0.8792
2024-02-28,0.8786
2024-02-29,0.8833
2024-03-01,0.8844
2024-03-04,0.8841
2024-03-05,0.8837
2024-03-06,0.8812
2024-03-07,0.8781
2024-03-08,0.8766
2024-03-11,0.8783
2024-03-12,0.8782
2024-03-13,0.8780
2024-03-14,0.8834
2024-03-15,0.8837
2024-03-18,0.8862
2024-03-19,0.8882
2024-03-20,0.8911
2024-03-21,0.8993
2024-03-22,0.8983
2024-03-25,0.8983
2024-03-26,0.9027
2024-03-27,0.9056
2024-03-28,0.9006
2024-03-29,0.9015
2024-04-01,0.9055
2024-04-02,0.9071
2024-04-03,0.9038
2024-04-04,0.9049
2024-04-05,0.9005
2024-04-08,0.9051
2024-04-09,0.9032
2024-04-10,0.9127
2024-04-11,0.9107
2024-04-12,0.9120
2024-04-15,0.9137
2024-04-16,0.9128
2024-04-17,0.9121
2024-04-18,0.9115
2024-04-19,0.9092
2024-04-22,0.9119
2024-04-23,0.9117
2024-04-24,0.9141
2024-04-25,0.9134
2024-04-26,0.9142
2024-04-29,0.9108
2024-04-30,0.9174
2024-05-01,0.9195
2024-05-02,0.9119
2024-05-03,0.9047
2024-05-06,0.9052
2024-05-07,0.9072
2024-05-08,0.9076
2024-05-09,0.9072
2024-05-10,0.9063
2024-05-13,0.9075
2024-05-14,0.9067
2024-05-15,0.9041
2024-05-16,0.9044
2024-05-17,0.9079
2024-05-20,0.9097
2024-05-21,0.9108
2024-05-22,0.9140
2024-05-23,0.9144
2024-05-24,0.9143
2024-05-27,
2024-05-28,0.9106
2024-05-29,0.9135
2024-05-30,0.9036
2024-05-31,0.9034
2024-06-03,0.8954
2024-06-04,0.8904
2024-06-05,0.8940
2024-06-06,0.8917
2024-06-07,0.8960
2024-06-10,0.8968
2024-06-11,0.8987
2024-06-12,0.8918
2024-06-13,0.8935
2024-06-14,0.8907
2024-06-17,0.8914
2024-06-18,0.8842
2024-06-19,
2024-06-20,0.8912
2024-06-21,0.8938
2024-06-24,0.8939
2024-06-25,0.8944
2024-06-26,0.8973
2024-06-27,0.8980
2024-06-28,0.8992
2024-07-01,0.9039
2024-07-02,0.9046
2024-07-03,0.9007
2024-07-04,
2024-07-05,0.8976
2024-07-08,0.8971
2024-07-09,0.8978
2024-07-10,0.8992
2024-07-11,0.8939
2024-07-12,0.8942
2024-07-15,0.8949
2024-07-16,0.8953
2024-07-17,0.8846
2024-07-18,0.8858
2024-07-19,0.8884
2024-07-22,0.8900
2024-07-23,0.8915
2024-07-24,0.8838
2024-07-25,0.8802
2024-07-26,0.8826
2024-07-29,0.8860
2024-07-30,0.8852
2024-07-31,0.8797
2024-08-01,0.8744
2024-08-02,0.8605
2024-08-05,0.8528
2024-08-06,0.8533
2024-08-07,0.8652
2024-08-08,0.8656
2024-08-09,0.8639
2024-08-12,0.8673
2024-08-13,0.8654
2024-08-14,0.8638
2024-08-15,0.8712
2024-08-16,0.8685
2024-08-19,0.8629
2024-08-20,0.8576
2024-08-21,0.8515
2024-08-22,0.8518
2024-08-23,0.8492
2024-08-26,0.8479
2024-08-27,0.8439
2024-08-28,0.8420
2024-08-29,0.8466
2024-08-30,0.8493
2024-09-02,
2024-09-03,0.8503
2024-09-04,0.8482
2024-09-05,0.8453
2024-09-06,0.8428
2024-09-09,0.8480
2024-09-10,0.8459
2024-09-11,0.8505
2024-09-12,0.8527
2024-09-13,0.8479
2024-09-16,0.8453
2024-09-17,0.8470
2024-09-18,0.8459
2024-09-19,0.8478
2024-09-20,0.8496
2024-09-23,0.8475
2024-09-24,0.8459
2024-09-25,0.8495
2024-09-26,0.8463
2024-09-27,0.8424
2024-09-30,0.8444
2024-10-01,0.8458
2024-10-02,0.8495
2024-10-03,0.8540
2024-10-04,0.8589
2024-10-07,0.8555
2024-10-08,0.8576
2024-10-09,0.8595
2024-10-10,0.8573
2024-10-11,0.8574
2024-10-14,
2024-10-15,0.8621
2024-10-16,0.8642
2024-10-17,0.8654
2024-10-18,0.8659
2024-10-21,0.8658
2024-10-22,0.8654
2024-10-23,0.8665
2024-10-24,0.8668
2024-10-25,0.8664
2024-10-28,0.8659
2024-10-29,0.8684
2024-10-30,0.8664
2024-10-31,0.8648
2024-11-01,0.8704
2024-11-04,0.8632
2024-11-05,0.8635
2024-11-06,0.8761
2024-11-07,0.8724
2024-11-08,0.8755
2024-11-11,
2024-11-12,0.8827
2024-11-13,0.8850
2024-11-14,0.8878
2024-11-15,0.8878
2024-11-18,0.8850
2024-11-19,0.8824
2024-11-20,0.8855
2024-11-21,0.8866
2024-11-22,0.8946
2024-11-25,0.8874
2024-11-26,0.8876
2024-11-27,0.8806
2024-11-28,
2024-11-29,0.8822
2024-12-02,0.8866
2024-12-03,0.8852
2024-12-04,0.8835
2024-12-05,0.8794
2024-12-06,0.8776
2024-12-09,0.8774
2024-12-10,0.8823
2024-12-11,0.8830
2024-12-12,0.8879
2024-12-13,0.8929
2024-12-16,0.8934
2024-12-17,0.8930
2024-12-18,0.8937
2024-12-19,0.8994
2024-12-20,0.8928
2024-12-23,0.8991
2024-12-24,0.9009
2024-12-25,
2024-12-26,0.9000
2024-12-27,0.9018
2024-12-30,0.9066
2024-12-31,0.9068
2025-01-01,
2025-01-02,0.9124
2025-01-03,0.9096
2025-01-06,0.9043
2025-01-07,0.9076
2025-01-08,0.9107
2025-01-09,0.9124
2025-01-10,0.9172
2025-01-13,0.9192
2025-01-14,0.9139
2025-01-15,0.9129
2025-01-16,0.9110
2025-01-17,0.9148
2025-01-20,
2025-01-21,0.9069
2025-01-22,0.9070
2025-01-23,0.9072
2025-01-24,0.9044
2025-01-27,0.9006
2025-01-28,0.9051
2025-01-29,0.9077
2025-01-30,0.9085
2025-01-31,0.9088
2025-02-03,0.9139
2025-02-04,0.9058
2025-02-05,0.9009
2025-02-06,0.9055
2025-02-07,0.9101
2025-02-10,0.9110
2025-02-11,0.9133
2025-02-12,0.9130
2025-02-13,0.9048
2025-02-14,0.8983
2025-02-17,
2025-02-18,0.9023
2025-02-19,0.9054
2025-02-20,0.8993
2025-02-21,0.8990
2025-02-24,0.8966
2025-02-25,0.8928
2025-02-26,0.8931
2025-02-27,0.8981
2025-02-28,0.9019
2025-03-03,0.8972
2025-03-04,0.8900
2025-03-05,0.8900
2025-03-06,0.8841
2025-03-07,0.8774
2025-03-10,0.8813
2025-03-11,0.8800
2025-03-12,0.8827
2025-03-13,0.8849
2025-03-14,0.8855
2025-03-17,0.8812
2025-03-18,0.8773
2025-03-19,0.8800
2025-03-20,0.8826
2025-03-21,0.8834
2025-03-24,0.8842
2025-03-25,0.8819
2025-03-26,0.8839
2025-03-27,0.8818
2025-03-28,0.8809
2025-03-31,0.8843
2025-04-01,0.8827
2025-04-02,0.8819
2025-04-03,0.8590
2025-04-04,0.8547
2025-04-07,0.8597
2025-04-08,0.8560
2025-04-09,0.8413
2025-04-10,0.8283
2025-04-11,0.8153
2025-04-14,0.8139
2025-04-15,0.8209
2025-04-16,0.8142
2025-04-17,0.8203
2025-04-18,0.8174
2025-04-21,0.8069
2025-04-22,0.8150
2025-04-23,0.8271
2025-04-24,0.8271
2025-04-25,0.8285
2025-04-28,0.8254
2025-04-29,0.8241
2025-04-30,0.8227
2025-05-01,0.8321
2025-05-02,0.8262
2025-05-05,0.8239
2025-05-06,0.8242
2025-05-07,0.8215
2025-05-08,0.8291
2025-05-09,0.8298
2025-05-12,0.8427
2025-05-13,0.8412
2025-05-14,0.8397
2025-05-15,0.8359
2025-05-16,0.8396
2025-05-19,0.8342
2025-05-20,0.8321
2025-05-21,0.8251
2025-05-22,0.8291
2025-05-23,0.8214
2025-05-26,
2025-05-27,0.8278
2025-05-28,0.8276
2025-05-29,0.8227
2025-05-30,0.8229
2025-06-02,0.8173
2025-06-03,0.8242
2025-06-04,0.8183
2025-06-05,0.8210
2025-06-06,0.8220
2025-06-09,0.8205
2025-06-10,0.8219
2025-06-11,0.8195
2025-06-12,0.8125
2025-06-13,0.8116
2025-06-16,0.8115
2025-06-17,0.8141
2025-06-18,0.8174
2025-06-19,
2025-06-20,0.8175
2025-06-23,0.8133
2025-06-24,0.8049
2025-06-25,0.8057
2025-06-26,0.7990
2025-06-27,0.7989
2025-06-30,0.7938
2025-07-01,0.7929
2025-07-02,0.7921
2025-07-03,0.7951
2025-07-04,
2025-07-07,0.7969
2025-07-08,0.7971
2025-07-09,0.7957
2025-07-10,0.7971
2025-07-11,0.7962
2025-07-14,0.7977
2025-07-15,0.8004
2025-07-16,0.8014
2025-07-17,0.8043
2025-07-18,0.8001
2025-07-21,0.7973
2025-07-22,0.7926
2025-07-23,0.7936
2025-07-24,0.7957
2025-07-25,0.7965
2025-07-28,0.8025
2025-07-29,0.8071
2025-07-30,0.8111
2025-07-31,0.8123
2025-08-01,0.8068
2025-08-04,0.8083
2025-08-05,0.8071
2025-08-06,0.8052
2025-08-07,0.8074
2025-08-08,0.8073
2025-08-11,0.8126
2025-08-12,0.8081
2025-08-13,0.8043
2025-08-14,0.8078
2025-08-15,0.8061
2025-08-18,0.8068
2025-08-19,0.8070
2025-08-20,0.8044
2025-08-21,0.8085
2025-08-22,0.8016
2025-08-25,0.8034
2025-08-26,0.8031
2025-08-27,0.8037
2025-08-28,0.8017
2025-08-29,0.7996
2025-09-01,
2025-09-02,0.8033
2025-09-03,0.8032
2025-09-04,0.8059
2025-09-05,0.7958
2025-09-08,0.7935
2025-09-09,0.7961
2025-09-10,0.7979
2025-09-11,0.7961
2025-09-12,0.7975
2025-09-15,0.7938
2025-09-16,0.7877
2025-09-17,0.7871
2025-09-18,0.7927
2025-09-19,0.7949
2025-09-22,0.7935
2025-09-23,0.7922
2025-09-24,0.7951
2025-09-25,0.8006
2025-09-26,0.7985
2025-09-29,0.7970
2025-09-30,0.7966
2025-10-01,0.7984
2025-10-02,0.7994
2025-10-03,0.7949
2025-10-06,0.7954
2025-10-07,0.7970
2025-10-08,0.8020
2025-10-09,0.8059
2025-10-10,0.8015
2025-10-13,
2025-10-14,0.8010
2025-10-15,0.7972
2025-10-16,0.7957
2025-10-17,0.7919
2025-10-20,0.7918
2025-10-21,0.7950
2025-10-22,0.7958
2025-10-23,0.7956
2025-10-24,0.7958
2025-10-27,0.7965
2025-10-28,0.7927
2025-10-29,0.7958
2025-10-30,0.8020
2025-10-31,0.8027
2025-11-03,0.8073
2025-11-04,0.8091
2025-11-05,0.8107
2025-11-06,0.8069
2025-11-07,0.8040
2025-11-10,0.8062
2025-11-11,
2025-11-12,0.7972
2025-11-13,0.7917
2025-11-14,0.7933
2025-11-17,0.7956
2025-11-18,0.7996
2025-11-19,0.8046
2025-11-20,0.8054
2025-11-21,0.8087
2025-11-24,0.8084
2025-11-25,0.8091
2025-11-26,0.8048
2025-11-27,
2025-11-28,0.8036
2025-12-01,0.8035
2025-12-02,0.8046
2025-12-03,0.8004
2025-12-04,0.8022
2025-12-05,0.8050
2025-12-08,0.8078
2025-12-09,0.8061
2025-12-10,0.8027
2025-12-11,0.7932
2025-12-12,0.7960
2025-12-15,0.7963
2025-12-16,0.7949
2025-12-17,0.7948
2025-12-18,0.7942
2025-12-19,0.7950
2025-12-22,0.7925
2025-12-23,0.7897
2025-12-24,0.7887
2025-12-25,
2025-12-26,0.7900
2025-12-29,0.7899
2025-12-30,0.7907
2025-12-31,0.7936
2026-01-01,
2026-01-02,0.7918
2026-01-05,0.7924
2026-01-06,0.7954
2026-01-07,0.7967
2026-01-08,0.7993
2026-01-09,0.8012
2026-01-12,0.7972
2026-01-13,0.8005
2026-01-14,0.7987
2026-01-15,0.8030
2026-01-16,0.8026
2026-01-19,
2026-01-20,0.7891
2026-01-21,0.7929
2026-01-22,0.7905
2026-01-23,0.7879
2026-01-26,0.7753
2026-01-27,0.7666
2026-01-28,0.7694
2026-01-29,0.7674
2026-01-30,0.7710
2026-02-02,0.7797
2026-02-03,0.7749
2026-02-04,0.7767
2026-02-05,0.7772
2026-02-06,0.7758
2026-02-09,0.7679
2026-02-10,0.7668
2026-02-11,0.7700
2026-02-12,0.7693
2026-02-13,0.7685
2026-02-16,
2026-02-17,0.7718
2026-02-18,0.7723
2026-02-19,0.7758
2026-02-20,0.7756
2026-02-23,0.7734
2026-02-24,0.7734
2026-02-25,0.7728
2026-02-26,0.7738
2026-02-27,0.7686
2026-03-02,0.7797
2026-03-03,0.7828
2026-03-04,0.7798
2026-03-05,0.7819
2026-03-06,0.7778
2026-03-09,0.7787
2026-03-10,0.7753
2026-03-11,0.7806
2026-03-12,0.7844
2026-03-13,0.7898
2026-03-16,0.7887
2026-03-17,0.7857
2026-03-18,0.7892
2026-03-19,0.7924
2026-03-20,0.7890
2026-03-23,0.7878
2026-03-24,0.7914
2026-03-25,0.7918
2026-03-26,0.7935
2026-03-27,0.7970
2026-03-30,0.8001
2026-03-31,0.8027
2026-04-01,0.7933
2026-04-02,0.7985
2026-04-03,0.7999
2026-04-06,0.7979
2026-04-07,0.7997
2026-04-08,0.7899
2026-04-09,0.7889
2026-04-10,0.7893
2026-04-13,0.7876
2026-04-14,0.7810
2026-04-15,0.7815
2026-04-16,0.7833
2026-04-17,0.7795
2026-04-20,0.7782
2026-04-21,0.7800
2026-04-22,0.7835
2026-04-23,0.7843
2026-04-24,0.7848
2026-04-27,0.7845
2026-04-28,0.7888
2026-04-29,0.7902
2026-04-30,0.7824
2026-05-01,0.7796
2026-05-04,0.7835
2026-05-05,0.7822
2026-05-06,0.7793
2026-05-07,0.7777
2026-05-08,0.7773
2026-05-11,0.7773
2026-05-12,0.7817
2026-05-13,0.7825
2026-05-14,0.7830
2026-05-15,0.7868
2026-05-18,0.7856
2026-05-19,0.7897
2026-05-20,0.7876
2026-05-21,0.7893
2026-05-22,0.7857
2026-05-25,
2026-05-26,0.7860
2026-05-27,0.7871
2026-05-28,0.7845
2026-05-29,0.7811
2026-06-01,0.7868
2026-06-02,0.7858
2026-06-03,0.7908
2026-06-04,0.7885
2026-06-05,0.7955
2026-06-08,0.7972
2026-06-09,0.7971
2026-06-10,0.7984
2026-06-11,0.8007
2026-06-12,0.7964
2026-06-15,0.7937
2026-06-16,0.7928
2026-06-17,0.7930
2026-06-18,0.8040
2026-06-19,
2026-06-22,0.8091
2026-06-23,0.8097
2026-06-24,0.8126
2026-06-25,0.8093
2026-06-26,0.8082
2026-06-29,0.8081
2026-06-30,0.8082
2026-07-01,0.8086
2026-07-02,0.8022
2026-07-03,
2026-07-06,0.8063
2026-07-07,0.8069
2026-07-08,0.8105
2026-07-09,0.8063
2026-07-10,0.8063
2026-07-13,0.8123
2026-07-14,0.8091
2026-07-15,0.8067
2026-07-16,0.8079
2026-07-17,0.8069
2026-07-20,0.8104
2026-07-21,0.8122
2026-07-22,0.8134
2026-07-23,0.8172
2026-07-24,0.8168
