observation_date,DEXCAUS
2008-01-02,0.9922
2008-01-03,0.9905
2008-01-04,0.9988
2008-01-07,1.0050
2008-01-08,0.9985
2008-01-09,1.0083
2008-01-10,1.0139
2008-01-11,1.0198
2008-01-14,1.0210
2008-01-15,1.0167
2008-01-16,1.0238
2008-01-17,1.0290
2008-01-18,1.0294
2008-01-21,
2008-01-22,1.0248
2008-01-23,1.0282
2008-01-24,1.0071
2008-01-25,1.0044
2008-01-28,1.0042
2008-01-29,0.9978
2008-01-30,0.9936
2008-01-31,1.0018
2008-02-01,0.9939
2008-02-04,0.9927
2008-02-05,1.0043
2008-02-06,1.0023
2008-02-07,1.0115
2008-02-08,0.9994
2008-02-11,1.0018
2008-02-12,0.9963
2008-02-13,0.9992
2008-02-14,0.9967
2008-02-15,1.0013
2008-02-18,
2008-02-19,1.0159
2008-02-20,1.0188
2008-02-21,1.0083
2008-02-22,1.0155
2008-02-25,0.9982
2008-02-26,0.9861
2008-02-27,0.9776
2008-02-28,0.9717
2008-02-29,0.9796
2008-03-03,0.9867
2008-03-04,0.9954
2008-03-05,0.9897
2008-03-06,0.9847
2008-03-07,0.9916
2008-03-10,0.9975
2008-03-11,0.9953
2008-03-12,0.9895
2008-03-13,0.9841
2008-03-14,0.9867
2008-03-17,0.9977
2008-03-18,0.9938
2008-03-19,1.0027
2008-03-20,1.0265
2008-03-21,1.0239
2008-03-24,1.0203
2008-03-25,1.0176
2008-03-26,1.0180
2008-03-27,1.0146
2008-03-28,1.0180
2008-03-31,1.0275
2008-04-01,1.0268
2008-04-02,1.0173
2008-04-03,1.0079
2008-04-04,1.0088
2008-04-07,1.0108
2008-04-08,1.0151
2008-04-09,1.0192
2008-04-10,1.0178
2008-04-11,1.0216
2008-04-14,1.0207
2008-04-15,1.0181
2008-04-16,1.0021
2008-04-17,1.0107
2008-04-18,1.0084
2008-04-21,1.0066
2008-04-22,1.0033
2008-04-23,1.0194
2008-04-24,1.0131
2008-04-25,1.0163
2008-04-28,1.0158
2008-04-29,1.0128
2008-04-30,1.0092
2008-05-01,1.0187
2008-05-02,1.0182
2008-05-05,1.0125
2008-05-06,1.0036
2008-05-07,1.0020
2008-05-08,1.0149
2008-05-09,1.0062
2008-05-12,1.0037
2008-05-13,0.9996
2008-05-14,1.0018
2008-05-15,0.9996
2008-05-16,0.9966
2008-05-19,0.9914
2008-05-20,0.9928
2008-05-21,0.9840
2008-05-22,0.9861
2008-05-23,0.9883
2008-05-26,
2008-05-27,0.9932
2008-05-28,0.9913
2008-05-29,0.9871
2008-05-30,0.9938
2008-06-02,1.0011
2008-06-03,1.0051
2008-06-04,1.0145
2008-06-05,1.0195
2008-06-06,1.0187
2008-06-09,1.0223
2008-06-10,1.0241
2008-06-11,1.0170
2008-06-12,1.0230
2008-06-13,1.0282
2008-06-16,1.0210
2008-06-17,1.0201
2008-06-18,1.0186
2008-06-19,1.0130
2008-06-20,1.0173
2008-06-23,1.0161
2008-06-24,1.0135
2008-06-25,1.0134
2008-06-26,1.0121
2008-06-27,1.0120
2008-06-30,1.0185
2008-07-01,1.0220
2008-07-02,1.0127
2008-07-03,1.0204
2008-07-04,
2008-07-07,1.0174
2008-07-08,1.0205
2008-07-09,1.0108
2008-07-10,1.0103
2008-07-11,1.0093
2008-07-14,1.0060
2008-07-15,1.0015
2008-07-16,1.0020
2008-07-17,1.0018
2008-07-18,1.0053
2008-07-21,1.0019
2008-07-22,1.0083
2008-07-23,1.0088
2008-07-24,1.0114
2008-07-25,1.0167
2008-07-28,1.0220
2008-07-29,1.0260
2008-07-30,1.0240
2008-07-31,1.0261
2008-08-01,1.0251
2008-08-04,1.0355
2008-08-05,1.0425
2008-08-06,1.0470
2008-08-07,1.0510
2008-08-08,1.0677
2008-08-11,1.0673
2008-08-12,1.0641
2008-08-13,1.0658
2008-08-14,1.0621
2008-08-15,1.0609
2008-08-18,1.0603
2008-08-19,1.0606
2008-08-20,1.0627
2008-08-21,1.0454
2008-08-22,1.0456
2008-08-25,1.0463
2008-08-26,1.0486
2008-08-27,1.0483
2008-08-28,1.0527
2008-08-29,1.0631
2008-09-01,
2008-09-02,1.0698
2008-09-03,1.0610
2008-09-04,1.0640
2008-09-05,1.0637
2008-09-08,1.0694
2008-09-09,1.0677
2008-09-10,1.0735
2008-09-11,1.0797
2008-09-12,1.0606
2008-09-15,1.0670
2008-09-16,1.0737
2008-09-17,1.0788
2008-09-18,1.0696
2008-09-19,1.0469
2008-09-22,1.0383
2008-09-23,1.0355
2008-09-24,1.0351
2008-09-25,1.0338
2008-09-26,1.0352
2008-09-29,1.0393
2008-09-30,1.0597
2008-10-01,1.0607
2008-10-02,1.0769
2008-10-03,1.0815
2008-10-06,1.1027
2008-10-07,1.1055
2008-10-08,1.1246
2008-10-09,1.1483
2008-10-10,1.1900
2008-10-13,
2008-10-14,1.1599
2008-10-15,1.1804
2008-10-16,1.1953
2008-10-17,1.1820
2008-10-20,1.1977
2008-10-21,1.2208
2008-10-22,1.2496
2008-10-23,1.2573
2008-10-24,1.2735
2008-10-27,1.2935
2008-10-28,1.2942
2008-10-29,1.2302
2008-10-30,1.2229
2008-10-31,1.2158
2008-11-03,1.1866
2008-11-04,1.1502
2008-11-05,1.1590
2008-11-06,1.1816
2008-11-07,1.1830
2008-11-10,1.1948
2008-11-11,
2008-11-12,1.2296
2008-11-13,1.2311
2008-11-14,1.2241
2008-11-17,1.2213
2008-11-18,1.2237
2008-11-19,1.2370
2008-11-20,1.2850
2008-11-21,1.2849
2008-11-24,1.2246
2008-11-25,1.2214
2008-11-26,1.2338
2008-11-27,
2008-11-28,1.2360
2008-12-01,1.2370
2008-12-02,1.2422
2008-12-03,1.2573
2008-12-04,1.2540
2008-12-05,1.2971
2008-12-08,1.2570
2008-12-09,1.2602
2008-12-10,1.2553
2008-12-11,1.2181
2008-12-12,1.2453
2008-12-15,1.2350
2008-12-16,1.2238
2008-12-17,1.2058
2008-12-18,1.1962
2008-12-19,1.2273
2008-12-22,1.2188
2008-12-23,1.2160
2008-12-24,1.2125
2008-12-25,
2008-12-26,1.2207
2008-12-29,1.2162
2008-12-30,1.2215
2008-12-31,1.2240
2009-01-01,
2009-01-02,1.2101
2009-01-05,1.1920
2009-01-06,1.1822
2009-01-07,1.1850
2009-01-08,1.1890
2009-01-09,1.1920
2009-01-12,1.2075
2009-01-13,1.2255
2009-01-14,1.2373
2009-01-15,1.2623
2009-01-16,1.2540
2009-01-19,
2009-01-20,1.2604
2009-01-21,1.2749
2009-01-22,1.2624
2009-01-23,1.2478
2009-01-26,1.2200
2009-01-27,1.2292
2009-01-28,1.2096
2009-01-29,1.2187
2009-01-30,1.2365
2009-02-02,1.2408
2009-02-03,1.2334
2009-02-04,1.2268
2009-02-05,1.2307
2009-02-06,1.2388
2009-02-09,1.2190
2009-02-10,1.2332
2009-02-11,1.2418
2009-02-12,1.2478
2009-02-13,1.2435
2009-02-16,
2009-02-17,1.2606
2009-02-18,1.2592
2009-02-19,1.2590
2009-02-20,1.2543
2009-02-23,1.2508
2009-02-24,1.2468
2009-02-25,1.2558
2009-02-26,1.2455
2009-02-27,1.2710
2009-03-02,1.2891
2009-03-03,1.2937
2009-03-04,1.2768
2009-03-05,1.2875
2009-03-06,1.2865
2009-03-09,1.2995
2009-03-10,1.2796
2009-03-11,1.2808
2009-03-12,1.2909
2009-03-13,1.2752
2009-03-16,1.2723
2009-03-17,1.2717
2009-03-18,1.2715
2009-03-19,1.2336
2009-03-20,1.2370
2009-03-23,1.2322
2009-03-24,1.2263
2009-03-25,1.2245
2009-03-26,1.2327
2009-03-27,1.2392
2009-03-30,1.2582
2009-03-31,1.2606
2009-04-01,1.2640
2009-04-02,1.2380
2009-04-03,1.2335
2009-04-06,1.2427
2009-04-07,1.2339
2009-04-08,1.2353
2009-04-09,1.2273
2009-04-10,1.2273
2009-04-13,1.2210
2009-04-14,1.2093
2009-04-15,1.2040
2009-04-16,1.2062
2009-04-17,1.2146
2009-04-20,1.2338
2009-04-21,1.2373
2009-04-22,1.2361
2009-04-23,1.2291
2009-04-24,1.2095
2009-04-27,1.2106
2009-04-28,1.2238
2009-04-29,1.2008
2009-04-30,1.1939
2009-05-01,1.1868
2009-05-04,1.1779
2009-05-05,1.1758
2009-05-06,1.1726
2009-05-07,1.1714
2009-05-08,1.1580
2009-05-11,1.1591
2009-05-12,1.1671
2009-05-13,1.1686
2009-05-14,1.1726
2009-05-15,1.1756
2009-05-18,1.1656
2009-05-19,1.1567
2009-05-20,1.1434
2009-05-21,1.1412
2009-05-22,1.1234
2009-05-25,
2009-05-26,1.1199
2009-05-27,1.1120
2009-05-28,1.1123
2009-05-29,1.0957
2009-06-01,1.0870
2009-06-02,1.0828
2009-06-03,1.0973
2009-06-04,1.0997
2009-06-05,1.1144
2009-06-08,1.1228
2009-06-09,1.1042
2009-06-10,1.1100
2009-06-11,1.0977
2009-06-12,1.1170
2009-06-15,1.1338
2009-06-16,1.1325
2009-06-17,1.1371
2009-06-18,1.1273
2009-06-19,1.1287
2009-06-22,1.1547
2009-06-23,1.1557
2009-06-24,1.1462
2009-06-25,1.1576
2009-06-26,1.1527
2009-06-29,1.1580
2009-06-30,1.1626
2009-07-01,1.1446
2009-07-02,1.1600
2009-07-03,1.1625
2009-07-06,1.1608
2009-07-07,1.1630
2009-07-08,1.1650
2009-07-09,1.1623
2009-07-10,1.1649
2009-07-13,1.1541
2009-07-14,1.1401
2009-07-15,1.1192
2009-07-16,1.1172
2009-07-17,1.1168
2009-07-20,1.1065
2009-07-21,1.1077
2009-07-22,1.0980
2009-07-23,1.0867
2009-07-24,1.0843
2009-07-27,1.0833
2009-07-28,1.0802
2009-07-29,1.0881
2009-07-30,1.0814
2009-07-31,1.0791
2009-08-03,1.0650
2009-08-04,1.0685
2009-08-05,1.0722
2009-08-06,1.0760
2009-08-07,1.0838
2009-08-10,1.0848
2009-08-11,1.0987
2009-08-12,1.0875
2009-08-13,1.0881
2009-08-14,1.0973
2009-08-17,1.1077
2009-08-18,1.1097
2009-08-19,1.0968
2009-08-20,1.0902
2009-08-21,1.0799
2009-08-24,1.0740
2009-08-25,1.0727
2009-08-26,1.0988
2009-08-27,1.0961
2009-08-28,1.0875
2009-08-31,1.0967
2009-09-01,1.1028
2009-09-02,1.1060
2009-09-03,1.1034
2009-09-04,1.0894
2009-09-07,
2009-09-08,1.0762
2009-09-09,1.0783
2009-09-10,1.0811
2009-09-11,1.0742
2009-09-14,1.0859
2009-09-15,1.0760
2009-09-16,1.0662
2009-09-17,1.0615
2009-09-18,1.0721
2009-09-21,1.0775
2009-09-22,1.0683
2009-09-23,1.0722
2009-09-24,1.0864
2009-09-25,1.0918
2009-09-28,1.0860
2009-09-29,1.0872
2009-09-30,1.0719
2009-10-01,1.0773
2009-10-02,1.0843
2009-10-05,1.0755
2009-10-06,1.0570
2009-10-07,1.0619
2009-10-08,1.0533
2009-10-09,1.0425
2009-10-12,
2009-10-13,1.0297
2009-10-14,1.0289
2009-10-15,1.0304
2009-10-16,1.0389
2009-10-19,1.0307
2009-10-20,1.0494
2009-10-21,1.0413
2009-10-22,1.0476
2009-10-23,1.0507
2009-10-26,1.0618
2009-10-27,1.0644
2009-10-28,1.0757
2009-10-29,1.0702
2009-10-30,1.0767
2009-11-02,1.0742
2009-11-03,1.0701
2009-11-04,1.0644
2009-11-05,1.0649
2009-11-06,1.0717
2009-11-09,1.0563
2009-11-10,1.0516
2009-11-11,
2009-11-12,1.0513
2009-11-13,1.0500
2009-11-16,1.0458
2009-11-17,1.0589
2009-11-18,1.0496
2009-11-19,1.0634
2009-11-20,1.0698
2009-11-23,1.0550
2009-11-24,1.0608
2009-11-25,1.0499
2009-11-26,
2009-11-27,1.0620
2009-11-30,1.0570
2009-12-01,1.0430
2009-12-02,1.0465
2009-12-03,1.0539
2009-12-04,1.0515
2009-12-07,1.0508
2009-12-08,1.0599
2009-12-09,1.0550
2009-12-10,1.0518
2009-12-11,1.0583
2009-12-14,1.0590
2009-12-15,1.0622
2009-12-16,1.0579
2009-12-17,1.0713
2009-12-18,1.0679
2009-12-21,1.0592
2009-12-22,1.0555
2009-12-23,1.0476
2009-12-24,1.0485
2009-12-25,
2009-12-28,1.0430
2009-12-29,1.0400
2009-12-30,1.0523
2009-12-31,1.0461
2010-01-01,
2010-01-04,1.0377
2010-01-05,1.0371
2010-01-06,1.0333
2010-01-07,1.0351
2010-01-08,1.0345
2010-01-11,1.0317
2010-01-12,1.0374
2010-01-13,1.0319
2010-01-14,1.0260
2010-01-15,1.0287
2010-01-18,
2010-01-19,1.0325
2010-01-20,1.0477
2010-01-21,1.0483
2010-01-22,1.0561
2010-01-25,1.0582
2010-01-26,1.0669
2010-01-27,1.0657
2010-01-28,1.0584
2010-01-29,1.0652
2010-02-01,1.0651
2010-02-02,1.0607
2010-02-03,1.0608
2010-02-04,1.0735
2010-02-05,1.0727
2010-02-08,1.0692
2010-02-09,1.0690
2010-02-10,1.0667
2010-02-11,1.0522
2010-02-12,1.0529
2010-02-15,
2010-02-16,1.0427
2010-02-17,1.0455
2010-02-18,1.0450
2010-02-19,1.0419
2010-02-22,1.0428
2010-02-23,1.0517
2010-02-24,1.0551
2010-02-25,1.0675
2010-02-26,1.0520
2010-03-01,1.0421
2010-03-02,1.0325
2010-03-03,1.0286
2010-03-04,1.0307
2010-03-05,1.0284
2010-03-08,1.0286
2010-03-09,1.0249
2010-03-10,1.0241
2010-03-11,1.0262
2010-03-12,1.0187
2010-03-15,1.0216
2010-03-16,1.0147
2010-03-17,1.0110
2010-03-18,1.0139
2010-03-19,1.0153
2010-03-22,1.0193
2010-03-23,1.0176
2010-03-24,1.0268
2010-03-25,1.0188
2010-03-26,1.0283
2010-03-29,1.0201
2010-03-30,1.0189
2010-03-31,1.0156
2010-04-01,1.0073
2010-04-02,1.0110
2010-04-05,1.0025
2010-04-06,1.0001
2010-04-07,1.0028
2010-04-08,1.0019
2010-04-09,1.0055
2010-04-12,1.0015
2010-04-13,1.0029
2010-04-14,0.9960
2010-04-15,1.0013
2010-04-16,1.0145
2010-04-19,1.0199
2010-04-20,0.9984
2010-04-21,0.9983
2010-04-22,1.0014
2010-04-23,1.0026
2010-04-26,1.0009
2010-04-27,1.0169
2010-04-28,1.0125
2010-04-29,1.0052
2010-04-30,1.0112
2010-05-03,1.0134
2010-05-04,1.0215
2010-05-05,1.0264
2010-05-06,1.0437
2010-05-07,1.0423
2010-05-10,1.0245
2010-05-11,1.0193
2010-05-12,1.0197
2010-05-13,1.0148
2010-05-14,1.0343
2010-05-17,1.0400
2010-05-18,1.0329
2010-05-19,1.0510
2010-05-20,1.0656
2010-05-21,1.0564
2010-05-24,1.0587
2010-05-25,1.0776
2010-05-26,1.0647
2010-05-27,1.0491
2010-05-28,1.0497
2010-05-31,
2010-06-01,1.0476
2010-06-02,1.0404
2010-06-03,1.0413
2010-06-04,1.0516
2010-06-07,1.0537
2010-06-08,1.0517
2010-06-09,1.0395
2010-06-10,1.0336
2010-06-11,1.0329
2010-06-14,1.0251
2010-06-15,1.0287
2010-06-16,1.0236
2010-06-17,1.0283
2010-06-18,1.0237
2010-06-21,1.0197
2010-06-22,1.0201
2010-06-23,1.0390
2010-06-24,1.0429
2010-06-25,1.0369
2010-06-28,1.0337
2010-06-29,1.0531
2010-06-30,1.0606
2010-07-01,1.0622
2010-07-02,1.0647
2010-07-05,
2010-07-06,1.0497
2010-07-07,1.0525
2010-07-08,1.0410
2010-07-09,1.0328
2010-07-12,1.0377
2010-07-13,1.0281
2010-07-14,1.0304
2010-07-15,1.0401
2010-07-16,1.0536
2010-07-19,1.0557
2010-07-20,1.0526
2010-07-21,1.0422
2010-07-22,1.0373
2010-07-23,1.0376
2010-07-26,1.0312
2010-07-27,1.0357
2010-07-28,1.0356
2010-07-29,1.0368
2010-07-30,1.0293
2010-08-02,1.0227
2010-08-03,1.0219
2010-08-04,1.0184
2010-08-05,1.0154
2010-08-06,1.0272
2010-08-09,1.0266
2010-08-10,1.0347
2010-08-11,1.0455
2010-08-12,1.0433
2010-08-13,1.0400
2010-08-16,1.0429
2010-08-17,1.0311
2010-08-18,1.0286
2010-08-19,1.0397
2010-08-20,1.0499
2010-08-23,1.0512
2010-08-24,1.0563
2010-08-25,1.0640
2010-08-26,1.0545
2010-08-27,1.0547
2010-08-30,1.0561
2010-08-31,1.0640
2010-09-01,1.0497
2010-09-02,1.0520
2010-09-03,1.0411
2010-09-06,
2010-09-07,1.0426
2010-09-08,1.0359
2010-09-09,1.0323
2010-09-10,1.0357
2010-09-13,1.0277
2010-09-14,1.0219
2010-09-15,1.0281
2010-09-16,1.0274
2010-09-17,1.0331
2010-09-20,1.0280
2010-09-21,1.0314
2010-09-22,1.0325
2010-09-23,1.0307
2010-09-24,1.0262
2010-09-27,1.0260
2010-09-28,1.0305
2010-09-29,1.0300
2010-09-30,1.0293
2010-10-01,1.0214
2010-10-04,1.0235
2010-10-05,1.0169
2010-10-06,1.0073
2010-10-07,1.0167
2010-10-08,1.0138
2010-10-11,
2010-10-12,1.0111
2010-10-13,1.0028
2010-10-14,1.0036
2010-10-15,1.0108
2010-10-18,1.0145
2010-10-19,1.0298
2010-10-20,1.0245
2010-10-21,1.0232
2010-10-22,1.0262
2010-10-25,1.0197
2010-10-26,1.0220
2010-10-27,1.0321
2010-10-28,1.0194
2010-10-29,1.0187
2010-11-01,1.0133
2010-11-02,1.0098
2010-11-03,1.0090
2010-11-04,1.0022
2010-11-05,1.0012
2010-11-08,1.0021
2010-11-09,1.0013
2010-11-10,1.0016
2010-11-11,
2010-11-12,1.0079
2010-11-15,1.0064
2010-11-16,1.0231
2010-11-17,1.0205
2010-11-18,1.0172
2010-11-19,1.0206
2010-11-22,1.0187
2010-11-23,1.0240
2010-11-24,1.0110
2010-11-25,
2010-11-26,1.0188
2010-11-29,1.0227
2010-11-30,1.0266
2010-12-01,1.0160
2010-12-02,1.0045
2010-12-03,1.0059
2010-12-06,1.0056
2010-12-07,1.0093
2010-12-08,1.0100
2010-12-09,1.0098
2010-12-10,1.0091
2010-12-13,1.0046
2010-12-14,1.0039
2010-12-15,1.0033
2010-12-16,1.0056
2010-12-17,1.0125
2010-12-20,1.0176
2010-12-21,1.0173
2010-12-22,1.0143
2010-12-23,1.0095
2010-12-24,
2010-12-27,1.0086
2010-12-28,1.0006
2010-12-29,1.0004
2010-12-30,1.0009
2010-12-31,
2011-01-03,0.9903
2011-01-04,0.9985
2011-01-05,0.9946
2011-01-06,0.9953
2011-01-07,0.9932
2011-01-10,0.9923
2011-01-11,0.9901
2011-01-12,0.9864
2011-01-13,0.9866
2011-01-14,0.9902
2011-01-17,
2011-01-18,0.9912
2011-01-19,0.9938
2011-01-20,1.0001
2011-01-21,0.9943
2011-01-24,0.9933
2011-01-25,0.9984
2011-01-26,0.9954
2011-01-27,0.9940
2011-01-28,0.9989
2011-01-31,1.0020
2011-02-01,0.9921
2011-02-02,0.9883
2011-02-03,0.9901
2011-02-04,0.9899
2011-02-07,0.9885
2011-02-08,0.9905
2011-02-09,0.9946
2011-02-10,0.9955
2011-02-11,0.9900
2011-02-14,0.9883
2011-02-15,0.9885
2011-02-16,0.9853
2011-02-17,0.9839
2011-02-18,0.9827
2011-02-21,
2011-02-22,0.9860
2011-02-23,0.9922
2011-02-24,0.9842
2011-02-25,0.9808
2011-02-28,0.9737
2011-03-01,0.9742
2011-03-02,0.9733
2011-03-03,0.9746
2011-03-04,0.9715
2011-03-07,0.9737
2011-03-08,0.9712
2011-03-09,0.9686
2011-03-10,0.9729
2011-03-11,0.9732
2011-03-14,0.9758
2011-03-15,0.9831
2011-03-16,0.9921
2011-03-17,0.9886
2011-03-18,0.9846
2011-03-21,0.9772
2011-03-22,0.9769
2011-03-23,0.9820
2011-03-24,0.9748
2011-03-25,0.9779
2011-03-28,0.9757
2011-03-29,0.9758
2011-03-30,0.9715
2011-03-31,0.9717
2011-04-01,0.9629
2011-04-04,0.9677
2011-04-05,0.9635
2011-04-06,0.9587
2011-04-07,0.9593
2011-04-08,0.9564
2011-04-11,0.9547
2011-04-12,0.9624
2011-04-13,0.9638
2011-04-14,0.9626
2011-04-15,0.9615
2011-04-18,0.9689
2011-04-19,0.9572
2011-04-20,0.9523
2011-04-21,0.9518
2011-04-22,0.9535
2011-04-25,0.9541
2011-04-26,0.9508
2011-04-27,0.9550
2011-04-28,0.9513
2011-04-29,0.9486
2011-05-02,0.9492
2011-05-03,0.9489
2011-05-04,0.9579
2011-05-05,0.9667
2011-05-06,0.9616
2011-05-09,0.9660
2011-05-10,0.9611
2011-05-11,0.9581
2011-05-12,0.9656
2011-05-13,0.9708
2011-05-16,0.9701
2011-05-17,0.9772
2011-05-18,0.9722
2011-05-19,0.9703
2011-05-20,0.9735
2011-05-23,0.9791
2011-05-24,0.9773
2011-05-25,0.9765
2011-05-26,0.9809
2011-05-27,0.9771
2011-05-30,
2011-05-31,0.9688
2011-06-01,0.9713
2011-06-02,0.9794
2011-06-03,0.9768
2011-06-06,0.9784
2011-06-07,0.9743
2011-06-08,0.9778
2011-06-09,0.9732
2011-06-10,0.9769
2011-06-13,0.9778
2011-06-14,0.9684
2011-06-15,0.9778
2011-06-16,0.9842
2011-06-17,0.9797
2011-06-20,0.9785
2011-06-21,0.9722
2011-06-22,0.9725
2011-06-23,0.9800
2011-06-24,0.9847
2011-06-27,0.9859
2011-06-28,0.9819
2011-06-29,0.9703
2011-06-30,0.9642
2011-07-01,0.9608
2011-07-04,
2011-07-05,0.9608
2011-07-06,0.9656
2011-07-07,0.9585
2011-07-08,0.9627
2011-07-11,0.9663
2011-07-12,0.9667
2011-07-13,0.9582
2011-07-14,0.9584
2011-07-15,0.9542
2011-07-18,0.9616
2011-07-19,0.9505
2011-07-20,0.9479
2011-07-21,0.9449
2011-07-22,0.9500
2011-07-25,0.9448
2011-07-26,0.9448
2011-07-27,0.9474
2011-07-28,0.9483
2011-07-29,0.9539
2011-08-01,0.9593
2011-08-02,0.9577
2011-08-03,0.9632
2011-08-04,0.9765
2011-08-05,0.9843
2011-08-08,0.9889
2011-08-09,0.9893
2011-08-10,0.9909
2011-08-11,0.9891
2011-08-12,0.9879
2011-08-15,0.9838
2011-08-16,0.9816
2011-08-17,0.9818
2011-08-18,0.9899
2011-08-19,0.9848
2011-08-22,0.9901
2011-08-23,0.9876
2011-08-24,0.9878
2011-08-25,0.9842
2011-08-26,0.9854
2011-08-29,0.9778
2011-08-30,0.9791
2011-08-31,0.9783
2011-09-01,0.9751
2011-09-02,0.9815
2011-09-05,
2011-09-06,0.9908
2011-09-07,0.9882
2011-09-08,0.9856
2011-09-09,0.9970
2011-09-12,0.9957
2011-09-13,0.9901
2011-09-14,0.9913
2011-09-15,0.9867
2011-09-16,0.9813
2011-09-19,0.9897
2011-09-20,0.9922
2011-09-21,0.9985
2011-09-22,1.0327
2011-09-23,1.0280
2011-09-26,1.0338
2011-09-27,1.0190
2011-09-28,1.0226
2011-09-29,1.0338
2011-09-30,1.0389
2011-10-03,1.0440
2011-10-04,1.0605
2011-10-05,1.0448
2011-10-06,1.0431
2011-10-07,1.0326
2011-10-10,
2011-10-11,1.0287
2011-10-12,1.0163
2011-10-13,1.0238
2011-10-14,1.0148
2011-10-17,1.0153
2011-10-18,1.0165
2011-10-19,1.0136
2011-10-20,1.0216
2011-10-21,1.0090
2011-10-24,1.0040
2011-10-25,1.0143
2011-10-26,1.0100
2011-10-27,0.9942
2011-10-28,0.9957
2011-10-31,0.9932
2011-11-01,1.0200
2011-11-02,1.0125
2011-11-03,1.0128
2011-11-04,1.0179
2011-11-07,1.0173
2011-11-08,1.0139
2011-11-09,1.0176
2011-11-10,1.0188
2011-11-11,
2011-11-14,1.0176
2011-11-15,1.0233
2011-11-16,1.0205
2011-11-17,1.0224
2011-11-18,1.0260
2011-11-21,1.0386
2011-11-22,1.0371
2011-11-23,1.0479
2011-11-24,
2011-11-25,1.0487
2011-11-28,1.0327
2011-11-29,1.0296
2011-11-30,1.0199
2011-12-01,1.0172
2011-12-02,1.0165
2011-12-05,1.0140
2011-12-06,1.0116
2011-12-07,1.0106
2011-12-08,1.0190
2011-12-09,1.0202
2011-12-12,1.0273
2011-12-13,1.0283
2011-12-14,1.0403
2011-12-15,1.0338
2011-12-16,1.0388
2011-12-19,1.0364
2011-12-20,1.0284
2011-12-21,1.0286
2011-12-22,1.0213
2011-12-23,1.0208
2011-12-26,
2011-12-27,1.0201
2011-12-28,1.0232
2011-12-29,1.0208
2011-12-30,1.0168
2012-01-02,
2012-01-03,1.0089
2012-01-04,1.0134
2012-01-05,1.0197
2012-01-06,1.0231
2012-01-09,1.0272
2012-01-10,1.0161
2012-01-11,1.0192
2012-01-12,1.0197
2012-01-13,1.0246
2012-01-16,
2012-01-17,1.0130
2012-01-18,1.0138
2012-01-19,1.0094
2012-01-20,1.0142
2012-01-23,1.0079
2012-01-24,1.0096
2012-01-25,1.0119
2012-01-26,0.9986
2012-01-27,1.0014
2012-01-30,1.0030
2012-01-31,1.0050
2012-02-01,0.9984
2012-02-02,0.9985
2012-02-03,0.9944
2012-02-06,0.9953
2012-02-07,0.9947
2012-02-08,0.9969
2012-02-09,0.9941
2012-02-10,1.0016
2012-02-13,0.9995
2012-02-14,0.9988
2012-02-15,0.9965
2012-02-16,0.9962
2012-02-17,0.9970
2012-02-20,
2012-02-21,0.9956
2012-02-22,0.9999
2012-02-23,0.9983
2012-02-24,0.9988
2012-02-27,0.9982
2012-02-28,0.9956
2012-02-29,0.9866
2012-03-01,0.9848
2012-03-02,0.9887
2012-03-05,0.9936
2012-03-06,1.0013
2012-03-07,0.9994
2012-03-08,0.9920
2012-03-09,0.9894
2012-03-12,0.9934
2012-03-13,0.9905
2012-03-14,0.9914
2012-03-15,0.9928
2012-03-16,0.9912
2012-03-19,0.9878
2012-03-20,0.9933
2012-03-21,0.9928
2012-03-22,1.0002
2012-03-23,0.9983
2012-03-26,0.9922
2012-03-27,0.9928
2012-03-28,0.9983
2012-03-29,0.9998
2012-03-30,0.9990
2012-04-02,0.9916
2012-04-03,0.9909
2012-04-04,0.9961
2012-04-05,0.9927
2012-04-06,0.9971
2012-04-09,0.9971
2012-04-10,1.0027
2012-04-11,1.0040
2012-04-12,0.9951
2012-04-13,0.9978
2012-04-16,1.0025
2012-04-17,0.9878
2012-04-18,0.9902
2012-04-19,0.9927
2012-04-20,0.9912
2012-04-23,0.9935
2012-04-24,0.9882
2012-04-25,0.9848
2012-04-26,0.9840
2012-04-27,0.9807
2012-04-30,0.9886
2012-05-01,0.9839
2012-05-02,0.9890
2012-05-03,0.9869
2012-05-04,0.9955
2012-05-07,0.9938
2012-05-08,0.9997
2012-05-09,1.0014
2012-05-10,1.0015
2012-05-11,0.9967
2012-05-14,1.0018
2012-05-15,1.0029
2012-05-16,1.0099
2012-05-17,1.0162
2012-05-18,1.0211
2012-05-21,1.0223
2012-05-22,1.0191
2012-05-23,1.0274
2012-05-24,1.0274
2012-05-25,1.0285
2012-05-28,
2012-05-29,1.0253
2012-05-30,1.0289
2012-05-31,1.0349
2012-06-01,1.0378
2012-06-04,1.0417
2012-06-05,1.0414
2012-06-06,1.0298
2012-06-07,1.0244
2012-06-08,1.0332
2012-06-11,1.0281
2012-06-12,1.0269
2012-06-13,1.0270
2012-06-14,1.0247
2012-06-15,1.0244
2012-06-18,1.0264
2012-06-19,1.0177
2012-06-20,1.0193
2012-06-21,1.0250
2012-06-22,1.0258
2012-06-25,1.0301
2012-06-26,1.0264
2012-06-27,1.0258
2012-06-28,1.0331
2012-06-29,1.0190
2012-07-02,1.0193
2012-07-03,1.0123
2012-07-04,
2012-07-05,1.0130
2012-07-06,1.0198
2012-07-09,1.0210
2012-07-10,1.0202
2012-07-11,1.0195
2012-07-12,1.0215
2012-07-13,1.0151
2012-07-16,1.0156
2012-07-17,1.0141
2012-07-18,1.0112
2012-07-19,1.0076
2012-07-20,1.0113
2012-07-23,1.0172
2012-07-24,1.0207
2012-07-25,1.0181
2012-07-26,1.0101
2012-07-27,1.0059
2012-07-30,1.0033
2012-07-31,1.0014
2012-08-01,1.0017
2012-08-02,1.0061
2012-08-03,0.9986
2012-08-06,0.9988
2012-08-07,0.9964
2012-08-08,0.9946
2012-08-09,0.9923
2012-08-10,0.9917
2012-08-13,0.9933
2012-08-14,0.9914
2012-08-15,0.9890
2012-08-16,0.9881
2012-08-17,0.9883
2012-08-20,0.9890
2012-08-21,0.9864
2012-08-22,0.9928
2012-08-23,0.9928
2012-08-24,0.9919
2012-08-27,0.9892
2012-08-28,0.9864
2012-08-29,0.9873
2012-08-30,0.9925
2012-08-31,0.9862
2012-09-03,
2012-09-04,0.9862
2012-09-05,0.9901
2012-09-06,0.9824
2012-09-07,0.9777
2012-09-10,0.9761
2012-09-11,0.9723
2012-09-12,0.9756
2012-09-13,0.9754
2012-09-14,0.9710
2012-09-17,0.9723
2012-09-18,0.9743
2012-09-19,0.9747
2012-09-20,0.9775
2012-09-21,0.9757
2012-09-24,0.9800
2012-09-25,0.9770
2012-09-26,0.9845
2012-09-27,0.9812
2012-09-28,0.9837
2012-10-01,0.9827
2012-10-02,0.9827
2012-10-03,0.9870
2012-10-04,0.9821
2012-10-05,0.9763
2012-10-08,
2012-10-09,0.9787
2012-10-10,0.9786
2012-10-11,0.9785
2012-10-12,0.9797
2012-10-15,0.9783
2012-10-16,0.9854
2012-10-17,0.9795
2012-10-18,0.9811
2012-10-19,0.9930
2012-10-22,0.9938
2012-10-23,0.9934
2012-10-24,0.9945
2012-10-25,0.9942
2012-10-26,0.9990
2012-10-29,1.0003
2012-10-30,0.9992
2012-10-31,0.9994
2012-11-01,0.9973
2012-11-02,0.9962
2012-11-05,0.9965
2012-11-06,0.9936
2012-11-07,0.9971
2012-11-08,0.9985
2012-11-09,1.0007
2012-11-12,
2012-11-13,1.0015
2012-11-14,1.0017
2012-11-15,1.0024
2012-11-16,1.0029
2012-11-19,0.9963
2012-11-20,0.9969
2012-11-21,0.9980
2012-11-22,
2012-11-23,0.9927
2012-11-26,0.9949
2012-11-27,0.9936
2012-11-28,0.9927
2012-11-29,0.9928
2012-11-30,0.9931
2012-12-03,0.9929
2012-12-04,0.9926
2012-12-05,0.9913
2012-12-06,0.9909
2012-12-07,0.9890
2012-12-10,0.9871
2012-12-11,0.9867
2012-12-12,0.9854
2012-12-13,0.9845
2012-12-14,0.9860
2012-12-17,0.9841
2012-12-18,0.9852
2012-12-19,0.9868
2012-12-20,0.9882
2012-12-21,0.9941
2012-12-24,0.9913
2012-12-25,
2012-12-26,0.9945
2012-12-27,0.9949
2012-12-28,0.9951
2012-12-31,0.9958
2013-01-01,
2013-01-02,0.9859
2013-01-03,0.9853
2013-01-04,0.9856
2013-01-07,0.9859
2013-01-08,0.9871
2013-01-09,0.9867
2013-01-10,0.9859
2013-01-11,0.9842
2013-01-14,0.9841
2013-01-15,0.9839
2013-01-16,0.9850
2013-01-17,0.9853
2013-01-18,0.9937
2013-01-21,
2013-01-22,0.9934
2013-01-23,0.9986
2013-01-24,1.0024
2013-01-25,1.0078
2013-01-28,1.0070
2013-01-29,1.0029
2013-01-30,1.0033
2013-01-31,0.9992
2013-02-01,0.9987
2013-02-04,0.9976
2013-02-05,0.9972
2013-02-06,0.9959
2013-02-07,0.9992
2013-02-08,1.0021
2013-02-11,1.0064
2013-02-12,1.0029
2013-02-13,1.0020
2013-02-14,1.0007
2013-02-15,1.0069
2013-02-18,
2013-02-19,1.0117
2013-02-20,1.0162
2013-02-21,1.0184
2013-02-22,1.0222
2013-02-25,1.0264
2013-02-26,1.0279
2013-02-27,1.0249
2013-02-28,1.0286
2013-03-01,1.0285
2013-03-04,1.0298
2013-03-05,1.0289
2013-03-06,1.0314
2013-03-07,1.0303
2013-03-08,1.0273
2013-03-11,1.0268
2013-03-12,1.0259
2013-03-13,1.0272
2013-03-14,1.0263
2013-03-15,1.0202
2013-03-18,1.0218
2013-03-19,1.0272
2013-03-20,1.0268
2013-03-21,1.0239
2013-03-22,1.0224
2013-03-25,1.0217
2013-03-26,1.0167
2013-03-27,1.0169
2013-03-28,1.0155
2013-03-29,1.0174
2013-04-01,1.0166
2013-04-02,1.0147
2013-04-03,1.0134
2013-04-04,1.0139
2013-04-05,1.0190
2013-04-08,1.0199
2013-04-09,1.0162
2013-04-10,1.0148
2013-04-11,1.0107
2013-04-12,1.0134
2013-04-15,1.0208
2013-04-16,1.0226
2013-04-17,1.0263
2013-04-18,1.0257
2013-04-19,1.0264
2013-04-22,1.0262
2013-04-23,1.0259
2013-04-24,1.0270
2013-04-25,1.0193
2013-04-26,1.0170
2013-04-29,1.0138
2013-04-30,1.0072
2013-05-01,1.0083
2013-05-02,1.0083
2013-05-03,1.0077
2013-05-06,1.0074
2013-05-07,1.0051
2013-05-08,1.0023
2013-05-09,1.0026
2013-05-10,1.0123
2013-05-13,1.0108
2013-05-14,1.0149
2013-05-15,1.0173
2013-05-16,1.0162
2013-05-17,1.0268
2013-05-20,1.0272
2013-05-21,1.0277
2013-05-22,1.0331
2013-05-23,1.0315
2013-05-24,1.0322
2013-05-27,
2013-05-28,1.0371
2013-05-29,1.0369
2013-05-30,1.0309
2013-05-31,1.0337
2013-06-03,1.0290
2013-06-04,1.0348
2013-06-05,1.0346
2013-06-06,1.0240
2013-06-07,1.0208
2013-06-10,1.0185
2013-06-11,1.0191
2013-06-12,1.0202
2013-06-13,1.0170
2013-06-14,1.0175
2013-06-17,1.0175
2013-06-18,1.0209
2013-06-19,1.0187
2013-06-20,1.0383
2013-06-21,1.0467
2013-06-24,1.0532
2013-06-25,1.0512
2013-06-26,1.0468
2013-06-27,1.0479
2013-06-28,1.0513
2013-07-01,1.0499
2013-07-02,1.0529
2013-07-03,1.0521
2013-07-04,
2013-07-05,1.0566
2013-07-08,1.0578
2013-07-09,1.0530
2013-07-10,1.0510
2013-07-11,1.0389
2013-07-12,1.0393
2013-07-15,1.0412
2013-07-16,1.0388
2013-07-17,1.0423
2013-07-18,1.0395
2013-07-19,1.0362
2013-07-22,1.0336
2013-07-23,1.0305
2013-07-24,1.0298
2013-07-25,1.0283
2013-07-26,1.0292
2013-07-29,1.0259
2013-07-30,1.0292
2013-07-31,1.0287
2013-08-01,1.0338
2013-08-02,1.0379
2013-08-05,1.0394
2013-08-06,1.0378
2013-08-07,1.0415
2013-08-08,1.0347
2013-08-09,1.0302
2013-08-12,1.0297
2013-08-13,1.0345
2013-08-14,1.0319
2013-08-15,1.0339
2013-08-16,1.0344
2013-08-19,1.0334
2013-08-20,1.0374
2013-08-21,1.0442
2013-08-22,1.0511
2013-08-23,1.0512
2013-08-26,1.0513
2013-08-27,1.0504
2013-08-28,1.0491
2013-08-29,1.0526
2013-08-30,1.0554
2013-09-02,
2013-09-03,1.0532
2013-09-04,1.0482
2013-09-05,1.0499
2013-09-06,1.0390
2013-09-09,1.0366
2013-09-10,1.0357
2013-09-11,1.0336
2013-09-12,1.0319
2013-09-13,1.0341
2013-09-16,1.0316
2013-09-17,1.0290
2013-09-18,1.0312
2013-09-19,1.0237
2013-09-20,1.0287
2013-09-23,1.0290
2013-09-24,1.0294
2013-09-25,1.0294
2013-09-26,1.0321
2013-09-27,1.0300
2013-09-30,1.0284
2013-10-01,1.0333
2013-10-02,1.0330
2013-10-03,1.0324
2013-10-04,1.0306
2013-10-07,1.0306
2013-10-08,1.0330
2013-10-09,1.0396
2013-10-10,1.0382
2013-10-11,1.0383
2013-10-14,
2013-10-15,1.0372
2013-10-16,1.0345
2013-10-17,1.0285
2013-10-18,1.0287
2013-10-21,1.0296
2013-10-22,1.0282
2013-10-23,1.0384
2013-10-24,1.0421
2013-10-25,1.0449
2013-10-28,1.0443
2013-10-29,1.0445
2013-10-30,1.0454
2013-10-31,1.0429
2013-11-01,1.0442
2013-11-04,1.0414
2013-11-05,1.0447
2013-11-06,1.0418
2013-11-07,1.0441
2013-11-08,1.0486
2013-11-11,
2013-11-12,1.0500
2013-11-13,1.0468
2013-11-14,1.0497
2013-11-15,1.0457
2013-11-18,1.0426
2013-11-19,1.0467
2013-11-20,1.0446
2013-11-21,1.0506
2013-11-22,1.0534
2013-11-25,1.0554
2013-11-26,1.0547
2013-11-27,1.0595
2013-11-28,
2013-11-29,1.0597
2013-12-02,1.0632
2013-12-03,1.0660
2013-12-04,1.0696
2013-12-05,1.0638
2013-12-06,1.0663
2013-12-09,1.0641
2013-12-10,1.0622
2013-12-11,1.0605
2013-12-12,1.0641
2013-12-13,1.0594
2013-12-16,1.0577
2013-12-17,1.0611
2013-12-18,1.0645
2013-12-19,1.0677
2013-12-20,1.0679
2013-12-23,1.0602
2013-12-24,1.0618
2013-12-25,
2013-12-26,1.0648
2013-12-27,1.0697
2013-12-30,1.0640
2013-12-31,1.0637
2014-01-01,
2014-01-02,1.0634
2014-01-03,1.0612
2014-01-06,1.0658
2014-01-07,1.0742
2014-01-08,1.0802
2014-01-09,1.0850
2014-01-10,1.0915
2014-01-13,1.0868
2014-01-14,1.0934
2014-01-15,1.0932
2014-01-16,1.0926
2014-01-17,1.0959
2014-01-20,
2014-01-21,1.0971
2014-01-22,1.1069
2014-01-23,1.1128
2014-01-24,1.1063
2014-01-27,1.1097
2014-01-28,1.1148
2014-01-29,1.1147
2014-01-30,1.1171
2014-01-31,1.1116
2014-02-03,1.1074
2014-02-04,1.1056
2014-02-05,1.1100
2014-02-06,1.1065
2014-02-07,1.1014
2014-02-10,1.1048
2014-02-11,1.1024
2014-02-12,1.0992
2014-02-13,1.0979
2014-02-14,1.0981
2014-02-17,
2014-02-18,1.0952
2014-02-19,1.1045
2014-02-20,1.1104
2014-02-21,1.1128
2014-02-24,1.1058
2014-02-25,1.1085
2014-02-26,1.1117
2014-02-27,1.1137
2014-02-28,1.1075
2014-03-03,1.1090
2014-03-04,1.1113
2014-03-05,1.1050
2014-03-06,1.0965
2014-03-07,1.1088
2014-03-10,1.1104
2014-03-11,1.1085
2014-03-12,1.1130
2014-03-13,1.1059
2014-03-14,1.1087
2014-03-17,1.1052
2014-03-18,1.1089
2014-03-19,1.1177
2014-03-20,1.1251
2014-03-21,1.1191
2014-03-24,1.1218
2014-03-25,1.1176
2014-03-26,1.1143
2014-03-27,1.1056
2014-03-28,1.1066
2014-03-31,1.1053
2014-04-01,1.1026
2014-04-02,1.1030
2014-04-03,1.1035
2014-04-04,1.0978
2014-04-07,1.0971
2014-04-08,1.0919
2014-04-09,1.0902
2014-04-10,1.0912
2014-04-11,1.0960
2014-04-14,1.0968
2014-04-15,1.0980
2014-04-16,1.1027
2014-04-17,1.0997
2014-04-18,1.1024
2014-04-21,1.1020
2014-04-22,1.1025
2014-04-23,1.1034
2014-04-24,1.1026
2014-04-25,1.1041
2014-04-28,1.1032
2014-04-29,1.0963
2014-04-30,1.0956
2014-05-01,1.0965
2014-05-02,1.0973
2014-05-05,1.0955
2014-05-06,1.0890
2014-05-07,1.0895
2014-05-08,1.0856
2014-05-09,1.0899
2014-05-12,1.0886
2014-05-13,1.0892
2014-05-14,1.0887
2014-05-15,1.0887
2014-05-16,1.0883
2014-05-19,1.0861
2014-05-20,1.0900
2014-05-21,1.0935
2014-05-22,1.0897
2014-05-23,1.0870
2014-05-26,
2014-05-27,1.0869
2014-05-28,1.0867
2014-05-29,1.0837
2014-05-30,1.0867
2014-06-02,1.0894
2014-06-03,1.0915
2014-06-04,1.0937
2014-06-05,1.0935
2014-06-06,1.0936
2014-06-09,1.0908
2014-06-10,1.0914
2014-06-11,1.0867
2014-06-12,1.0851
2014-06-13,1.0868
2014-06-16,1.0849
2014-06-17,1.0851
2014-06-18,1.0870
2014-06-19,1.0828
2014-06-20,1.0766
2014-06-23,1.0731
2014-06-24,1.0739
2014-06-25,1.0721
2014-06-26,1.0706
2014-06-27,1.0676
2014-06-30,1.0676
2014-07-01,1.0652
2014-07-02,1.0667
2014-07-03,1.0633
2014-07-04,
2014-07-07,1.0662
2014-07-08,1.0674
2014-07-09,1.0648
2014-07-10,1.0658
2014-07-11,1.0720
2014-07-14,1.0721
2014-07-15,1.0766
2014-07-16,1.0749
2014-07-17,1.0753
2014-07-18,1.0737
2014-07-21,1.0736
2014-07-22,1.0744
2014-07-23,1.0739
2014-07-24,1.0741
2014-07-25,1.0814
2014-07-28,1.0800
2014-07-29,1.0851
2014-07-30,1.0908
2014-07-31,1.0889
2014-08-01,1.0918
2014-08-04,1.0916
2014-08-05,1.0969
2014-08-06,1.0926
2014-08-07,1.0922
2014-08-08,1.0982
2014-08-11,1.0933
2014-08-12,1.0944
2014-08-13,1.0929
2014-08-14,1.0910
2014-08-15,1.0910
2014-08-18,1.0888
2014-08-19,1.0929
2014-08-20,1.0944
2014-08-21,1.0949
2014-08-22,1.0949
2014-08-25,1.0980
2014-08-26,1.0950
2014-08-27,1.0890
2014-08-28,1.0857
2014-08-29,1.0858
2014-09-01,
2014-09-02,1.0923
2014-09-03,1.0872
2014-09-04,1.0862
2014-09-05,1.0890
2014-09-08,1.0933
2014-09-09,1.1010
2014-09-10,1.0954
2014-09-11,1.1032
2014-09-12,1.1075
2014-09-15,1.1050
2014-09-16,1.0985
2014-09-17,1.0951
2014-09-18,1.0946
2014-09-19,1.0968
2014-09-22,1.1007
2014-09-23,1.1059
2014-09-24,1.1088
2014-09-25,1.1105
2014-09-26,1.1162
2014-09-29,1.1142
2014-09-30,1.1207
2014-10-01,1.1171
2014-10-02,1.1150
2014-10-03,1.1254
2014-10-06,1.1174
2014-10-07,1.1182
2014-10-08,1.1181
2014-10-09,1.1150
2014-10-10,1.1173
2014-10-13,
2014-10-14,1.1235
2014-10-15,1.1291
2014-10-16,1.1265
2014-10-17,1.1247
2014-10-20,1.1276
2014-10-21,1.1219
2014-10-22,1.1218
2014-10-23,1.1236
2014-10-24,1.1211
2014-10-27,1.1247
2014-10-28,1.1176
2014-10-29,1.1135
2014-10-30,1.1191
2014-10-31,1.1272
2014-11-03,1.1319
2014-11-04,1.1396
2014-11-05,1.1377
2014-11-06,1.1423
2014-11-07,1.1360
2014-11-10,1.1344
2014-11-11,
2014-11-12,1.1284
2014-11-13,1.1349
2014-11-14,1.1294
2014-11-17,1.1308
2014-11-18,1.1305
2014-11-19,1.1349
2014-11-20,1.1311
2014-11-21,1.1237
2014-11-24,1.1279
2014-11-25,1.1260
2014-11-26,1.1236
2014-11-27,
2014-11-28,1.1426
2014-12-01,1.1343
2014-12-02,1.1397
2014-12-03,1.1359
2014-12-04,1.1374
2014-12-05,1.1423
2014-12-08,1.1473
2014-12-09,1.1422
2014-12-10,1.1479
2014-12-11,1.1534
2014-12-12,1.1538
2014-12-15,1.1629
2014-12-16,1.1624
2014-12-17,1.1629
2014-12-18,1.1594
2014-12-19,1.1626
2014-12-22,1.1644
2014-12-23,1.1626
2014-12-24,1.1621
2014-12-25,
2014-12-26,
2014-12-29,1.1631
2014-12-30,1.1597
2014-12-31,1.1601
2015-01-01,
2015-01-02,1.1725
2015-01-05,1.1785
2015-01-06,1.1802
2015-01-07,1.1851
2015-01-08,1.1812
2015-01-09,1.1857
2015-01-12,1.1929
2015-01-13,1.1947
2015-01-14,1.1957
2015-01-15,1.1932
2015-01-16,1.1986
2015-01-19,
2015-01-20,1.2085
2015-01-21,1.2377
2015-01-22,1.2370
2015-01-23,1.2400
2015-01-26,1.2409
2015-01-27,1.2402
2015-01-28,1.2452
2015-01-29,1.2644
2015-01-30,1.2716
2015-02-02,1.2577
2015-02-03,1.2452
2015-02-04,1.2550
2015-02-05,1.2419
2015-02-06,1.2524
2015-02-09,1.2448
2015-02-10,1.2528
2015-02-11,1.2635
2015-02-12,1.2464
2015-02-13,1.2449
2015-02-16,
2015-02-17,1.2401
2015-02-18,1.2456
2015-02-19,1.2484
2015-02-20,1.2503
2015-02-23,1.2577
2015-02-24,1.2601
2015-02-25,1.2418
2015-02-26,1.2490
2015-02-27,1.2506
2015-03-02,1.2535
2015-03-03,1.2450
2015-03-04,1.2439
2015-03-05,1.2482
2015-03-06,1.2615
2015-03-09,1.2598
2015-03-10,1.2633
2015-03-11,1.2763
2015-03-12,1.2692
2015-03-13,1.2803
2015-03-16,1.2763
2015-03-17,1.2769
2015-03-18,1.2771
2015-03-19,1.2743
2015-03-20,1.2593
2015-03-23,1.2515
2015-03-24,1.2510
2015-03-25,1.2513
2015-03-26,1.2469
2015-03-27,1.2579
2015-03-30,1.2687
2015-03-31,1.2681
2015-04-01,1.2610
2015-04-02,1.2584
2015-04-03,1.2465
2015-04-06,1.2450
2015-04-07,1.2488
2015-04-08,1.2508
2015-04-09,1.2580
2015-04-10,1.2596
2015-04-13,1.2603
2015-04-14,1.2476
2015-04-15,1.2378
2015-04-16,1.2206
2015-04-17,1.2225
2015-04-20,1.2203
2015-04-21,1.2274
2015-04-22,1.2250
2015-04-23,1.2148
2015-04-24,1.2168
2015-04-27,1.2106
2015-04-28,1.2021
2015-04-29,1.1955
2015-04-30,1.2116
2015-05-01,1.2191
2015-05-04,1.2108
2015-05-05,1.2038
2015-05-06,1.2007
2015-05-07,1.2139
2015-05-08,1.2086
2015-05-11,1.2107
2015-05-12,1.1987
2015-05-13,1.1950
2015-05-14,1.1991
2015-05-15,1.2009
2015-05-18,1.2150
2015-05-19,1.2213
2015-05-20,1.2212
2015-05-21,1.2201
2015-05-22,1.2288
2015-05-25,
2015-05-26,1.2428
2015-05-27,1.2483
2015-05-28,1.2474
2015-05-29,1.2466
2015-06-01,1.2547
2015-06-02,1.2425
2015-06-03,1.2437
2015-06-04,1.2477
2015-06-05,1.2488
2015-06-08,1.2435
2015-06-09,1.2316
2015-06-10,1.2267
2015-06-11,1.2314
2015-06-12,1.2306
2015-06-15,1.2321
2015-06-16,1.2328
2015-06-17,1.2307
2015-06-18,1.2206
2015-06-19,1.2273
2015-06-22,1.2286
2015-06-23,1.2326
2015-06-24,1.2413
2015-06-25,1.2346
2015-06-26,1.2358
2015-06-29,1.2380
2015-06-30,1.2473
2015-07-01,1.2559
2015-07-02,1.2566
2015-07-03,
2015-07-06,1.2623
2015-07-07,1.2742
2015-07-08,1.2724
2015-07-09,1.2727
2015-07-10,1.2713
2015-07-13,1.2762
2015-07-14,1.2746
2015-07-15,1.2935
2015-07-16,1.2938
2015-07-17,1.2997
2015-07-20,1.2982
2015-07-21,1.2958
2015-07-22,1.3023
2015-07-23,1.3030
2015-07-24,1.3059
2015-07-27,1.3008
2015-07-28,1.2933
2015-07-29,1.2893
2015-07-30,1.3024
2015-07-31,1.3047
2015-08-03,1.3141
2015-08-04,1.3124
2015-08-05,1.3181
2015-08-06,1.3152
2015-08-07,1.3122
2015-08-10,1.3056
2015-08-11,1.3149
2015-08-12,1.2973
2015-08-13,1.3078
2015-08-14,1.3075
2015-08-17,1.3090
2015-08-18,1.3075
2015-08-19,1.3165
2015-08-20,1.3075
2015-08-21,1.3146
2015-08-24,1.3210
2015-08-25,1.3295
2015-08-26,1.3301
2015-08-27,1.3193
2015-08-28,1.3268
2015-08-31,1.3223
2015-09-01,1.3180
2015-09-02,1.3308
2015-09-03,1.3200
2015-09-04,1.3272
2015-09-07,
2015-09-08,1.3193
2015-09-09,1.3221
2015-09-10,1.3218
2015-09-11,1.3274
2015-09-14,1.3265
2015-09-15,1.3261
2015-09-16,1.3180
2015-09-17,1.3186
2015-09-18,1.3146
2015-09-21,1.3249
2015-09-22,1.3276
2015-09-23,1.3313
2015-09-24,1.3348
2015-09-25,1.3322
2015-09-28,1.3360
2015-09-29,1.3414
2015-09-30,1.3396
2015-10-01,1.3240
2015-10-02,1.3213
2015-10-05,1.3084
2015-10-06,1.3056
2015-10-07,1.3038
2015-10-08,1.3017
2015-10-09,1.2945
2015-10-12,
2015-10-13,1.2984
2015-10-14,1.2983
2015-10-15,1.2901
2015-10-16,1.2932
2015-10-19,1.2999
2015-10-20,1.2974
2015-10-21,1.3117
2015-10-22,1.3087
2015-10-23,1.3171
2015-10-26,1.3134
2015-10-27,1.3242
2015-10-28,1.3149
2015-10-29,1.3169
2015-10-30,1.3082
2015-11-02,1.3093
2015-11-03,1.3107
2015-11-04,1.3164
2015-11-05,1.3162
2015-11-06,1.3307
2015-11-09,1.3274
2015-11-10,1.3258
2015-11-11,
2015-11-12,1.3309
2015-11-13,1.3332
2015-11-16,1.3352
2015-11-17,1.3324
2015-11-18,1.3351
2015-11-19,1.3266
2015-11-20,1.3337
2015-11-23,1.3358
2015-11-24,1.3308
2015-11-25,1.3298
2015-11-26,
2015-11-27,1.3360
2015-11-30,1.3332
2015-12-01,1.3372
2015-12-02,1.3357
2015-12-03,1.3393
2015-12-04,1.3364
2015-12-07,1.3508
2015-12-08,1.3594
2015-12-09,1.3595
2015-12-10,1.3598
2015-12-11,1.3695
2015-12-14,1.3732
2015-12-15,1.3729
2015-12-16,1.3805
2015-12-17,1.3970
2015-12-18,1.3876
2015-12-21,1.3989
2015-12-22,1.3929
2015-12-23,1.3860
2015-12-24,1.3847
2015-12-25,
2015-12-28,1.3893
2015-12-29,1.3848
2015-12-30,1.3883
2015-12-31,1.3839
2016-01-01,
2016-01-04,1.3970
2016-01-05,1.3991
2016-01-06,1.4084
2016-01-07,1.4061
2016-01-08,1.4150
2016-01-11,1.4203
2016-01-12,1.4293
2016-01-13,1.4294
2016-01-14,1.4374
2016-01-15,1.4531
2016-01-18,
2016-01-19,1.4513
2016-01-20,1.4592
2016-01-21,1.4244
2016-01-22,1.4153
2016-01-25,1.4248
2016-01-26,1.4062
2016-01-27,1.4040
2016-01-28,1.4077
2016-01-29,1.4074
2016-02-01,1.4005
2016-02-02,1.4039
2016-02-03,1.3843
2016-02-04,1.3724
2016-02-05,1.3875
2016-02-08,1.3921
2016-02-09,1.3860
2016-02-10,1.3969
2016-02-11,1.3933
2016-02-12,1.3834
2016-02-15,
2016-02-16,1.3857
2016-02-17,1.3682
2016-02-18,1.3718
2016-02-19,1.3798
2016-02-22,1.3684
2016-02-23,1.3791
2016-02-24,1.3765
2016-02-25,1.3572
2016-02-26,1.3546
2016-02-29,1.3522
2016-03-01,1.3404
2016-03-02,1.3466
2016-03-03,1.3405
2016-03-04,1.3337
2016-03-07,1.3300
2016-03-08,1.3388
2016-03-09,1.3233
2016-03-10,1.3372
2016-03-11,1.3211
2016-03-14,1.3291
2016-03-15,1.3355
2016-03-16,1.3364
2016-03-17,1.2982
2016-03-18,1.2980
2016-03-21,1.3067
2016-03-22,1.3051
2016-03-23,1.3199
2016-03-24,1.3270
2016-03-25,1.3264
2016-03-28,1.3184
2016-03-29,1.3153
2016-03-30,1.2962
2016-03-31,1.2969
2016-04-01,1.3047
2016-04-04,1.3037
2016-04-05,1.3175
2016-04-06,1.3073
2016-04-07,1.3163
2016-04-08,1.2994
2016-04-11,1.2912
2016-04-12,1.2800
2016-04-13,1.2789
2016-04-14,1.2835
2016-04-15,1.2857
2016-04-18,1.2815
2016-04-19,1.2654
2016-04-20,1.2623
2016-04-21,1.2713
2016-04-22,1.2672
2016-04-25,1.2678
2016-04-26,1.2614
2016-04-27,1.2637
2016-04-28,1.2544
2016-04-29,1.2549
2016-05-02,1.2544
2016-05-03,1.2686
2016-05-04,1.2882
2016-05-05,1.2855
2016-05-06,1.2920
2016-05-09,1.2994
2016-05-10,1.2957
2016-05-11,1.2834
2016-05-12,1.2857
2016-05-13,1.2939
2016-05-16,1.2886
2016-05-17,1.2884
2016-05-18,1.2924
2016-05-19,1.3114
2016-05-20,1.3136
2016-05-23,1.3155
2016-05-24,1.3117
2016-05-25,1.3089
2016-05-26,1.2980
2016-05-27,1.3001
2016-05-30,
2016-05-31,1.3097
2016-06-01,1.3089
2016-06-02,1.3080
2016-06-03,1.2947
2016-06-06,1.2856
2016-06-07,1.2788
2016-06-08,1.2694
2016-06-09,1.2728
2016-06-10,1.2734
2016-06-13,1.2791
2016-06-14,1.2833
2016-06-15,1.2912
2016-06-16,1.3039
2016-06-17,1.2875
2016-06-20,1.2807
2016-06-21,1.2817
2016-06-22,1.2820
2016-06-23,1.2749
2016-06-24,1.2948
2016-06-27,1.3076
2016-06-28,1.3086
2016-06-29,1.2990
2016-06-30,1.3010
2016-07-01,1.2897
2016-07-04,
2016-07-05,1.2950
2016-07-06,1.3003
2016-07-07,1.2984
2016-07-08,1.3072
2016-07-11,1.3125
2016-07-12,1.3016
2016-07-13,1.2962
2016-07-14,1.2916
2016-07-15,1.2978
2016-07-18,1.2984
2016-07-19,1.3027
2016-07-20,1.3037
2016-07-21,1.3056
2016-07-22,1.3178
2016-07-25,1.3224
2016-07-26,1.3207
2016-07-27,1.3221
2016-07-28,1.3170
2016-07-29,1.3040
2016-08-01,1.3096
2016-08-02,1.3087
2016-08-03,1.3078
2016-08-04,1.3025
2016-08-05,1.3179
2016-08-08,1.3162
2016-08-09,1.3116
2016-08-10,1.3059
2016-08-11,1.3004
2016-08-12,1.2943
2016-08-15,1.2922
2016-08-16,1.2861
2016-08-17,1.2885
2016-08-18,1.2777
2016-08-19,1.2878
2016-08-22,1.2942
2016-08-23,1.2904
2016-08-24,1.2939
2016-08-25,1.2934
2016-08-26,1.2944
2016-08-29,1.3018
2016-08-30,1.3075
2016-08-31,1.3122
2016-09-01,1.3107
2016-09-02,1.2998
2016-09-05,
2016-09-06,1.2843
2016-09-07,1.2895
2016-09-08,1.2910
2016-09-09,1.3034
2016-09-12,1.3076
2016-09-13,1.3167
2016-09-14,1.3187
2016-09-15,1.3145
2016-09-16,1.3212
2016-09-19,1.3180
2016-09-20,1.3228
2016-09-21,1.3186
2016-09-22,1.3036
2016-09-23,1.3163
2016-09-26,1.3196
2016-09-27,1.3247
2016-09-28,1.3237
2016-09-29,1.3101
2016-09-30,1.3115
2016-10-03,1.3138
2016-10-04,1.3171
2016-10-05,1.3177
2016-10-06,1.3209
2016-10-07,1.3306
2016-10-10,
2016-10-11,1.3235
2016-10-12,1.3277
2016-10-13,1.3219
2016-10-14,1.3169
2016-10-17,1.3135
2016-10-18,1.3105
2016-10-19,1.3105
2016-10-20,1.3197
2016-10-21,1.3324
2016-10-24,1.3387
2016-10-25,1.3333
2016-10-26,1.3361
2016-10-27,1.3385
2016-10-28,1.3383
2016-10-31,1.3403
2016-11-01,1.3377
2016-11-02,1.3387
2016-11-03,1.3384
2016-11-04,1.3413
2016-11-07,1.3380
2016-11-08,1.3335
2016-11-09,1.3406
2016-11-10,1.3474
2016-11-11,
2016-11-14,1.3581
2016-11-15,1.3468
2016-11-16,1.3415
2016-11-17,1.3429
2016-11-18,1.3518
2016-11-21,1.3432
2016-11-22,1.3444
2016-11-23,1.3467
2016-11-24,
2016-11-25,1.3512
2016-11-28,1.3401
2016-11-29,1.3435
2016-11-30,1.3425
2016-12-01,1.3330
2016-12-02,1.3298
2016-12-05,1.3271
2016-12-06,1.3279
2016-12-07,1.3251
2016-12-08,1.3220
2016-12-09,1.3162
2016-12-12,1.3137
2016-12-13,1.3119
2016-12-14,1.3123
2016-12-15,1.3397
2016-12-16,1.3339
2016-12-19,1.3395
2016-12-20,1.3376
2016-12-21,1.3401
2016-12-22,1.3470
2016-12-23,1.3533
2016-12-26,
2016-12-27,1.3553
2016-12-28,1.3555
2016-12-29,1.3488
2016-12-30,1.3426
2017-01-02,
2017-01-03,1.3437
2017-01-04,1.3293
2017-01-05,1.3216
2017-01-06,1.3216
2017-01-09,1.3220
2017-01-10,1.3208
2017-01-11,1.3219
2017-01-12,1.3130
2017-01-13,1.3134
2017-01-16,
2017-01-17,1.3060
2017-01-18,1.3175
2017-01-19,1.3327
2017-01-20,
2017-01-23,1.3283
2017-01-24,1.3152
2017-01-25,1.3074
2017-01-26,1.3104
2017-01-27,1.3108
2017-01-30,1.3092
2017-01-31,1.3030
2017-02-01,1.3088
2017-02-02,1.3018
2017-02-03,1.3003
2017-02-06,1.3116
2017-02-07,1.3166
2017-02-08,1.3156
2017-02-09,1.3139
2017-02-10,1.3073
2017-02-13,1.3072
2017-02-14,1.3092
2017-02-15,1.3082
2017-02-16,1.3056
2017-02-17,1.3114
2017-02-20,
2017-02-21,1.3149
2017-02-22,1.3188
2017-02-23,1.3109
2017-02-24,1.3106
2017-02-27,1.3100
2017-02-28,1.3247
2017-03-01,1.3345
2017-03-02,1.3384
2017-03-03,1.3419
2017-03-06,1.3410
2017-03-07,1.3413
2017-03-08,1.3479
2017-03-09,1.3504
2017-03-10,1.3468
2017-03-13,1.3453
2017-03-14,1.3462
2017-03-15,1.3451
2017-03-16,1.3316
2017-03-17,1.3366
2017-03-20,1.3357
2017-03-21,1.3321
2017-03-22,1.3347
2017-03-23,1.3332
2017-03-24,1.3373
2017-03-27,1.3367
2017-03-28,1.3363
2017-03-29,1.3372
2017-03-30,1.3278
2017-03-31,1.3321
2017-04-03,1.3388
2017-04-04,1.3413
2017-04-05,1.3410
2017-04-06,1.3409
2017-04-07,1.3396
2017-04-10,1.3347
2017-04-11,1.3333
2017-04-12,1.3302
2017-04-13,1.3266
2017-04-14,1.3316
2017-04-17,1.3277
2017-04-18,1.3381
2017-04-19,1.3467
2017-04-20,1.3479
2017-04-21,1.3502
2017-04-24,1.3517
2017-04-25,1.3614
2017-04-26,1.3591
2017-04-27,1.3664
2017-04-28,1.3669
2017-05-01,1.3653
2017-05-02,1.3742
2017-05-03,1.3705
2017-05-04,1.3745
2017-05-05,1.3699
2017-05-08,1.3712
2017-05-09,1.3715
2017-05-10,1.3652
2017-05-11,1.3693
2017-05-12,1.3717
2017-05-15,1.3648
2017-05-16,1.3590
2017-05-17,1.3594
2017-05-18,1.3604
2017-05-19,1.3537
2017-05-22,1.3503
2017-05-23,1.3492
2017-05-24,1.3454
2017-05-25,1.3457
2017-05-26,1.3454
2017-05-29,
2017-05-30,1.3462
2017-05-31,1.3498
2017-06-01,1.3484
2017-06-02,1.3500
2017-06-05,1.3484
2017-06-06,1.3451
2017-06-07,1.3514
2017-06-08,1.3494
2017-06-09,1.3434
2017-06-12,1.3447
2017-06-13,1.3226
2017-06-14,1.3201
2017-06-15,1.3286
2017-06-16,1.3235
2017-06-19,1.3202
2017-06-20,1.3268
2017-06-21,1.3323
2017-06-22,1.3236
2017-06-23,1.3263
2017-06-26,1.3228
2017-06-27,1.3176
2017-06-28,1.3043
2017-06-29,1.3010
2017-06-30,1.2982
2017-07-03,1.3000
2017-07-04,
2017-07-05,1.2998
2017-07-06,1.2933
2017-07-07,1.2870
2017-07-10,1.2883
2017-07-11,1.2921
2017-07-12,1.2768
2017-07-13,1.2739
2017-07-14,1.2655
2017-07-17,1.2673
2017-07-18,1.2663
2017-07-19,1.2586
2017-07-20,1.2582
2017-07-21,1.2545
2017-07-24,1.2519
2017-07-25,1.2512
2017-07-26,1.2506
2017-07-27,1.2529
2017-07-28,1.2436
2017-07-31,1.2490
2017-08-01,1.2540
2017-08-02,1.2544
2017-08-03,1.2563
2017-08-04,1.2639
2017-08-07,1.2684
2017-08-08,1.2658
2017-08-09,1.2711
2017-08-10,1.2705
2017-08-11,1.2689
2017-08-14,1.2698
2017-08-15,1.2745
2017-08-16,1.2708
2017-08-17,1.2650
2017-08-18,1.2585
2017-08-21,1.2587
2017-08-22,1.2559
2017-08-23,1.2558
2017-08-24,1.2528
2017-08-25,1.2494
2017-08-28,1.2492
2017-08-29,1.2517
2017-08-30,1.2608
2017-08-31,1.2515
2017-09-01,1.2372
2017-09-04,
2017-09-05,1.2355
2017-09-06,1.2210
2017-09-07,1.2132
2017-09-08,1.2131
2017-09-11,1.2136
2017-09-12,1.2154
2017-09-13,1.2192
2017-09-14,1.2207
2017-09-15,1.2183
2017-09-18,1.2231
2017-09-19,1.2262
2017-09-20,1.2267
2017-09-21,1.2328
2017-09-22,1.2305
2017-09-25,1.2347
2017-09-26,1.2379
2017-09-27,1.2402
2017-09-28,1.2473
2017-09-29,1.2509
2017-10-02,1.2507
2017-10-03,1.2498
2017-10-04,1.2479
2017-10-05,1.2548
2017-10-06,1.2543
2017-10-09,
2017-10-10,1.2495
2017-10-11,1.2511
2017-10-12,1.2470
2017-10-13,1.2494
2017-10-16,1.2531
2017-10-17,1.2567
2017-10-18,1.2473
2017-10-19,1.2487
2017-10-20,1.2618
2017-10-23,1.2644
2017-10-24,1.2660
2017-10-25,1.2799
2017-10-26,1.2821
2017-10-27,1.2871
2017-10-30,1.2835
2017-10-31,1.2894
2017-11-01,1.2890
2017-11-02,1.2808
2017-11-03,1.2769
2017-11-06,1.2740
2017-11-07,1.2791
2017-11-08,1.2727
2017-11-09,1.2693
2017-11-10,
2017-11-13,1.2735
2017-11-14,1.2731
2017-11-15,1.2783
2017-11-16,1.2736
2017-11-17,1.2785
2017-11-20,1.2795
2017-11-21,1.2768
2017-11-22,1.2728
2017-11-23,
2017-11-24,1.2705
2017-11-27,1.2745
2017-11-28,1.2804
2017-11-29,1.2850
2017-11-30,1.2884
2017-12-01,1.2705
2017-12-04,1.2696
2017-12-05,1.2690
2017-12-06,1.2788
2017-12-07,1.2832
2017-12-08,1.2867
2017-12-11,1.2845
2017-12-12,1.2884
2017-12-13,1.2872
2017-12-14,1.2849
2017-12-15,1.2846
2017-12-18,1.2856
2017-12-19,1.2900
2017-12-20,1.2846
2017-12-21,1.2717
2017-12-22,1.2748
2017-12-25,
2017-12-26,1.2685
2017-12-27,1.2645
2017-12-28,1.2586
2017-12-29,1.2517
2018-01-01,
2018-01-02,1.2507
2018-01-03,1.2534
2018-01-04,1.2522
2018-01-05,1.2396
2018-01-08,1.2424
2018-01-09,1.2457
2018-01-10,1.2485
2018-01-11,1.2526
2018-01-12,1.2517
2018-01-15,
2018-01-16,1.2422
2018-01-17,1.2443
2018-01-18,1.2442
2018-01-19,1.2456
2018-01-22,1.2460
2018-01-23,1.2455
2018-01-24,1.2357
2018-01-25,1.2315
2018-01-26,1.2320
2018-01-29,1.2339
2018-01-30,1.2340
2018-01-31,1.2293
2018-02-01,1.2280
2018-02-02,1.2393
2018-02-05,1.2483
2018-02-06,1.2537
2018-02-07,1.2545
2018-02-08,1.2603
2018-02-09,1.2599
2018-02-12,1.2612
2018-02-13,1.2600
2018-02-14,1.2564
2018-02-15,1.2517
2018-02-16,1.2532
2018-02-19,
2018-02-20,1.2624
2018-02-21,1.2678
2018-02-22,1.2705
2018-02-23,1.2659
2018-02-26,1.2691
2018-02-27,1.2748
2018-02-28,1.2806
2018-03-01,1.2840
2018-03-02,1.2882
2018-03-05,1.2982
2018-03-06,1.2892
2018-03-07,1.2993
2018-03-08,1.2936
2018-03-09,1.2822
2018-03-12,1.2835
2018-03-13,1.2925
2018-03-14,1.2946
2018-03-15,1.3053
2018-03-16,1.3096
2018-03-19,1.3089
2018-03-20,1.3083
2018-03-21,1.2957
2018-03-22,1.2930
2018-03-23,1.2870
2018-03-26,1.2866
2018-03-27,1.2841
2018-03-28,1.2886
2018-03-29,1.2901
2018-03-30,1.2891
2018-04-02,1.2918
2018-04-03,1.2800
2018-04-04,1.2801
2018-04-05,1.2777
2018-04-06,1.2763
2018-04-09,1.2700
2018-04-10,1.2609
2018-04-11,1.2581
2018-04-12,1.2583
2018-04-13,1.2604
2018-04-16,1.2580
2018-04-17,1.2548
2018-04-18,1.2636
2018-04-19,1.2638
2018-04-20,1.2740
2018-04-23,1.2845
2018-04-24,1.2823
2018-04-25,1.2871
2018-04-26,1.2867
2018-04-27,1.2862
2018-04-30,1.2818
2018-05-01,1.2873
2018-05-02,1.2848
2018-05-03,1.2878
2018-05-04,1.2848
2018-05-07,1.2850
2018-05-08,1.2967
2018-05-09,1.2852
2018-05-10,1.2787
2018-05-11,1.2781
2018-05-14,1.2761
2018-05-15,1.2868
2018-05-16,1.2828
2018-05-17,1.2815
2018-05-18,1.2892
2018-05-21,1.2835
2018-05-22,1.2775
2018-05-23,1.2882
2018-05-24,1.2907
2018-05-25,1.2972
2018-05-28,
2018-05-29,1.3027
2018-05-30,1.2842
2018-05-31,1.2970
2018-06-01,1.2948
2018-06-04,1.2922
2018-06-05,1.3008
2018-06-06,1.2907
2018-06-07,1.2988
2018-06-08,1.2956
2018-06-11,1.2980
2018-06-12,1.2987
2018-06-13,1.2963
2018-06-14,1.3070
2018-06-15,1.3167
2018-06-18,1.3229
2018-06-19,1.3263
2018-06-20,1.3291
2018-06-21,1.3319
2018-06-22,1.3318
2018-06-25,1.3313
2018-06-26,1.3293
2018-06-27,1.3300
2018-06-28,1.3253
2018-06-29,1.3140
2018-07-02,1.3213
2018-07-03,1.3150
2018-07-04,
2018-07-05,1.3121
2018-07-06,1.3090
2018-07-09,1.3111
2018-07-10,1.3120
2018-07-11,1.3127
2018-07-12,1.3158
2018-07-13,1.3168
2018-07-16,1.3131
2018-07-17,1.3198
2018-07-18,1.3203
2018-07-19,1.3271
2018-07-20,1.3155
2018-07-23,1.3150
2018-07-24,1.3165
2018-07-25,1.3104
2018-07-26,1.3080
2018-07-27,1.3057
2018-07-30,1.3013
2018-07-31,1.3017
2018-08-01,1.3006
2018-08-02,1.3004
2018-08-03,1.2975
2018-08-06,1.2997
2018-08-07,1.3017
2018-08-08,1.3061
2018-08-09,1.3046
2018-08-10,1.3126
2018-08-13,1.3138
2018-08-14,1.3107
2018-08-15,1.3155
2018-08-16,1.3144
2018-08-17,1.3080
2018-08-20,1.3085
2018-08-21,1.3048
2018-08-22,1.3014
2018-08-23,1.3057
2018-08-24,1.3022
2018-08-27,1.2966
2018-08-28,1.2925
2018-08-29,1.2941
2018-08-30,1.2991
2018-08-31,1.3072
2018-09-03,
2018-09-04,1.3182
2018-09-05,1.3191
2018-09-06,1.3212
2018-09-07,1.3170
2018-09-10,1.3159
2018-09-11,1.3131
2018-09-12,1.3005
2018-09-13,1.3005
2018-09-14,1.3029
2018-09-17,1.3017
2018-09-18,1.2977
2018-09-19,1.2939
2018-09-20,1.2918
2018-09-21,1.2912
2018-09-24,1.2934
2018-09-25,1.2944
2018-09-26,1.2963
2018-09-27,1.3036
2018-09-28,1.2922
2018-10-01,1.2799
2018-10-02,1.2815
2018-10-03,1.2826
2018-10-04,1.2903
2018-10-05,1.2948
2018-10-08,
2018-10-09,1.2959
2018-10-10,1.2985
2018-10-11,1.3037
2018-10-12,1.3023
2018-10-15,1.2966
2018-10-16,1.2935
2018-10-17,1.2985
2018-10-18,1.3059
2018-10-19,1.3101
2018-10-22,1.3104
2018-10-23,1.3101
2018-10-24,1.2994
2018-10-25,1.3066
2018-10-26,1.3100
2018-10-29,1.3129
2018-10-30,1.3133
2018-10-31,1.3129
2018-11-01,1.3108
2018-11-02,1.3108
2018-11-05,1.3098
2018-11-06,1.3132
2018-11-07,1.3108
2018-11-08,1.3115
2018-11-09,1.3230
2018-11-12,
2018-11-13,1.3223
2018-11-14,1.3237
2018-11-15,1.3193
2018-11-16,1.3174
2018-11-19,1.3187
2018-11-20,1.3245
2018-11-21,1.3274
2018-11-22,
2018-11-23,1.3226
2018-11-26,1.3237
2018-11-27,1.3313
2018-11-28,1.3328
2018-11-29,1.3278
2018-11-30,1.3282
2018-12-03,1.3190
2018-12-04,1.3202
2018-12-05,
2018-12-06,1.3417
2018-12-07,1.3302
2018-12-10,1.3385
2018-12-11,1.3408
2018-12-12,1.3336
2018-12-13,1.3349
2018-12-14,1.3387
2018-12-17,1.3390
2018-12-18,1.3466
2018-12-19,1.3434
2018-12-20,1.3515
2018-12-21,1.3570
2018-12-24,
2018-12-25,
2018-12-26,1.3576
2018-12-27,1.3650
2018-12-28,1.3629
2018-12-31,1.3644
2019-01-01,
2019-01-02,1.3591
2019-01-03,1.3484
2019-01-04,1.3399
2019-01-07,1.3297
2019-01-08,1.3307
2019-01-09,1.3212
2019-01-10,1.3232
2019-01-11,1.3256
2019-01-14,
2019-01-15,1.3272
2019-01-16,1.3243
2019-01-17,1.3296
2019-01-18,1.3262
2019-01-21,
2019-01-22,1.3333
2019-01-23,1.3362
2019-01-24,1.3342
2019-01-25,1.3259
2019-01-28,1.3269
2019-01-29,1.3264
2019-01-30,1.3189
2019-01-31,1.3140
2019-02-01,1.3095
2019-02-04,1.3127
2019-02-05,1.3132
2019-02-06,1.3192
2019-02-07,1.3296
2019-02-08,1.3277
2019-02-11,1.3296
2019-02-12,1.3244
2019-02-13,1.3222
2019-02-14,1.3307
2019-02-15,1.3272
2019-02-18,
2019-02-19,1.3248
2019-02-20,
2019-02-21,1.3192
2019-02-22,1.3188
2019-02-25,1.3183
2019-02-26,1.3175
2019-02-27,1.3145
2019-02-28,1.3166
2019-03-01,1.3277
2019-03-04,1.3329
2019-03-05,1.3352
2019-03-06,1.3445
2019-03-07,1.3420
2019-03-08,1.3426
2019-03-11,1.3418
2019-03-12,1.3380
2019-03-13,1.3318
2019-03-14,1.3316
2019-03-15,1.3337
2019-03-18,1.3342
2019-03-19,1.3294
2019-03-20,1.3327
2019-03-21,1.3369
2019-03-22,1.3406
2019-03-25,1.3418
2019-03-26,1.3389
2019-03-27,1.3434
2019-03-28,1.3424
2019-03-29,1.3360
2019-04-01,1.3344
2019-04-02,1.3357
2019-04-03,1.3315
2019-04-04,1.3357
2019-04-05,1.3387
2019-04-08,1.3316
2019-04-09,1.3320
2019-04-10,1.3322
2019-04-11,1.3379
2019-04-12,1.3332
2019-04-15,1.3372
2019-04-16,1.3350
2019-04-17,1.3345
2019-04-18,1.3372
2019-04-19,1.3386
2019-04-22,1.3352
2019-04-23,1.3420
2019-04-24,1.3465
2019-04-25,1.3494
2019-04-26,1.3459
2019-04-29,1.3448
2019-04-30,1.3427
2019-05-01,1.3417
2019-05-02,1.3468
2019-05-03,1.3425
2019-05-06,1.3446
2019-05-07,1.3472
2019-05-08,1.3458
2019-05-09,1.3490
2019-05-10,1.3428
2019-05-13,1.3467
2019-05-14,1.3466
2019-05-15,1.3432
2019-05-16,1.3433
2019-05-17,1.3477
2019-05-20,1.3432
2019-05-21,1.3425
2019-05-22,1.3417
2019-05-23,1.3471
2019-05-24,1.3454
2019-05-27,
2019-05-28,1.3473
2019-05-29,1.3533
2019-05-30,1.3508
2019-05-31,1.3523
2019-06-03,1.3471
2019-06-04,1.3417
2019-06-05,1.3409
2019-06-06,1.3374
2019-06-07,1.3287
2019-06-10,1.3259
2019-06-11,1.3291
2019-06-12,1.3298
2019-06-13,1.3330
2019-06-14,1.3382
2019-06-17,1.3398
2019-06-18,1.3396
2019-06-19,1.3362
2019-06-20,1.3208
2019-06-21,1.3217
2019-06-24,1.3196
2019-06-25,1.3164
2019-06-26,1.3109
2019-06-27,1.3115
2019-06-28,1.3091
2019-07-01,1.3124
2019-07-02,1.3117
2019-07-03,1.3070
2019-07-04,
2019-07-05,1.3108
2019-07-08,1.3088
2019-07-09,1.3123
2019-07-10,1.3099
2019-07-11,1.3071
2019-07-12,1.3042
2019-07-15,1.3036
2019-07-16,1.3043
2019-07-17,1.3041
2019-07-18,1.3090
2019-07-19,1.3081
2019-07-22,1.3115
2019-07-23,1.3138
2019-07-24,1.3134
2019-07-25,1.3145
2019-07-26,1.3187
2019-07-29,1.3151
2019-07-30,1.3169
2019-07-31,1.3143
2019-08-01,1.3202
2019-08-02,1.3217
2019-08-05,1.3196
2019-08-06,1.3252
2019-08-07,1.3330
2019-08-08,1.3241
2019-08-09,1.3226
2019-08-12,1.3232
2019-08-13,1.3221
2019-08-14,1.3320
2019-08-15,1.3322
2019-08-16,1.3280
2019-08-19,1.3306
2019-08-20,1.3331
2019-08-21,1.3275
2019-08-22,1.3295
2019-08-23,1.3319
2019-08-26,1.3282
2019-08-27,1.3274
2019-08-28,1.3299
2019-08-29,1.3299
2019-08-30,1.3290
2019-09-02,
2019-09-03,1.3332
2019-09-04,1.3248
2019-09-05,1.3238
2019-09-06,1.3170
2019-09-09,1.3140
2019-09-10,1.3141
2019-09-11,1.3199
2019-09-12,1.3209
2019-09-13,1.3268
2019-09-16,1.3240
2019-09-17,1.3249
2019-09-18,1.3283
2019-09-19,1.3258
2019-09-20,1.3268
2019-09-23,1.3271
2019-09-24,1.3253
2019-09-25,1.3279
2019-09-26,1.3271
2019-09-27,1.3250
2019-09-30,1.3243
2019-10-01,1.3235
2019-10-02,1.3313
2019-10-03,1.3323
2019-10-04,1.3332
2019-10-07,1.3305
2019-10-08,1.3332
2019-10-09,1.3327
2019-10-10,1.3274
2019-10-11,1.3181
2019-10-14,
2019-10-15,1.3199
2019-10-16,1.3191
2019-10-17,1.3136
2019-10-18,1.3134
2019-10-21,1.3100
2019-10-22,1.3086
2019-10-23,1.3089
2019-10-24,1.3078
2019-10-25,1.3064
2019-10-28,1.3063
2019-10-29,1.3078
2019-10-30,1.3179
2019-10-31,1.3144
2019-11-01,1.3145
2019-11-04,1.3145
2019-11-05,1.3176
2019-11-06,1.3187
2019-11-07,1.3177
2019-11-08,1.3218
2019-11-11,
2019-11-12,1.3227
2019-11-13,1.3239
2019-11-14,1.3251
2019-11-15,1.3228
2019-11-18,1.3210
2019-11-19,1.3233
2019-11-20,1.3317
2019-11-21,1.3277
2019-11-22,1.3293
2019-11-25,1.3312
2019-11-26,1.3285
2019-11-27,1.3284
2019-11-28,
2019-11-29,1.3291
2019-12-02,1.3298
2019-12-03,1.3298
2019-12-04,1.3212
2019-12-05,1.3177
2019-12-06,1.3255
2019-12-09,1.3228
2019-12-10,1.3231
2019-12-11,1.3202
2019-12-12,1.3185
2019-12-13,1.3196
2019-12-16,1.3158
2019-12-17,1.3155
2019-12-18,1.3117
2019-12-19,1.3122
2019-12-20,1.3170
2019-12-23,1.3167
2019-12-24,1.3160
2019-12-25,
2019-12-26,1.3124
2019-12-27,1.3073
2019-12-30,1.3058
2019-12-31,1.2962
2020-01-01,
2020-01-02,1.2998
2020-01-03,1.2985
2020-01-06,1.2964
2020-01-07,1.3016
2020-01-08,1.3026
2020-01-09,1.3090
2020-01-10,1.3051
2020-01-13,1.3049
2020-01-14,1.3056
2020-01-15,1.3040
2020-01-16,1.3042
2020-01-17,1.3074
2020-01-20,
2020-01-21,1.3068
2020-01-22,1.3135
2020-01-23,1.3144
2020-01-24,1.3146
2020-01-27,1.3176
2020-01-28,1.3174
2020-01-29,1.3201
2020-01-30,1.3216
2020-01-31,1.3220
2020-02-03,1.3295
2020-02-04,1.3266
2020-02-05,1.3294
2020-02-06,1.3292
2020-02-07,1.3304
2020-02-10,1.3323
2020-02-11,1.3299
2020-02-12,1.3243
2020-02-13,1.3255
2020-02-14,1.3251
2020-02-17,
2020-02-18,1.3256
2020-02-19,1.3232
2020-02-20,1.3259
2020-02-21,1.3217
2020-02-24,1.3282
2020-02-25,1.3285
2020-02-26,1.3321
2020-02-27,1.3356
2020-02-28,1.3411
2020-03-02,1.3334
2020-03-03,1.3352
2020-03-04,1.3425
2020-03-05,1.3403
2020-03-06,1.3420
2020-03-09,1.3527
2020-03-10,1.3775
2020-03-11,1.3748
2020-03-12,1.3869
2020-03-13,1.3991
2020-03-16,1.3974
2020-03-17,1.4188
2020-03-18,1.4529
2020-03-19,1.4463
2020-03-20,1.4363
2020-03-23,1.4539
2020-03-24,1.4480
2020-03-25,1.4333
2020-03-26,1.4045
2020-03-27,1.4075
2020-03-30,1.4169
2020-03-31,1.4123
2020-04-01,1.4222
2020-04-02,1.4110
2020-04-03,1.4132
2020-04-06,1.4125
2020-04-07,1.3971
2020-04-08,1.4015
2020-04-09,1.3980
2020-04-10,1.3967
2020-04-13,1.3953
2020-04-14,1.3903
2020-04-15,1.4105
2020-04-16,1.4141
2020-04-17,1.4026
2020-04-20,1.4067
2020-04-21,1.4199
2020-04-22,1.4132
2020-04-23,1.4028
2020-04-24,1.4098
2020-04-27,1.4042
2020-04-28,1.3992
2020-04-29,1.3936
2020-04-30,1.3911
2020-05-01,1.4102
2020-05-04,1.4088
2020-05-05,1.4025
2020-05-06,1.4143
2020-05-07,1.3972
2020-05-08,1.3910
2020-05-11,1.4024
2020-05-12,1.4009
2020-05-13,1.4089
2020-05-14,1.4086
2020-05-15,1.4090
2020-05-18,1.3966
2020-05-19,1.3879
2020-05-20,1.3911
2020-05-21,1.3946
2020-05-22,1.4021
2020-05-25,
2020-05-26,1.3821
2020-05-27,1.3786
2020-05-28,1.3763
2020-05-29,1.3809
2020-06-01,1.3603
2020-06-02,1.3515
2020-06-03,1.3489
2020-06-04,1.3513
2020-06-05,1.3420
2020-06-08,1.3379
2020-06-09,1.3433
2020-06-10,1.3388
2020-06-11,1.3559
2020-06-12,1.3587
2020-06-15,1.3618
2020-06-16,1.3562
2020-06-17,1.3570
2020-06-18,1.3593
2020-06-19,1.3601
2020-06-22,1.3544
2020-06-23,1.3509
2020-06-24,1.3601
2020-06-25,1.3660
2020-06-26,1.3695
2020-06-29,1.3686
2020-06-30,1.3614
2020-07-01,1.3579
2020-07-02,1.3591
2020-07-03,
2020-07-06,1.3546
2020-07-07,1.3587
2020-07-08,1.3539
2020-07-09,1.3577
2020-07-10,1.3591
2020-07-13,1.3568
2020-07-14,1.3606
2020-07-15,1.3521
2020-07-16,1.3539
2020-07-17,1.3572
2020-07-20,1.3531
2020-07-21,1.3443
2020-07-22,1.3407
2020-07-23,1.3370
2020-07-24,1.3425
2020-07-27,1.3383
2020-07-28,1.3364
2020-07-29,1.3370
2020-07-30,1.3440
2020-07-31,1.3384
2020-08-03,1.3408
2020-08-04,1.3366
2020-08-05,1.3254
2020-08-06,1.3285
2020-08-07,1.3393
2020-08-10,1.3350
2020-08-11,1.3296
2020-08-12,1.3250
2020-08-13,1.3214
2020-08-14,1.3250
2020-08-17,1.3202
2020-08-18,1.3181
2020-08-19,1.3173
2020-08-20,1.3177
2020-08-21,1.3201
2020-08-24,1.3220
2020-08-25,1.3191
2020-08-26,1.3145
2020-08-27,1.3111
2020-08-28,1.3106
2020-08-31,1.3034
2020-09-01,1.3043
2020-09-02,1.3061
2020-09-03,1.3131
2020-09-04,1.3095
2020-09-07,
2020-09-08,1.3194
2020-09-09,1.3163
2020-09-10,1.3162
2020-09-11,1.3183
2020-09-14,1.3172
2020-09-15,1.3199
2020-09-16,1.3164
2020-09-17,1.3204
2020-09-18,1.3179
2020-09-21,1.3299
2020-09-22,1.3313
2020-09-23,1.3373
2020-09-24,1.3370
2020-09-25,1.3409
2020-09-28,1.3377
2020-09-29,1.3411
2020-09-30,1.3323
2020-10-01,1.3289
2020-10-02,1.3320
2020-10-05,1.3269
2020-10-06,1.3275
2020-10-07,1.3283
2020-10-08,1.3222
2020-10-09,1.3120
2020-10-12,
2020-10-13,1.3138
2020-10-14,1.3147
2020-10-15,1.3243
2020-10-16,1.3194
2020-10-19,1.3155
2020-10-20,1.3120
2020-10-21,1.3130
2020-10-22,1.3132
2020-10-23,1.3147
2020-10-26,1.3214
2020-10-27,1.3156
2020-10-28,1.3321
2020-10-29,1.3365
2020-10-30,1.3332
2020-11-02,1.3255
2020-11-03,1.3132
2020-11-04,1.3113
2020-11-05,1.3045
2020-11-06,1.3029
2020-11-09,1.2978
2020-11-10,1.2998
2020-11-11,
2020-11-12,1.3107
2020-11-13,1.3164
2020-11-16,1.3072
2020-11-17,1.3107
2020-11-18,1.3049
2020-11-19,1.3083
2020-11-20,1.3075
2020-11-23,1.3097
2020-11-24,1.3027
2020-11-25,1.2994
2020-11-26,
2020-11-27,
2020-11-30,1.2982
2020-12-01,1.2958
2020-12-02,1.2934
2020-12-03,1.2875
2020-12-04,1.2797
2020-12-07,1.2796
2020-12-08,1.2808
2020-12-09,1.2791
2020-12-10,1.2727
2020-12-11,1.2767
2020-12-14,1.2787
2020-12-15,1.2730
2020-12-16,1.2755
2020-12-17,1.2715
2020-12-18,1.2776
2020-12-21,1.2836
2020-12-22,1.2918
2020-12-23,1.2841
2020-12-24,
2020-12-25,
2020-12-28,1.2871
2020-12-29,1.2794
2020-12-30,1.2764
2020-12-31,1.2753
2021-01-01,
2021-01-04,1.2781
2021-01-05,1.2700
2021-01-06,1.2685
2021-01-07,1.2720
2021-01-08,1.2698
2021-01-11,1.2768
2021-01-12,1.2745
2021-01-13,1.2710
2021-01-14,1.2633
2021-01-15,1.2709
2021-01-18,
2021-01-19,1.2721
2021-01-20,
2021-01-21,1.2634
2021-01-22,1.2711
2021-01-25,1.2747
2021-01-26,1.2711
2021-01-27,1.2782
2021-01-28,1.2812
2021-01-29,1.2776
2021-02-01,1.2826
2021-02-02,1.2815
2021-02-03,1.2765
2021-02-04,1.2830
2021-02-05,1.2781
2021-02-08,1.2755
2021-02-09,1.2713
2021-02-10,1.2678
2021-02-11,1.2689
2021-02-12,1.2694
2021-02-15,
2021-02-16,1.2694
2021-02-17,1.2712
2021-02-18,1.2706
2021-02-19,1.2596
2021-02-22,1.2606
2021-02-23,1.2610
2021-02-24,1.2537
2021-02-25,1.2528
2021-02-26,1.2698
2021-03-01,1.2652
2021-03-02,1.2612
2021-03-03,1.2611
2021-03-04,1.2584
2021-03-05,1.2666
2021-03-08,1.2672
2021-03-09,1.2652
2021-03-10,1.2641
2021-03-11,1.2558
2021-03-12,1.2471
2021-03-15,1.2490
2021-03-16,1.2451
2021-03-17,1.2475
2021-03-18,1.2434
2021-03-19,1.2511
2021-03-22,1.2528
2021-03-23,1.2548
2021-03-24,1.2551
2021-03-25,1.2613
2021-03-26,1.2577
2021-03-29,1.2592
2021-03-30,1.2626
2021-03-31,1.2571
2021-04-01,1.2569
2021-04-02,1.2566
2021-04-05,1.2512
2021-04-06,1.2540
2021-04-07,1.2614
2021-04-08,1.2576
2021-04-09,1.2540
2021-04-12,1.2556
2021-04-13,1.2541
2021-04-14,1.2515
2021-04-15,1.2539
2021-04-16,1.2498
2021-04-19,1.2534
2021-04-20,1.2574
2021-04-21,1.2484
2021-04-22,1.2490
2021-04-23,1.2495
2021-04-26,1.2399
2021-04-27,1.2396
2021-04-28,1.2354
2021-04-29,1.2295
2021-04-30,1.2291
2021-05-03,1.2275
2021-05-04,1.2320
2021-05-05,1.2262
2021-05-06,1.2192
2021-05-07,1.2137
2021-05-10,1.2085
2021-05-11,1.2092
2021-05-12,1.2104
2021-05-13,1.2147
2021-05-14,1.2114
2021-05-17,1.2073
2021-05-18,1.2061
2021-05-19,1.2089
2021-05-20,1.2049
2021-05-21,1.2072
2021-05-24,1.2082
2021-05-25,1.2069
2021-05-26,1.2111
2021-05-27,1.2075
2021-05-28,1.2087
2021-05-31,
2021-06-01,1.2031
2021-06-02,1.2047
2021-06-03,1.2116
2021-06-04,1.2088
2021-06-07,1.2062
2021-06-08,1.2101
2021-06-09,1.2102
2021-06-10,1.2095
2021-06-11,1.2162
2021-06-14,1.2131
2021-06-15,1.2202
2021-06-16,1.2165
2021-06-17,1.2353
2021-06-18,1.2437
2021-06-21,1.2370
2021-06-22,1.2364
2021-06-23,1.2286
2021-06-24,1.2337
2021-06-25,1.2293
2021-06-28,1.2325
2021-06-29,1.2378
2021-06-30,1.2404
2021-07-01,1.2405
2021-07-02,1.2346
2021-07-05,
2021-07-06,1.2466
2021-07-07,1.2506
2021-07-08,1.2533
2021-07-09,1.2476
2021-07-12,1.2455
2021-07-13,1.2511
2021-07-14,1.2521
2021-07-15,1.2575
2021-07-16,1.2586
2021-07-19,1.2752
2021-07-20,1.2724
2021-07-21,1.2538
2021-07-22,1.2578
2021-07-23,1.2580
2021-07-26,1.2540
2021-07-27,1.2579
2021-07-28,1.2563
2021-07-29,1.2439
2021-07-30,1.2466
2021-08-02,1.2501
2021-08-03,1.2550
2021-08-04,1.2551
2021-08-05,1.2487
2021-08-06,1.2563
2021-08-09,1.2571
2021-08-10,1.2531
2021-08-11,1.2513
2021-08-12,1.2518
2021-08-13,1.2512
2021-08-16,1.2570
2021-08-17,1.2622
2021-08-18,1.2638
2021-08-19,1.2790
2021-08-20,1.2853
2021-08-23,1.2666
2021-08-24,1.2615
2021-08-25,1.2624
2021-08-26,1.2654
2021-08-27,1.2613
2021-08-30,1.2606
2021-08-31,1.2629
2021-09-01,1.2615
2021-09-02,1.2559
2021-09-03,1.2524
2021-09-06,
2021-09-07,1.2622
2021-09-08,1.2681
2021-09-09,1.2648
2021-09-10,1.2636
2021-09-13,1.2643
2021-09-14,1.2663
2021-09-15,1.2653
2021-09-16,1.2679
2021-09-17,1.2738
2021-09-20,1.2818
2021-09-21,1.2789
2021-09-22,1.2733
2021-09-23,1.2662
2021-09-24,1.2672
2021-09-27,1.2643
2021-09-28,1.2692
2021-09-29,1.2750
2021-09-30,1.2673
2021-10-01,1.2657
2021-10-04,1.2571
2021-10-05,1.2562
2021-10-06,1.2612
2021-10-07,1.2546
2021-10-08,1.2477
2021-10-11,
2021-10-12,1.2439
2021-10-13,1.2448
2021-10-14,1.2362
2021-10-15,1.2387
2021-10-18,1.2362
2021-10-19,1.2354
2021-10-20,1.2328
2021-10-21,1.2339
2021-10-22,1.2385
2021-10-25,1.2373
2021-10-26,1.2388
2021-10-27,1.2337
2021-10-28,1.2348
2021-10-29,1.2397
2021-11-01,1.2355
2021-11-02,1.2420
2021-11-03,1.2416
2021-11-04,1.2462
2021-11-05,1.2439
2021-11-08,1.2441
2021-11-09,1.2457
2021-11-10,1.2447
2021-11-11,
2021-11-12,1.2558
2021-11-15,1.2515
2021-11-16,1.2562
2021-11-17,1.2594
2021-11-18,1.2629
2021-11-19,1.2631
2021-11-22,1.2684
2021-11-23,1.2712
2021-11-24,1.2657
2021-11-25,
2021-11-26,1.2756
2021-11-29,1.2792
2021-11-30,1.2812
2021-12-01,1.2778
2021-12-02,1.2814
2021-12-03,1.2833
2021-12-06,1.2785
2021-12-07,1.2651
2021-12-08,1.2653
2021-12-09,1.2698
2021-12-10,1.2706
2021-12-13,1.2795
2021-12-14,1.2858
2021-12-15,1.2916
2021-12-16,1.2772
2021-12-17,1.2830
2021-12-20,1.2941
2021-12-21,1.2927
2021-12-22,1.2844
2021-12-23,1.2809
2021-12-24,
2021-12-27,1.2797
2021-12-28,1.2814
2021-12-29,1.2810
2021-12-30,1.2777
2021-12-31,
2022-01-03,1.2757
2022-01-04,1.2697
2022-01-05,1.2700
2022-01-06,1.2725
2022-01-07,1.2643
2022-01-10,1.2679
2022-01-11,1.2598
2022-01-12,1.2501
2022-01-13,1.2482
2022-01-14,1.2549
2022-01-17,
2022-01-18,1.2535
2022-01-19,1.2499
2022-01-20,1.2462
2022-01-21,1.2542
2022-01-24,1.2688
2022-01-25,1.2637
2022-01-26,1.2597
2022-01-27,1.2709
2022-01-28,1.2753
2022-01-31,1.2694
2022-02-01,1.2688
2022-02-02,1.2689
2022-02-03,1.2679
2022-02-04,1.2759
2022-02-07,1.2685
2022-02-08,1.2709
2022-02-09,1.2675
2022-02-10,1.2647
2022-02-11,1.2678
2022-02-14,1.2732
2022-02-15,1.2742
2022-02-16,1.2687
2022-02-17,1.2696
2022-02-18,1.2748
2022-02-21,
2022-02-22,1.2736
2022-02-23,1.2717
2022-02-24,1.2840
2022-02-25,1.2740
2022-02-28,1.2662
2022-03-01,1.2709
2022-03-02,1.2657
2022-03-03,1.2675
2022-03-04,1.2760
2022-03-07,1.2772
2022-03-08,1.2893
2022-03-09,1.2812
2022-03-10,1.2772
2022-03-11,1.2723
2022-03-14,1.2774
2022-03-15,1.2806
2022-03-16,1.2742
2022-03-17,1.2637
2022-03-18,1.2633
2022-03-21,1.2580
2022-03-22,1.2604
2022-03-23,1.2555
2022-03-24,1.2532
2022-03-25,1.2512
2022-03-28,1.2550
2022-03-29,1.2513
2022-03-30,1.2495
2022-03-31,1.2482
2022-04-01,1.2507
2022-04-04,1.2491
2022-04-05,1.2452
2022-04-06,1.2502
2022-04-07,1.2592
2022-04-08,1.2577
2022-04-11,1.2622
2022-04-12,1.2609
2022-04-13,1.2595
2022-04-14,1.2628
2022-04-15,1.2613
2022-04-18,1.2620
2022-04-19,1.2618
2022-04-20,1.2490
2022-04-21,1.2526
2022-04-22,1.2716
2022-04-25,1.2775
2022-04-26,1.2796
2022-04-27,1.2830
2022-04-28,1.2831
2022-04-29,1.2802
2022-05-02,1.2884
2022-05-03,1.2837
2022-05-04,1.2817
2022-05-05,1.2849
2022-05-06,1.2890
2022-05-09,1.2962
2022-05-10,1.3030
2022-05-11,1.2943
2022-05-12,1.3055
2022-05-13,1.2929
2022-05-16,1.2883
2022-05-17,1.2839
2022-05-18,1.2838
2022-05-19,1.2821
2022-05-20,1.2837
2022-05-23,1.2784
2022-05-24,1.2840
2022-05-25,1.2837
2022-05-26,1.2788
2022-05-27,1.2740
2022-05-30,
2022-05-31,1.2639
2022-06-01,1.2670
2022-06-02,1.2587
2022-06-03,1.2581
2022-06-06,1.2570
2022-06-07,1.2550
2022-06-08,1.2524
2022-06-09,1.2651
2022-06-10,1.2782
2022-06-13,1.2851
2022-06-14,1.2933
2022-06-15,1.2970
2022-06-16,1.2925
2022-06-17,1.3054
2022-06-20,
2022-06-21,1.2927
2022-06-22,1.2932
2022-06-23,1.2979
2022-06-24,1.2919
2022-06-27,1.2870
2022-06-28,1.2882
2022-06-29,1.2861
2022-06-30,1.2871
2022-07-01,1.2915
2022-07-04,
2022-07-05,1.3064
2022-07-06,1.3052
2022-07-07,1.2988
2022-07-08,1.2947
2022-07-11,1.2979
2022-07-12,1.3003
2022-07-13,1.2956
2022-07-14,1.3100
2022-07-15,1.3041
2022-07-18,1.2919
2022-07-19,1.2887
2022-07-20,1.2875
2022-07-21,1.2885
2022-07-22,1.2861
2022-07-25,1.2845
2022-07-26,1.2891
2022-07-27,1.2881
2022-07-28,1.2835
2022-07-29,1.2801
2022-08-01,1.2830
2022-08-02,1.2855
2022-08-03,1.2869
2022-08-04,1.2852
2022-08-05,1.2942
2022-08-08,1.2854
2022-08-09,1.2880
2022-08-10,1.2773
2022-08-11,1.2744
2022-08-12,1.2783
2022-08-15,1.2891
2022-08-16,1.2874
2022-08-17,1.2932
2022-08-18,1.2945
2022-08-19,1.2994
2022-08-22,1.3038
2022-08-23,1.2945
2022-08-24,1.2969
2022-08-25,1.2944
2022-08-26,1.3006
2022-08-29,1.3001
2022-08-30,1.3090
2022-08-31,1.3091
2022-09-01,1.3160
2022-09-02,1.3089
2022-09-05,
2022-09-06,1.3122
2022-09-07,1.3166
2022-09-08,1.3118
2022-09-09,1.3036
2022-09-12,1.2976
2022-09-13,1.3123
2022-09-14,1.3156
2022-09-15,1.3204
2022-09-16,1.3273
2022-09-19,1.3287
2022-09-20,1.3339
2022-09-21,1.3397
2022-09-22,1.3499
2022-09-23,1.3581
2022-09-26,1.3745
2022-09-27,1.3738
2022-09-28,1.3648
2022-09-29,1.3700
2022-09-30,1.3752
2022-10-03,1.3651
2022-10-04,1.3551
2022-10-05,1.3662
2022-10-06,1.3732
2022-10-07,1.3692
2022-10-10,
2022-10-11,1.3737
2022-10-12,1.3797
2022-10-13,1.3744
2022-10-14,1.3873
2022-10-17,1.3723
2022-10-18,1.3790
2022-10-19,1.3783
2022-10-20,1.3715
2022-10-21,1.3673
2022-10-24,1.3704
2022-10-25,1.3616
2022-10-26,1.3551
2022-10-27,1.3532
2022-10-28,1.3622
2022-10-31,1.3639
2022-11-01,1.3639
2022-11-02,1.3628
2022-11-03,1.3729
2022-11-04,1.3528
2022-11-07,1.3497
2022-11-08,1.3389
2022-11-09,1.3453
2022-11-10,1.3362
2022-11-11,
2022-11-14,1.3295
2022-11-15,1.3280
2022-11-16,1.3343
2022-11-17,1.3343
2022-11-18,1.3379
2022-11-21,1.3483
2022-11-22,1.3401
2022-11-23,1.3416
2022-11-24,
2022-11-25,1.3370
2022-11-28,1.3433
2022-11-29,1.3636
2022-11-30,1.3538
2022-12-01,1.3427
2022-12-02,1.3448
2022-12-05,1.3571
2022-12-06,1.3652
2022-12-07,1.3640
2022-12-08,1.3574
2022-12-09,1.3604
2022-12-12,1.3654
2022-12-13,1.3530
2022-12-14,1.3567
2022-12-15,1.3649
2022-12-16,1.3690
2022-12-19,1.3638
2022-12-20,1.3618
2022-12-21,1.3622
2022-12-22,1.3653
2022-12-23,1.3587
2022-12-26,
2022-12-27,1.3504
2022-12-28,1.3588
2022-12-29,1.3546
2022-12-30,1.3532
2023-01-02,
2023-01-03,1.3664
2023-01-04,1.3492
2023-01-05,1.3579
2023-01-06,1.3452
2023-01-09,1.3372
2023-01-10,1.3433
2023-01-11,1.3422
2023-01-12,1.3380
2023-01-13,1.3413
2023-01-16,
2023-01-17,1.3380
2023-01-18,1.3436
2023-01-19,1.3494
2023-01-20,1.3416
2023-01-23,1.3384
2023-01-24,1.3369
2023-01-25,1.3413
2023-01-26,1.3348
2023-01-27,1.3314
2023-01-30,1.3350
2023-01-31,1.3333
2023-02-01,1.3335
2023-02-02,1.3317
2023-02-03,1.3395
2023-02-06,1.3442
2023-02-07,1.3440
2023-02-08,1.3430
2023-02-09,1.3428
2023-02-10,1.3363
2023-02-13,1.3348
2023-02-14,1.3367
2023-02-15,1.3401
2023-02-16,1.3451
2023-02-17,1.3487
2023-02-20,
2023-02-21,1.3515
2023-02-22,1.3540
2023-02-23,1.3567
2023-02-24,1.3618
2023-02-27,1.3574
2023-02-28,1.3616
2023-03-01,1.3597
2023-03-02,1.3616
2023-03-03,1.3609
2023-03-06,1.3606
2023-03-07,1.3736
2023-03-08,1.3784
2023-03-09,1.3777
2023-03-10,1.3804
2023-03-13,1.3687
2023-03-14,1.3676
2023-03-15,1.3799
2023-03-16,1.3761
2023-03-17,1.3753
2023-03-20,1.3686
2023-03-21,1.3732
2023-03-22,1.3722
2023-03-23,1.3658
2023-03-24,1.3763
2023-03-27,1.3686
2023-03-28,1.3615
2023-03-29,1.3575
2023-03-30,1.3536
2023-03-31,1.3525
2023-04-03,1.3435
2023-04-04,1.3454
2023-04-05,1.3453
2023-04-06,1.3472
2023-04-07,1.3513
2023-04-10,1.3534
2023-04-11,1.3480
2023-04-12,1.3450
2023-04-13,1.3344
2023-04-14,1.3379
2023-04-17,1.3403
2023-04-18,1.3391
2023-04-19,1.3454
2023-04-20,1.3459
2023-04-21,1.3534
2023-04-24,1.3543
2023-04-25,1.3627
2023-04-26,1.3601
2023-04-27,1.3611
2023-04-28,1.3552
2023-05-01,1.3541
2023-05-02,1.3627
2023-05-03,1.3610
2023-05-04,1.3570
2023-05-05,1.3419
2023-05-08,1.3356
2023-05-09,1.3399
2023-05-10,1.3374
2023-05-11,1.3487
2023-05-12,1.3540
2023-05-15,1.3482
2023-05-16,1.3456
2023-05-17,1.3483
2023-05-18,1.3502
2023-05-19,1.3508
2023-05-22,1.3508
2023-05-23,1.3485
2023-05-24,1.3589
2023-05-25,1.3636
2023-05-26,1.3625
2023-05-29,
2023-05-30,1.3593
2023-05-31,1.3588
2023-06-01,1.3441
2023-06-02,1.3438
2023-06-05,1.3419
2023-06-06,1.3403
2023-06-07,1.3363
2023-06-08,1.3380
2023-06-09,1.3342
2023-06-12,1.3377
2023-06-13,1.3298
2023-06-14,1.3283
2023-06-15,1.3237
2023-06-16,1.3194
2023-06-19,
2023-06-20,1.3246
2023-06-21,1.3179
2023-06-22,1.3164
2023-06-23,1.3196
2023-06-26,1.3145
2023-06-27,1.3175
2023-06-28,1.3249
2023-06-29,1.3246
2023-06-30,1.3232
2023-07-03,1.3243
2023-07-04,
2023-07-05,1.3271
2023-07-06,1.3353
2023-07-07,1.3284
2023-07-10,1.3281
2023-07-11,1.3249
2023-07-12,1.3179
2023-07-13,1.3126
2023-07-14,1.3204
2023-07-17,1.3173
2023-07-18,1.3175
2023-07-19,1.3158
2023-07-20,1.3182
2023-07-21,1.3217
2023-07-24,1.3154
2023-07-25,1.3179
2023-07-26,1.3218
2023-07-27,1.3194
2023-07-28,1.3225
2023-07-31,1.3160
2023-08-01,1.3289
2023-08-02,1.3334
2023-08-03,1.3340
2023-08-04,1.3337
2023-08-07,1.3372
2023-08-08,1.3454
2023-08-09,1.3442
2023-08-10,1.3401
2023-08-11,1.3437
2023-08-14,1.3451
2023-08-15,1.3472
2023-08-16,1.3516
2023-08-17,1.3522
2023-08-18,1.3557
2023-08-21,1.3563
2023-08-22,1.3547
2023-08-23,1.3542
2023-08-24,1.3562
2023-08-25,1.3626
2023-08-28,1.3596
2023-08-29,1.3589
2023-08-30,1.3515
2023-08-31,1.3539
2023-09-01,1.3582
2023-09-04,
2023-09-05,1.3607
2023-09-06,1.3655
2023-09-07,1.3678
2023-09-08,1.3621
2023-09-11,1.3581
2023-09-12,1.3553
2023-09-13,1.3533
2023-09-14,1.3513
2023-09-15,1.3504
2023-09-18,1.3482
2023-09-19,1.3431
2023-09-20,1.3424
2023-09-21,1.3484
2023-09-22,1.3467
2023-09-25,1.3473
2023-09-26,1.3509
2023-09-27,1.3512
2023-09-28,1.3474
2023-09-29,1.3535
2023-10-02,1.3666
2023-10-03,1.3720
2023-10-04,1.3739
2023-10-05,1.3736
2023-10-06,1.3657
2023-10-09,
2023-10-10,1.3579
2023-10-11,1.3617
2023-10-12,1.3656
2023-10-13,1.3650
2023-10-16,1.3615
2023-10-17,1.3622
2023-10-18,1.3696
2023-10-19,1.3716
2023-10-20,1.3692
2023-10-23,1.3676
2023-10-24,1.3744
2023-10-25,1.3772
2023-10-26,1.3830
2023-10-27,1.3866
2023-10-30,1.3829
2023-10-31,1.3878
2023-11-01,1.3879
2023-11-02,1.3788
2023-11-03,1.3671
2023-11-06,1.3662
2023-11-07,1.3769
2023-11-08,1.3798
2023-11-09,1.3766
2023-11-10,
2023-11-13,1.3781
2023-11-14,1.3711
2023-11-15,1.3665
2023-11-16,1.3774
2023-11-17,1.3740
2023-11-20,1.3720
2023-11-21,1.3690
2023-11-22,1.3733
2023-11-23,
2023-11-24,1.3608
2023-11-27,1.3633
2023-11-28,1.3562
2023-11-29,1.3596
2023-11-30,1.3587
2023-12-01,1.3495
2023-12-04,1.3537
2023-12-05,1.3577
2023-12-06,1.3580
2023-12-07,1.3594
2023-12-08,1.3595
2023-12-11,1.3568
2023-12-12,1.3611
2023-12-13,1.3570
2023-12-14,1.3404
2023-12-15,1.3374
2023-12-18,1.3391
2023-12-19,1.3340
2023-12-20,1.3322
2023-12-21,1.3294
2023-12-22,1.3259
2023-12-25,
2023-12-26,1.3208
2023-12-27,1.3201
2023-12-28,1.3202
2023-12-29,1.3202
2024-01-01,
2024-01-02,1.3310
2024-01-03,1.3358
2024-01-04,1.3355
2024-01-05,1.3331
2024-01-08,1.3361
2024-01-09,1.3384
2024-01-10,1.3379
2024-01-11,1.3439
2024-01-12,1.3399
2024-01-15,
2024-01-16,1.3472
2024-01-17,1.3523
2024-01-18,1.3503
2024-01-19,1.3467
2024-01-22,1.3454
2024-01-23,1.3486
2024-01-24,1.3479
2024-01-25,1.3489
2024-01-26,1.3456
2024-01-29,1.3439
2024-01-30,1.3409
2024-01-31,1.3384
2024-02-01,1.3380
2024-02-02,1.3458
2024-02-05,1.3533
2024-02-06,1.3499
2024-02-07,1.3470
2024-02-08,1.3463
2024-02-09,1.3478
2024-02-12,1.3437
2024-02-13,1.3563
2024-02-14,1.3550
2024-02-15,1.3493
2024-02-16,1.3483
2024-02-19,
2024-02-20,1.3517
2024-02-21,1.3504
2024-02-22,1.3496
2024-02-23,1.3502
2024-02-26,1.3513
2024-02-27,1.3522
2024-02-28,1.3570
2024-02-29,1.3568
2024-03-01,1.3553
2024-03-04,1.3563
2024-03-05,1.3579
2024-03-06,1.3509
2024-03-07,1.3466
2024-03-08,1.3468
2024-03-11,1.3485
2024-03-12,1.3495
2024-03-13,1.3470
2024-03-14,1.3516
2024-03-15,1.3530
2024-03-18,1.3540
2024-03-19,1.3578
2024-03-20,1.3562
2024-03-21,1.3536
2024-03-22,1.3594
2024-03-25,1.3579
2024-03-26,1.3568
2024-03-27,1.3586
2024-03-28,1.3530
2024-03-29,1.3540
2024-04-01,1.3579
2024-04-02,1.3570
2024-04-03,1.3521
2024-04-04,1.3493
2024-04-05,1.3580
2024-04-08,1.3583
2024-04-09,1.3583
2024-04-10,1.3688
2024-04-11,1.3705
2024-04-12,1.3756
2024-04-15,1.3751
2024-04-16,1.3824
2024-04-17,1.3804
2024-04-18,1.3755
2024-04-19,1.3742
2024-04-22,1.3721
2024-04-23,1.3676
2024-04-24,1.3721
2024-04-25,1.3691
2024-04-26,1.3678
2024-04-29,1.3649
2024-04-30,1.3748
2024-05-01,1.3760
2024-05-02,1.3696
2024-05-03,1.3683
2024-05-06,1.3655
2024-05-07,1.3712
2024-05-08,1.3719
2024-05-09,1.3690
2024-05-10,1.3663
2024-05-13,1.3675
2024-05-14,1.3650
2024-05-15,1.3612
2024-05-16,1.3606
2024-05-17,1.3615
2024-05-20,1.3611
2024-05-21,1.3644
2024-05-22,1.3667
2024-05-23,1.3696
2024-05-24,1.3665
2024-05-27,
2024-05-28,1.3630
2024-05-29,1.3702
2024-05-30,1.3668
2024-05-31,1.3646
2024-06-03,1.3626
2024-06-04,1.3684
2024-06-05,1.3705
2024-06-06,1.3684
2024-06-07,1.3747
2024-06-10,1.3755
2024-06-11,1.3764
2024-06-12,1.3690
2024-06-13,1.3746
2024-06-14,1.3735
2024-06-17,1.3752
2024-06-18,1.3723
2024-06-19,
2024-06-20,1.3703
2024-06-21,1.3698
2024-06-24,1.3658
2024-06-25,1.3658
2024-06-26,1.3697
2024-06-27,1.3693
2024-06-28,1.3684
2024-07-01,1.3742
2024-07-02,1.3691
2024-07-03,1.3624
2024-07-04,
2024-07-05,1.3631
2024-07-08,1.3637
2024-07-09,1.3636
2024-07-10,1.3608
2024-07-11,1.3619
2024-07-12,1.3627
2024-07-15,1.3662
2024-07-16,1.3686
2024-07-17,1.3683
2024-07-18,1.3695
2024-07-19,1.3723
2024-07-22,1.3756
2024-07-23,1.3763
2024-07-24,1.3783
2024-07-25,1.3809
2024-07-26,1.3832
2024-07-29,1.3853
2024-07-30,1.3848
2024-07-31,1.3806
2024-08-01,1.3845
2024-08-02,1.3846
2024-08-05,1.3820
2024-08-06,1.3791
2024-08-07,1.3729
2024-08-08,1.3742
2024-08-09,1.3725
2024-08-12,1.3741
2024-08-13,1.3723
2024-08-14,1.3696
2024-08-15,1.3701
2024-08-16,1.3705
2024-08-19,1.3659
2024-08-20,1.3631
2024-08-21,1.3583
2024-08-22,1.3605
2024-08-23,1.3514
2024-08-26,1.3485
2024-08-27,1.3454
2024-08-28,1.3462
2024-08-29,1.3460
2024-08-30,1.3493
2024-09-02,
2024-09-03,1.3543
2024-09-04,1.3519
2024-09-05,1.3515
2024-09-06,1.3561
2024-09-09,1.3560
2024-09-10,1.3607
2024-09-11,1.3595
2024-09-12,1.3595
2024-09-13,1.3581
2024-09-16,1.3599
2024-09-17,1.3598
2024-09-18,1.3607
2024-09-19,1.3560
2024-09-20,1.3565
2024-09-23,1.3502
2024-09-24,1.3470
2024-09-25,1.3466
2024-09-26,1.3466
2024-09-27,1.3504
2024-09-30,1.3511
2024-10-01,1.3492
2024-10-02,1.3485
2024-10-03,1.3533
2024-10-04,1.3578
2024-10-07,1.3608
2024-10-08,1.3662
2024-10-09,1.3682
2024-10-10,1.3752
2024-10-11,1.3768
2024-10-14,
2024-10-15,1.3803
2024-10-16,1.3772
2024-10-17,1.3791
2024-10-18,1.3804
2024-10-21,1.3847
2024-10-22,1.3830
2024-10-23,1.3838
2024-10-24,1.3858
2024-10-25,1.3882
2024-10-28,1.3903
2024-10-29,1.3909
2024-10-30,1.3911
2024-10-31,1.3939
2024-11-01,1.3925
2024-11-04,1.3898
2024-11-05,1.3850
2024-11-06,1.3929
2024-11-07,1.3866
2024-11-08,1.3921
2024-11-11,
2024-11-12,1.3956
2024-11-13,1.3985
2024-11-14,1.4025
2024-11-15,1.4076
2024-11-18,1.4028
2024-11-19,1.3981
2024-11-20,1.3995
2024-11-21,1.3960
2024-11-22,1.3985
2024-11-25,1.4003
2024-11-26,1.4058
2024-11-27,1.4028
2024-11-28,
2024-11-29,1.4014
2024-12-02,1.4069
2024-12-03,1.4065
2024-12-04,1.4069
2024-12-05,1.4035
2024-12-06,1.4144
2024-12-09,1.4120
2024-12-10,1.4160
2024-12-11,1.4126
2024-12-12,1.4179
2024-12-13,1.4240
2024-12-16,1.4230
2024-12-17,1.4312
2024-12-18,1.4335
2024-12-19,1.4366
2024-12-20,1.4354
2024-12-23,1.4390
2024-12-24,1.4383
2024-12-25,
2024-12-26,1.4404
2024-12-27,1.4433
2024-12-30,1.4374
2024-12-31,1.4400
2025-01-01,
2025-01-02,1.4422
2025-01-03,1.4455
2025-01-06,1.4359
2025-01-07,1.4341
2025-01-08,1.4375
2025-01-09,1.4394
2025-01-10,1.4437
2025-01-13,1.4411
2025-01-14,1.4369
2025-01-15,1.4340
2025-01-16,1.4377
2025-01-17,1.4420
2025-01-20,
2025-01-21,1.4328
2025-01-22,1.4361
2025-01-23,1.4359
2025-01-24,1.4331
2025-01-27,1.4388
2025-01-28,1.4392
2025-01-29,1.4432
2025-01-30,1.4411
2025-01-31,1.4459
2025-02-03,1.4601
2025-02-04,1.4318
2025-02-05,1.4280
2025-02-06,1.4314
2025-02-07,1.4311
2025-02-10,1.4317
2025-02-11,1.4308
2025-02-12,1.4288
2025-02-13,1.4230
2025-02-14,1.4170
2025-02-17,
2025-02-18,1.4189
2025-02-19,1.4235
2025-02-20,1.4195
2025-02-21,1.4196
2025-02-24,1.4224
2025-02-25,1.4300
2025-02-26,1.4346
2025-02-27,1.4419
2025-02-28,1.4433
2025-03-03,1.4399
2025-03-04,1.4515
2025-03-05,1.4375
2025-03-06,1.4282
2025-03-07,1.4385
2025-03-10,1.4431
2025-03-11,1.4462
2025-03-12,1.4397
2025-03-13,1.4398
2025-03-14,1.4377
2025-03-17,1.4298
2025-03-18,1.4312
2025-03-19,1.4328
2025-03-20,1.4326
2025-03-21,1.4356
2025-03-24,1.4292
2025-03-25,1.4307
2025-03-26,1.4254
2025-03-27,1.4316
2025-03-28,1.4282
2025-03-31,1.4379
2025-04-01,1.4316
2025-04-02,1.4310
2025-04-03,1.4062
2025-04-04,1.4194
2025-04-07,1.4224
2025-04-08,1.4199
2025-04-09,1.4187
2025-04-10,1.4010
2025-04-11,1.3895
2025-04-14,1.3892
2025-04-15,1.3944
2025-04-16,1.3882
2025-04-17,1.3856
2025-04-18,1.3846
2025-04-21,1.3818
2025-04-22,1.3798
2025-04-23,1.3894
2025-04-24,1.3889
2025-04-25,1.3858
2025-04-28,1.3857
2025-04-29,1.3853
2025-04-30,1.3807
2025-05-01,1.3847
2025-05-02,1.3790
2025-05-05,1.3810
2025-05-06,1.3774
2025-05-07,1.3773
2025-05-08,1.3914
2025-05-09,1.3925
2025-05-12,1.4003
2025-05-13,1.3958
2025-05-14,1.3963
2025-05-15,1.3989
2025-05-16,1.3991
2025-05-19,1.3944
2025-05-20,1.3941
2025-05-21,1.3822
2025-05-22,1.3856
2025-05-23,1.3755
2025-05-26,
2025-05-27,1.3776
2025-05-28,1.3819
2025-05-29,1.3809
2025-05-30,1.3747
2025-06-02,1.3699
2025-06-03,1.3722
2025-06-04,1.3668
2025-06-05,1.3667
2025-06-06,1.3686
2025-06-09,1.3675
2025-06-10,1.3683
2025-06-11,1.3662
2025-06-12,1.3615
2025-06-13,1.3575
2025-06-16,1.3556
2025-06-17,1.3587
2025-06-18,1.3683
2025-06-19,
2025-06-20,1.3739
2025-06-23,1.3773
2025-06-24,1.3711
2025-06-25,1.3750
2025-06-26,1.3629
2025-06-27,1.3666
2025-06-30,1.3620
2025-07-01,1.3659
2025-07-02,1.3620
2025-07-03,1.3559
2025-07-04,
2025-07-07,1.3644
2025-07-08,1.3671
2025-07-09,1.3694
2025-07-10,1.3682
2025-07-11,1.3678
2025-07-14,1.3694
2025-07-15,1.3713
2025-07-16,1.3706
2025-07-17,1.3749
2025-07-18,1.3711
2025-07-21,1.3689
2025-07-22,1.3615
2025-07-23,1.3609
2025-07-24,1.3643
2025-07-25,1.3714
2025-07-28,1.3718
2025-07-29,1.3777
2025-07-30,1.3814
2025-07-31,1.3845
2025-08-01,1.3778
2025-08-04,1.3775
2025-08-05,1.3779
2025-08-06,1.3739
2025-08-07,1.3749
2025-08-08,1.3752
2025-08-11,1.3783
2025-08-12,1.3762
2025-08-13,1.3764
2025-08-14,1.3806
2025-08-15,1.3808
2025-08-18,1.3815
2025-08-19,1.3859
2025-08-20,1.3874
2025-08-21,1.3900
2025-08-22,1.3845
2025-08-25,1.3829
2025-08-26,1.3823
2025-08-27,1.3825
2025-08-28,1.3750
2025-08-29,1.3726
2025-09-01,
2025-09-02,1.3784
2025-09-03,1.3787
2025-09-04,1.3828
2025-09-05,1.3823
2025-09-08,1.3820
2025-09-09,1.3834
2025-09-10,1.3843
2025-09-11,1.3830
2025-09-12,1.3858
2025-09-15,1.3797
2025-09-16,1.3745
2025-09-17,1.3761
2025-09-18,1.3796
2025-09-19,1.3772
2025-09-22,1.3814
2025-09-23,1.3834
2025-09-24,1.3894
2025-09-25,1.3923
2025-09-26,1.3946
2025-09-29,1.3904
2025-09-30,1.3927
2025-10-01,1.3953
2025-10-02,1.3974
2025-10-03,1.3946
2025-10-06,1.3945
2025-10-07,1.3949
2025-10-08,1.3953
2025-10-09,1.4009
2025-10-10,1.3997
2025-10-13,
2025-10-14,1.4041
2025-10-15,1.4033
2025-10-16,1.4045
2025-10-17,1.4046
2025-10-20,1.4029
2025-10-21,1.4010
2025-10-22,1.3978
2025-10-23,1.3991
2025-10-24,1.4013
2025-10-27,1.3995
2025-10-28,1.3937
2025-10-29,1.3893
2025-10-30,1.3982
2025-10-31,1.4010
2025-11-03,1.4049
2025-11-04,1.4081
2025-11-05,1.4108
2025-11-06,1.4127
2025-11-07,1.4075
2025-11-10,1.4029
2025-11-11,
2025-11-12,1.4000
2025-11-13,1.4010
2025-11-14,1.4023
2025-11-17,1.4028
2025-11-18,1.3996
2025-11-19,1.4049
2025-11-20,1.4092
2025-11-21,1.4094
2025-11-24,1.4110
2025-11-25,1.4115
2025-11-26,1.4051
2025-11-27,
2025-11-28,1.3974
2025-12-01,1.3982
2025-12-02,1.3988
2025-12-03,1.3950
2025-12-04,1.3939
2025-12-05,1.3858
2025-12-08,1.3846
2025-12-09,1.3832
2025-12-10,1.3834
2025-12-11,1.3769
2025-12-12,1.3783
2025-12-15,1.3765
2025-12-16,1.3749
2025-12-17,1.3791
2025-12-18,1.3762
2025-12-19,1.3780
2025-12-22,1.3744
2025-12-23,1.3713
2025-12-24,1.3671
2025-12-25,
2025-12-26,1.3662
2025-12-29,1.3680
2025-12-30,1.3678
2025-12-31,1.3712
2026-01-01,
2026-01-02,1.3738
2026-01-05,1.3757
2026-01-06,1.3789
2026-01-07,1.3828
2026-01-08,1.3864
2026-01-09,1.3893
2026-01-12,1.3876
2026-01-13,1.3885
2026-01-14,1.3871
2026-01-15,1.3896
2026-01-16,1.3920
2026-01-19,
2026-01-20,1.3821
2026-01-21,1.3813
2026-01-22,1.3799
2026-01-23,1.3726
2026-01-26,1.3692
2026-01-27,1.3598
2026-01-28,1.3575
2026-01-29,1.3518
2026-01-30,1.3557
2026-02-02,1.3677
2026-02-03,1.3644
2026-02-04,1.3667
2026-02-05,1.3670
2026-02-06,1.3644
2026-02-09,1.3570
2026-02-10,1.3533
2026-02-11,1.3569
2026-02-12,1.3623
2026-02-13,1.3618
2026-02-16,
2026-02-17,1.3652
2026-02-18,1.3675
2026-02-19,1.3701
2026-02-20,1.3688
2026-02-23,1.3685
2026-02-24,1.3702
2026-02-25,1.3685
2026-02-26,1.3683
2026-02-27,1.3632
2026-03-02,1.3705
2026-03-03,1.3662
2026-03-04,1.3661
2026-03-05,1.3693
2026-03-06,1.3599
2026-03-09,1.3573
2026-03-10,1.3562
2026-03-11,1.3603
2026-03-12,1.3618
2026-03-13,1.3736
2026-03-16,1.3683
2026-03-17,1.3706
2026-03-18,1.3697
2026-03-19,1.3721
2026-03-20,1.3731
2026-03-23,1.3718
2026-03-24,1.3764
2026-03-25,1.3799
2026-03-26,1.3849
2026-03-27,1.3880
2026-03-30,1.3921
2026-03-31,1.3953
2026-04-01,1.3875
2026-04-02,1.3917
2026-04-03,1.3942
2026-04-06,1.3913
2026-04-07,1.3905
2026-04-08,1.3851
2026-04-09,1.3807
2026-04-10,1.3828
2026-04-13,1.3811
2026-04-14,1.3757
2026-04-15,1.3740
2026-04-16,1.3706
2026-04-17,1.3667
2026-04-20,1.3649
2026-04-21,1.3642
2026-04-22,1.3659
2026-04-23,1.3682
2026-04-24,1.3675
2026-04-27,1.3616
2026-04-28,1.3671
2026-04-29,1.3671
2026-04-30,1.3611
2026-05-01,1.3575
2026-05-04,1.3608
2026-05-05,1.3609
2026-05-06,1.3621
2026-05-07,1.3636
2026-05-08,1.3679
2026-05-11,1.3664
2026-05-12,1.3712
2026-05-13,1.3701
2026-05-14,1.3724
2026-05-15,1.3750
2026-05-18,1.3742
2026-05-19,1.3754
2026-05-20,1.3747
2026-05-21,1.3788
2026-05-22,1.3817
2026-05-25,
2026-05-26,1.3803
2026-05-27,1.3829
2026-05-28,1.3798
2026-05-29,1.3784
2026-06-01,1.3837
2026-06-02,1.3822
2026-06-03,1.3891
2026-06-04,1.3889
2026-06-05,1.3931
2026-06-08,1.3949
2026-06-09,1.3957
2026-06-10,1.3927
2026-06-11,1.4004
2026-06-12,1.3971
2026-06-15,1.3984
2026-06-16,1.3982
2026-06-17,1.4030
2026-06-18,1.4142
2026-06-19,
2026-06-22,1.4167
2026-06-23,1.4198
2026-06-24,1.4237
2026-06-25,1.4191
2026-06-26,1.4182
2026-06-29,1.4210
2026-06-30,1.4205
2026-07-01,1.4205
2026-07-02,1.4182
2026-07-03,
2026-07-06,1.4214
2026-07-07,1.4194
2026-07-08,1.4190
2026-07-09,1.4163
2026-07-10,1.4132
2026-07-13,1.4138
2026-07-14,1.4067
2026-07-15,1.4047
2026-07-16,1.4033
2026-07-17,1.4014
2026-07-20,1.4059
2026-07-21,1.4097
2026-07-22,1.4084
2026-07-23,1.4087
2026-07-24,1.4078
