proposal,entry_type,dow_gate,dow_N,dow_WR,dow_EV_pip,dow_PF,dow_Wilson_lo,dow_original_recomputed_N,v2_gate,v2_N,v2_WR,v2_EV_pip,v2_PF,v2_Wilson_lo,v2_shadow_candidate
gbp_deep_pullback__regime_CHOP,gbp_deep_pullback,CHOP,52,0.634615,0.271536,1.16388,0.498714,52,moderate_trend,29,0.586207,0.14811,1.093199,0.407375,False
gbp_deep_pullback__regime_CHOP,gbp_deep_pullback,CHOP,52,0.634615,0.271536,1.16388,0.498714,52,no_go,68,0.632353,0.549591,1.394638,0.513554,True
htf_false_breakout__regime_CHOP,htf_false_breakout,CHOP,38,0.657895,0.321725,1.592118,0.498918,38,moderate_trend,2,1.0,1.9156,inf,0.342372,False
htf_false_breakout__regime_CHOP,htf_false_breakout,CHOP,38,0.657895,0.321725,1.592118,0.498918,38,no_go,63,0.603175,0.120231,1.222327,0.479807,True
post_news_vol__regime_CHOP,post_news_vol,CHOP,39,0.717949,1.145583,2.335231,0.562244,39,moderate_trend,13,0.538462,-0.014029,0.990431,0.291434,False
post_news_vol__regime_CHOP,post_news_vol,CHOP,39,0.717949,1.145583,2.335231,0.562244,39,no_go,67,0.701493,0.854467,1.878004,0.583446,True
session_time_bias__regime_TRENDING,session_time_bias,TRENDING,209,0.665072,0.256521,1.409391,0.598615,209,moderate_trend,202,0.544554,-0.147798,0.829096,0.475683,False
session_time_bias__regime_TRENDING,session_time_bias,TRENDING,209,0.665072,0.256521,1.409391,0.598615,209,no_go,1027,0.628043,0.117956,1.166635,0.598056,True
session_time_bias__regime_RANGING,session_time_bias,RANGING,263,0.608365,0.04172,1.054921,0.548217,263,moderate_trend,202,0.544554,-0.147798,0.829096,0.475683,False
session_time_bias__regime_RANGING,session_time_bias,RANGING,263,0.608365,0.04172,1.054921,0.548217,263,no_go,1027,0.628043,0.117956,1.166635,0.598056,True
session_time_bias__regime_CHOP,session_time_bias,CHOP,757,0.602378,0.035271,1.046767,0.567081,757,moderate_trend,202,0.544554,-0.147798,0.829096,0.475683,False
session_time_bias__regime_CHOP,session_time_bias,CHOP,757,0.602378,0.035271,1.046767,0.567081,757,no_go,1027,0.628043,0.117956,1.166635,0.598056,True
sr_anti_hunt_bounce__regime_CHOP,sr_anti_hunt_bounce,CHOP,49,0.816327,3.915144,4.320264,0.686421,49,moderate_trend,9,0.555556,-0.439608,0.861444,0.266647,False
sr_anti_hunt_bounce__regime_CHOP,sr_anti_hunt_bounce,CHOP,49,0.816327,3.915144,4.320264,0.686421,49,no_go,68,0.838235,4.617235,6.830995,0.733098,True
streak_reversal__regime_TRENDING,streak_reversal,TRENDING,105,0.752381,1.227411,3.159914,0.661895,105,moderate_trend,49,0.55102,0.038026,1.034114,0.413149,True
streak_reversal__regime_TRENDING,streak_reversal,TRENDING,105,0.752381,1.227411,3.159914,0.661895,105,no_go,423,0.725768,1.036762,2.486665,0.681364,True
streak_reversal__regime_RANGING,streak_reversal,RANGING,94,0.744681,1.003243,2.316252,0.64814,94,moderate_trend,49,0.55102,0.038026,1.034114,0.413149,True
streak_reversal__regime_RANGING,streak_reversal,RANGING,94,0.744681,1.003243,2.316252,0.64814,94,no_go,423,0.725768,1.036762,2.486665,0.681364,True
streak_reversal__regime_CHOP,streak_reversal,CHOP,273,0.677656,0.795716,1.99513,0.620079,273,moderate_trend,49,0.55102,0.038026,1.034114,0.413149,True
streak_reversal__regime_CHOP,streak_reversal,CHOP,273,0.677656,0.795716,1.99513,0.620079,273,no_go,423,0.725768,1.036762,2.486665,0.681364,True
trendline_sweep__regime_RANGING,trendline_sweep,RANGING,53,0.698113,0.088294,1.086062,0.564629,53,moderate_trend,30,0.833333,0.859312,2.307924,0.664353,True
trendline_sweep__regime_RANGING,trendline_sweep,RANGING,53,0.698113,0.088294,1.086062,0.564629,53,no_go,137,0.729927,0.584589,1.760115,0.65006,True
trendline_sweep__regime_CHOP,trendline_sweep,CHOP,92,0.75,0.762137,2.070795,0.65271,92,moderate_trend,30,0.833333,0.859312,2.307924,0.664353,True
trendline_sweep__regime_CHOP,trendline_sweep,CHOP,92,0.75,0.762137,2.070795,0.65271,92,no_go,137,0.729927,0.584589,1.760115,0.65006,True
turtle_soup__regime_CHOP,turtle_soup,CHOP,31,0.677419,0.32958,1.430869,0.501407,31,moderate_trend,9,0.555556,0.574329,1.701861,0.266647,False
turtle_soup__regime_CHOP,turtle_soup,CHOP,31,0.677419,0.32958,1.430869,0.501407,31,no_go,52,0.615385,0.116193,1.138445,0.479596,True
vix_carry_unwind__regime_TRENDING,vix_carry_unwind,TRENDING,51,0.686275,0.561288,1.535967,0.549727,51,moderate_trend,21,0.809524,1.207783,2.95185,0.59999,False
vix_carry_unwind__regime_TRENDING,vix_carry_unwind,TRENDING,51,0.686275,0.561288,1.535967,0.549727,51,no_go,86,0.709302,0.628994,1.634006,0.60603,True
vix_carry_unwind__regime_CHOP,vix_carry_unwind,CHOP,41,0.780488,0.954238,2.208247,0.632947,41,moderate_trend,21,0.809524,1.207783,2.95185,0.59999,False
vix_carry_unwind__regime_CHOP,vix_carry_unwind,CHOP,41,0.780488,0.954238,2.208247,0.632947,41,no_go,86,0.709302,0.628994,1.634006,0.60603,True
xs_momentum__regime_TRENDING,xs_momentum,TRENDING,325,0.646154,0.163963,1.258294,0.592736,325,moderate_trend,76,0.684211,0.233546,1.376505,0.573001,True
xs_momentum__regime_TRENDING,xs_momentum,TRENDING,325,0.646154,0.163963,1.258294,0.592736,325,no_go,734,0.610354,0.034963,1.048352,0.574586,True
xs_momentum__regime_CHOP,xs_momentum,CHOP,415,0.616867,0.037077,1.050705,0.569224,415,moderate_trend,76,0.684211,0.233546,1.376505,0.573001,True
xs_momentum__regime_CHOP,xs_momentum,CHOP,415,0.616867,0.037077,1.050705,0.569224,415,no_go,734,0.610354,0.034963,1.048352,0.574586,True
