series,event_time_utc,forecast,actual,surprise,sigma_trailing,z,prior_n,exclude_reason
NFP,2014-01-10T13:30:00Z,196.0,74.0,-122.0,,,0,warmup_lt_24_prior
CPI,2014-01-16T13:30:00Z,0.3,0.3,0.0,,,0,warmup_lt_24_prior
NFP,2014-02-07T13:30:00Z,185.0,113.0,-72.0,,,1,warmup_lt_24_prior
CPI,2014-02-20T13:30:00Z,0.1,0.1,0.0,,,1,warmup_lt_24_prior
NFP,2014-03-07T13:30:00Z,151.0,175.0,24.0,,,2,warmup_lt_24_prior
CPI,2014-03-18T12:30:00Z,0.1,0.1,0.0,,,2,warmup_lt_24_prior
NFP,2014-04-04T12:30:00Z,199.0,192.0,-7.0,,,3,warmup_lt_24_prior
CPI,2014-04-15T12:30:00Z,0.1,0.2,0.1,,,3,warmup_lt_24_prior
NFP,2014-05-02T12:30:00Z,216.0,288.0,72.0,,,4,warmup_lt_24_prior
CPI,2014-05-15T12:30:00Z,0.3,0.3,0.0,,,4,warmup_lt_24_prior
NFP,2014-06-06T12:30:00Z,214.0,217.0,3.0,,,5,warmup_lt_24_prior
CPI,2014-06-17T12:30:00Z,0.2,0.4,0.2,,,5,warmup_lt_24_prior
NFP,2014-07-03T12:30:00Z,214.0,288.0,74.0,,,6,warmup_lt_24_prior
CPI,2014-07-22T12:30:00Z,0.3,0.3,0.0,,,6,warmup_lt_24_prior
NFP,2014-08-01T12:30:00Z,231.0,209.0,-22.0,,,7,warmup_lt_24_prior
CPI,2014-08-19T12:30:00Z,0.1,0.1,0.0,,,7,warmup_lt_24_prior
NFP,2014-09-05T12:30:00Z,226.0,142.0,-84.0,,,8,warmup_lt_24_prior
CPI,2014-09-17T12:30:00Z,0.1,-0.2,-0.30000000000000004,,,8,warmup_lt_24_prior
NFP,2014-10-03T12:30:00Z,216.0,248.0,32.0,,,9,warmup_lt_24_prior
CPI,2014-10-22T12:30:00Z,0.0,0.1,0.1,,,9,warmup_lt_24_prior
NFP,2014-11-07T13:30:00Z,235.0,214.0,-21.0,,,10,warmup_lt_24_prior
CPI,2014-11-20T13:30:00Z,-0.1,0.0,0.1,,,10,warmup_lt_24_prior
NFP,2014-12-05T13:30:00Z,231.0,321.0,90.0,,,11,warmup_lt_24_prior
CPI,2014-12-17T13:30:00Z,-0.1,-0.3,-0.19999999999999998,,,11,warmup_lt_24_prior
NFP,2015-01-09T13:30:00Z,241.0,252.0,11.0,,,12,warmup_lt_24_prior
CPI,2015-01-16T13:30:00Z,-0.3,-0.4,-0.10000000000000003,,,12,warmup_lt_24_prior
NFP,2015-02-06T13:30:00Z,236.0,257.0,21.0,,,13,warmup_lt_24_prior
CPI,2015-02-26T13:30:00Z,-0.6,-0.7,-0.09999999999999998,,,13,warmup_lt_24_prior
NFP,2015-03-06T13:30:00Z,240.0,295.0,55.0,,,14,warmup_lt_24_prior
CPI,2015-03-24T12:30:00Z,0.2,0.2,0.0,,,14,warmup_lt_24_prior
NFP,2015-04-03T12:30:00Z,246.0,126.0,-120.0,,,15,warmup_lt_24_prior
CPI,2015-04-17T12:30:00Z,0.2,0.2,0.0,,,15,warmup_lt_24_prior
NFP,2015-05-08T12:30:00Z,228.0,223.0,-5.0,,,16,warmup_lt_24_prior
CPI,2015-05-22T12:30:00Z,0.1,0.1,0.0,,,16,warmup_lt_24_prior
NFP,2015-06-05T12:30:00Z,222.0,280.0,58.0,,,17,warmup_lt_24_prior
CPI,2015-06-18T12:30:00Z,0.5,0.4,-0.09999999999999998,,,17,warmup_lt_24_prior
NFP,2015-07-02T12:30:00Z,231.0,223.0,-8.0,,,18,warmup_lt_24_prior
CPI,2015-07-17T12:30:00Z,0.3,0.3,0.0,,,18,warmup_lt_24_prior
NFP,2015-08-07T12:30:00Z,222.0,215.0,-7.0,,,19,warmup_lt_24_prior
CPI,2015-08-19T12:30:00Z,0.2,0.1,-0.1,,,19,warmup_lt_24_prior
NFP,2015-09-04T12:30:00Z,215.0,173.0,-42.0,,,20,warmup_lt_24_prior
CPI,2015-09-16T12:30:00Z,0.0,-0.1,-0.1,,,20,warmup_lt_24_prior
NFP,2015-10-02T12:30:00Z,201.0,142.0,-59.0,,,21,warmup_lt_24_prior
CPI,2015-10-15T12:30:00Z,-0.2,-0.2,0.0,,,21,warmup_lt_24_prior
NFP,2015-11-06T13:30:00Z,181.0,271.0,90.0,,,22,warmup_lt_24_prior
CPI,2015-11-17T13:30:00Z,0.2,0.2,0.0,,,22,warmup_lt_24_prior
NFP,2015-12-04T13:30:00Z,201.0,211.0,10.0,,,23,warmup_lt_24_prior
CPI,2015-12-15T13:30:00Z,0.0,0.0,0.0,,,23,warmup_lt_24_prior
NFP,2016-01-08T13:30:00Z,203.0,292.0,89.0,60.2047081552429,1.4782897007075597,24,
CPI,2016-01-20T13:30:00Z,0.0,-0.1,-0.1,0.10206207261596575,-0.9797958971132713,24,
NFP,2016-02-05T13:30:00Z,189.0,151.0,-38.0,57.126036603032546,-0.6651958066697518,25,
CPI,2016-02-19T13:30:00Z,-0.1,0.0,0.1,0.103209369308428,0.9689042833036097,25,
NFP,2016-03-04T13:30:00Z,195.0,242.0,47.0,55.46405024486778,0.8473957417913061,26,
CPI,2016-03-16T12:30:00Z,-0.2,-0.2,0.0,0.10623667861928843,0.0,26,
NFP,2016-04-01T12:30:00Z,206.0,215.0,9.0,55.931230419434584,0.16091189005691434,27,
CPI,2016-04-14T12:30:00Z,0.2,0.1,-0.1,0.10623667861928843,-0.9412944879269213,27,
NFP,2016-05-06T12:30:00Z,203.0,160.0,-43.0,55.81554442984499,-0.7703947070523884,28,
CPI,2016-05-17T12:30:00Z,0.3,0.4,0.10000000000000003,0.10417028979206268,0.9599666104377066,28,
NFP,2016-06-03T12:30:00Z,159.0,38.0,-121.0,55.25094267672423,-2.190007882905754,29,
CPI,2016-06-16T12:30:00Z,0.3,0.2,-0.09999999999999998,0.10733936430981313,-0.931624671368189,29,
NFP,2016-07-08T12:30:00Z,175.0,287.0,112.0,61.023635240544415,1.8353544419062506,30,
CPI,2016-07-15T12:30:00Z,0.2,0.2,0.0,0.09696480760071398,0.0,30,
NFP,2016-08-05T12:30:00Z,180.0,255.0,75.0,63.453680470224825,1.1819645360869682,31,
CPI,2016-08-16T12:30:00Z,0.0,0.0,0.0,0.09696480760071398,0.0,31,
NFP,2016-09-02T12:30:00Z,180.0,151.0,-29.0,64.91431085379547,-0.4467427847353385,32,
CPI,2016-09-16T12:30:00Z,0.1,0.2,0.1,0.09696480760071398,1.031301999915108,32,
NFP,2016-10-07T12:30:00Z,171.0,156.0,-15.0,62.51463596746707,-0.2399438110430024,33,
CPI,2016-10-18T12:30:00Z,0.3,0.3,0.0,0.0832970935693524,0.0,33,
NFP,2016-11-04T12:30:00Z,174.0,161.0,-13.0,62.4853461081946,-0.20804877958890147,34,
CPI,2016-11-17T13:30:00Z,0.4,0.4,0.0,0.07939992333804206,0.0,34,
NFP,2016-12-02T13:30:00Z,177.0,178.0,1.0,62.35276861233339,0.016037780234223628,35,
CPI,2016-12-15T13:30:00Z,0.2,0.2,0.0,0.0750603621828092,0.0,35,
NFP,2017-01-06T13:30:00Z,175.0,156.0,-19.0,59.79330339122252,-0.3177613365109569,36,
CPI,2017-01-18T13:30:00Z,0.3,0.3,0.0,0.06580053301400784,0.0,36,
NFP,2017-02-03T13:30:00Z,170.0,227.0,57.0,59.93764876211308,0.9509882549151647,37,
CPI,2017-02-15T13:30:00Z,0.3,0.6,0.3,0.06370220572706062,4.709413066250551,37,
NFP,2017-03-10T13:30:00Z,196.0,235.0,39.0,60.876925020897694,0.6406368256381572,38,
CPI,2017-03-15T12:30:00Z,0.0,0.1,0.1,0.08846517369293828,1.130388330520878,38,
NFP,2017-04-07T12:30:00Z,174.0,98.0,-76.0,60.37395541749458,-1.2588209514259763,39,
CPI,2017-04-14T12:30:00Z,0.0,-0.3,-0.3,0.09078961186825509,-3.3043427967874823,39,
NFP,2017-05-05T12:30:00Z,194.0,211.0,17.0,57.05883056046221,0.2979381076165941,40,
CPI,2017-05-12T12:30:00Z,0.3,0.2,-0.09999999999999998,0.11000658741803747,-0.9090364708795908,40,
NFP,2017-06-02T12:30:00Z,181.0,138.0,-43.0,57.073496983898,-0.7534144966118246,41,
CPI,2017-06-14T12:30:00Z,0.2,-0.1,-0.30000000000000004,0.11156008324626261,-2.6891338843640598,41,
NFP,2017-07-07T12:30:00Z,175.0,222.0,47.0,56.76328612909856,0.8279999838823001,42,
CPI,2017-07-14T12:30:00Z,0.1,0.0,-0.1,0.12503622663458178,-0.7997682167125043,42,
NFP,2017-08-04T12:30:00Z,182.0,209.0,27.0,57.47412776475029,0.4697765942706396,43,
CPI,2017-08-11T12:30:00Z,0.2,0.1,-0.1,0.12597446256043843,-0.7938116818876944,43,
NFP,2017-09-01T12:30:00Z,180.0,156.0,-24.0,57.61862370016703,-0.41653199015807846,44,
CPI,2017-09-14T12:30:00Z,0.3,0.4,0.10000000000000003,0.12597446256043843,0.7938116818876946,44,
NFP,2017-10-06T12:30:00Z,82.0,-33.0,-115.0,57.093871342969344,-2.0142266988549786,45,
CPI,2017-10-13T12:30:00Z,0.6,0.5,-0.09999999999999998,0.12740441145412124,-0.7849021777084251,45,
NFP,2017-11-03T12:30:00Z,312.0,261.0,-51.0,60.87763921606799,-0.8377460206528361,46,
CPI,2017-11-15T13:30:00Z,0.1,0.1,0.0,0.12846642825425558,0.0,46,
NFP,2017-12-08T13:30:00Z,198.0,228.0,30.0,58.93977213334333,0.5089941632643069,47,
CPI,2017-12-13T13:30:00Z,0.4,0.4,0.0,0.12846642825425558,0.0,47,
NFP,2018-01-05T13:30:00Z,190.0,148.0,-42.0,59.26284793129281,-0.708707081520842,48,
CPI,2018-01-12T13:30:00Z,0.1,0.1,0.0,0.12846642825425558,0.0,48,
NFP,2018-02-02T13:30:00Z,181.0,200.0,19.0,56.5308688278783,0.3360995575328946,49,
CPI,2018-02-14T13:30:00Z,0.3,0.5,0.2,0.12740441145412124,1.5698043554168506,49,
NFP,2018-03-09T13:30:00Z,205.0,313.0,108.0,56.36898044600185,1.9159473729253913,50,
CPI,2018-03-13T12:30:00Z,0.2,0.2,0.0,0.13290238326779874,0.0,50,
NFP,2018-04-06T12:30:00Z,188.0,103.0,-85.0,60.05281491912053,-1.4154207444643265,51,
CPI,2018-04-11T12:30:00Z,0.0,-0.1,-0.1,0.13290238326779874,-0.7524319545007683,51,
NFP,2018-05-04T12:30:00Z,190.0,164.0,-26.0,62.321048157731276,-0.4171945236574869,52,
CPI,2018-05-10T12:30:00Z,0.3,0.2,-0.09999999999999998,0.13290238326779874,-0.752431954500768,52,
NFP,2018-06-01T12:30:00Z,189.0,223.0,34.0,61.977891687044455,0.5485827135211698,53,
CPI,2018-06-12T12:30:00Z,0.2,0.2,0.0,0.13180739131701644,0.0,53,
NFP,2018-07-06T12:30:00Z,195.0,213.0,18.0,57.29531938289904,0.3141617883252863,54,
CPI,2018-07-12T12:30:00Z,0.2,0.1,-0.1,0.1307725096316589,-0.7646867088630902,54,
NFP,2018-08-03T12:30:00Z,191.0,157.0,-34.0,52.39254012614358,-0.6489473485755693,55,
CPI,2018-08-10T12:30:00Z,0.2,0.2,0.0,0.13180739131701644,0.0,55,
NFP,2018-09-07T12:30:00Z,191.0,201.0,10.0,50.03084193702457,0.1998767083029968,56,
CPI,2018-09-13T12:30:00Z,0.3,0.2,-0.09999999999999998,0.13180739131701644,-0.7586827946506055,56,
NFP,2018-10-05T12:30:00Z,185.0,134.0,-51.0,49.928354466276424,-1.0214636661908698,57,
CPI,2018-10-11T12:30:00Z,0.2,0.1,-0.1,0.13014763077790334,-0.7683582052342528,57,
NFP,2018-11-02T12:30:00Z,194.0,250.0,56.0,50.754881253082374,1.1033421538465147,58,
CPI,2018-11-14T13:30:00Z,0.3,0.3,0.0,0.1307725096316589,0.0,58,
NFP,2018-12-07T13:30:00Z,198.0,155.0,-43.0,52.339592766991345,-0.8215577868828685,59,
CPI,2018-12-12T13:30:00Z,0.0,0.0,0.0,0.1307725096316589,0.0,59,
NFP,2019-01-04T13:30:00Z,179.0,312.0,133.0,52.913639648672486,2.5135296094366613,60,
CPI,2019-01-11T13:30:00Z,-0.1,-0.1,0.0,0.1307725096316589,0.0,60,
NFP,2019-02-01T13:30:00Z,165.0,304.0,139.0,59.93618284886646,2.3191333413824307,61,
CPI,2019-02-13T13:30:00Z,0.1,0.0,-0.1,0.1307725096316589,-0.7646867088630902,61,
NFP,2019-03-08T13:30:00Z,180.0,20.0,-160.0,65.40230849535618,-2.446396827282643,62,
CPI,2019-03-12T12:30:00Z,0.2,0.2,0.0,0.1103354568734741,0.0,62,
NFP,2019-04-05T12:30:00Z,172.0,196.0,24.0,72.90653138670486,0.3291886137430015,63,
CPI,2019-04-10T12:30:00Z,0.3,0.4,0.10000000000000003,0.10623667861928841,0.9412944879269216,63,
NFP,2019-05-03T12:30:00Z,181.0,263.0,82.0,71.49642739630269,1.1469104539374575,64,
CPI,2019-05-10T12:30:00Z,0.4,0.3,-0.10000000000000003,0.09696480760071399,-1.0313019999151083,64,
NFP,2019-06-07T12:30:00Z,177.0,75.0,-102.0,73.39409949430342,-1.3897574968941049,65,
CPI,2019-06-12T12:30:00Z,0.1,0.1,0.0,0.09696480760071399,0.0,65,
NFP,2019-07-05T12:30:00Z,162.0,224.0,62.0,75.91886401312574,0.8166613239797781,66,
CPI,2019-07-11T12:30:00Z,0.0,0.1,0.1,0.07939992333804206,1.259447059844805,66,
NFP,2019-08-02T12:30:00Z,164.0,164.0,0.0,76.38507280762444,0.0,67,
CPI,2019-08-13T12:30:00Z,0.3,0.3,0.0,0.08164965809277261,0.0,67,
NFP,2019-09-06T12:30:00Z,163.0,130.0,-33.0,76.17442798118586,-0.4332162495286554,68,
CPI,2019-09-12T12:30:00Z,0.1,0.1,0.0,0.07974142996067925,0.0,68,
NFP,2019-10-04T12:30:00Z,145.0,136.0,-9.0,76.31588386721852,-0.11793088861630743,69,
CPI,2019-10-10T12:30:00Z,0.1,0.0,-0.1,0.07613869876268811,-1.3133925536563695,69,
NFP,2019-11-01T12:30:00Z,90.0,128.0,38.0,72.40614864995128,0.5248173077636215,70,
CPI,2019-11-13T13:30:00Z,0.3,0.4,0.10000000000000003,0.07613869876268811,1.31339255365637,70,
NFP,2019-12-06T13:30:00Z,181.0,266.0,85.0,71.78106811082178,1.1841562439384392,71,
CPI,2019-12-11T13:30:00Z,0.2,0.3,0.09999999999999998,0.07974142996067925,1.25405325750128,71,
NFP,2020-01-10T13:30:00Z,162.0,145.0,-17.0,73.40683487112832,-0.23158606456530764,72,
CPI,2020-01-14T13:30:00Z,0.2,0.2,0.0,0.0829702233998107,0.0,72,
NFP,2020-02-07T13:30:00Z,163.0,225.0,62.0,72.82239661859093,0.8513864261392894,73,
CPI,2020-02-13T13:30:00Z,0.2,0.1,-0.1,0.0829702233998107,-1.2052516662288288,73,
NFP,2020-03-06T13:30:00Z,175.0,273.0,98.0,73.57002727363555,1.3320642064668522,74,
CPI,2020-03-11T12:30:00Z,0.0,0.1,0.1,0.07210600087592461,1.386847124860989,74,
NFP,2020-04-03T12:30:00Z,-100.0,-701.0,-601.0,73.02976115593391,-8.22952164278257,75,
CPI,2020-04-10T12:30:00Z,-0.3,-0.4,-0.10000000000000003,0.07613869876268811,-1.31339255365637,75,
NFP,2020-05-08T12:30:00Z,-22000.0,-20537.0,1463.0,144.10623471612175,10.15223250320847,76,
CPI,2020-05-12T12:30:00Z,-0.7,-0.8,-0.10000000000000009,0.07613869876268811,-1.3133925536563706,76,
NFP,2020-06-05T12:30:00Z,-7750.0,2509.0,10259.0,333.2386858381398,30.785741379927856,77,
CPI,2020-06-10T12:30:00Z,0.0,-0.1,-0.1,0.07613869876268811,-1.3133925536563695,77,
NFP,2020-07-02T12:30:00Z,3037.0,4800.0,1763.0,2109.7624114982746,0.8356391176521072,78,
CPI,2020-07-14T12:30:00Z,0.5,0.6,0.09999999999999998,0.07790276362049132,1.2836515080152593,78,
NFP,2020-08-07T12:30:00Z,1530.0,1763.0,233.0,2123.235553910895,0.10973817745790171,79,
CPI,2020-08-12T12:30:00Z,0.3,0.6,0.3,0.07974142996067925,3.762159772503841,79,
NFP,2020-09-04T12:30:00Z,1375.0,1371.0,-4.0,2120.735112756485,-0.0018861384318765242,80,
CPI,2020-09-11T12:30:00Z,0.3,0.4,0.10000000000000003,0.10215078369104984,0.9789450103725611,80,
NFP,2020-10-02T12:30:00Z,900.0,661.0,-239.0,2120.8955036302095,-0.11268824870952768,81,
CPI,2020-10-13T12:30:00Z,0.2,0.2,0.0,0.10179547554081032,0.0,81,
NFP,2020-11-06T13:30:00Z,595.0,638.0,43.0,2123.60168784619,0.020248618300737778,82,
CPI,2020-11-12T13:30:00Z,0.1,0.0,-0.1,0.09918143234365559,-1.0082532348747308,82,
NFP,2020-12-04T13:30:00Z,480.0,245.0,-235.0,2123.7358115126867,-0.11065406475046209,83,
CPI,2020-12-10T13:30:00Z,0.1,0.2,0.1,0.10179547554081032,0.9823619317924351,83,
NFP,2021-01-08T13:30:00Z,60.0,-140.0,-200.0,2126.4390864555226,-0.09405395210890903,84,
CPI,2021-01-13T13:30:00Z,0.4,0.4,0.0,0.1034723235417589,0.0,84,
NFP,2021-02-05T13:30:00Z,85.0,49.0,-36.0,2130.328255562808,-0.016898804165975452,85,
CPI,2021-02-10T13:30:00Z,0.3,0.3,0.0,0.1034723235417589,0.0,85,
NFP,2021-03-05T13:30:00Z,197.0,379.0,182.0,2132.0281831892007,0.08536472521097482,86,
CPI,2021-03-10T13:30:00Z,0.4,0.4,0.0,0.10072203103706699,0.0,86,
NFP,2021-04-02T12:30:00Z,652.0,916.0,264.0,2128.3975447964726,0.12403697826349679,87,
CPI,2021-04-13T12:30:00Z,0.5,0.6,0.09999999999999998,0.10072203103706699,0.9928314487939456,87,
NFP,2021-05-07T12:30:00Z,990.0,266.0,-724.0,2126.4392619547375,-0.34047527853415394,88,
CPI,2021-05-12T12:30:00Z,0.2,0.8,0.6000000000000001,0.10072203103706699,5.956988692763676,88,
NFP,2021-06-04T12:30:00Z,645.0,559.0,-86.0,2140.4415770881333,-0.04017862525217568,89,
CPI,2021-06-10T12:30:00Z,0.4,0.6,0.19999999999999996,0.15316704909195136,1.3057638779730827,89,
NFP,2021-07-02T12:30:00Z,725.0,850.0,125.0,2140.243640471736,0.058404565553316384,90,
CPI,2021-07-13T12:30:00Z,0.5,0.9,0.4,0.15597983890531347,2.564433985874401,90,
NFP,2021-08-06T12:30:00Z,870.0,943.0,73.0,2139.7020206839175,0.034116900061003284,91,
CPI,2021-08-11T12:30:00Z,0.5,0.5,0.0,0.17110044511584588,0.0,91,
NFP,2021-09-03T12:30:00Z,720.0,235.0,-485.0,2138.985476707408,-0.22674300750586313,92,
CPI,2021-09-14T12:30:00Z,0.4,0.3,-0.10000000000000003,0.17110044511584588,-0.5844520154947211,92,
NFP,2021-10-08T12:30:00Z,490.0,194.0,-296.0,2146.0536211678254,-0.13792758814615483,93,
CPI,2021-10-13T12:30:00Z,0.3,0.4,0.10000000000000003,0.17398775569112554,0.5747530888180808,93,
NFP,2021-11-05T12:30:00Z,455.0,531.0,76.0,2149.8221155768188,0.035351762105958445,94,
CPI,2021-11-10T13:30:00Z,0.6,0.9,0.30000000000000004,0.17062332443303208,1.7582590246490422,94,
NFP,2021-12-03T13:30:00Z,553.0,210.0,-343.0,2149.4885535091057,-0.15957284324219453,95,
CPI,2021-12-10T13:30:00Z,0.7,0.8,0.10000000000000009,0.17687914485336587,0.5653577762539549,95,
NFP,2022-01-07T13:30:00Z,426.0,199.0,-227.0,2154.779207476027,-0.10534722036133509,96,
CPI,2022-01-12T13:30:00Z,0.4,0.5,0.09999999999999998,0.17687914485336587,0.5653577762539542,96,
NFP,2022-02-04T13:30:00Z,110.0,467.0,357.0,2157.284464102491,0.1654858253237016,97,
CPI,2022-02-10T13:30:00Z,0.4,0.6,0.19999999999999996,0.1761093204621016,1.135658234755608,97,
NFP,2022-03-04T13:30:00Z,407.0,678.0,271.0,2155.7270537882996,0.12571164773562896,98,
CPI,2022-03-10T13:30:00Z,0.8,0.8,0.0,0.17315277663950707,0.0,98,
NFP,2022-04-01T12:30:00Z,492.0,431.0,-61.0,2154.6918972561825,-0.02831031205792268,99,
CPI,2022-04-12T12:30:00Z,1.2,1.2,0.0,0.17424786610050558,0.0,99,
NFP,2022-05-06T12:30:00Z,390.0,428.0,38.0,2145.6621554067933,0.01771015064242284,100,
CPI,2022-05-11T12:30:00Z,0.2,0.3,0.09999999999999998,0.17062332443303208,0.5860863415496804,100,
NFP,2022-06-03T12:30:00Z,325.0,390.0,65.0,2137.765283139639,0.030405583116467044,101,
CPI,2022-06-10T12:30:00Z,0.7,1.0,0.30000000000000004,0.1654484463686411,1.8132536544438758,101,
NFP,2022-07-08T12:30:00Z,260.0,372.0,112.0,450.53580822477767,0.2485928930739327,102,
CPI,2022-07-13T12:30:00Z,1.1,1.3,0.19999999999999996,0.1641292350469637,1.2185519535430251,102,
NFP,2022-08-05T12:30:00Z,250.0,528.0,278.0,258.39125694703114,1.075887796222875,103,
CPI,2022-08-10T12:30:00Z,0.2,0.0,-0.2,0.16484511834894677,-1.213260071048248,103,
NFP,2022-09-02T12:30:00Z,295.0,315.0,20.0,260.65497212359793,0.07672978511423276,104,
CPI,2022-09-13T12:30:00Z,-0.1,0.1,0.2,0.17315277663950704,1.1550493378248687,104,
NFP,2022-10-07T12:30:00Z,248.0,263.0,15.0,260.86039355857804,0.05750202165754091,105,
CPI,2022-10-13T12:30:00Z,0.2,0.4,0.2,0.17424786610050558,1.1477902397073871,105,
NFP,2022-11-04T12:30:00Z,197.0,261.0,64.0,257.68893448598396,0.24836146002024406,106,
CPI,2022-11-10T13:30:00Z,0.6,0.4,-0.19999999999999996,0.17362294645648624,-1.1519214716824564,106,
NFP,2022-12-02T13:30:00Z,200.0,263.0,63.0,257.99103666600513,0.24419453022145,107,
CPI,2022-12-13T13:30:00Z,0.3,0.1,-0.19999999999999998,0.18012676695569999,-1.110329149743678,107,
NFP,2023-01-06T13:30:00Z,200.0,223.0,23.0,254.91763020318112,0.09022522287559294,108,
CPI,2023-01-12T13:30:00Z,-0.1,-0.1,0.0,0.19110661718118183,0.0,108,
NFP,2023-02-03T13:30:00Z,193.0,517.0,324.0,252.08015748388738,1.2853054490046867,109,
CPI,2023-02-14T13:30:00Z,0.5,0.5,0.0,0.19110661718118183,0.0,109,
NFP,2023-03-10T13:30:00Z,224.0,311.0,87.0,260.998195340532,0.3333356381506338,110,
CPI,2023-03-14T12:30:00Z,0.4,0.4,0.0,0.19110661718118183,0.0,110,
NFP,2023-04-07T12:30:00Z,228.0,236.0,8.0,258.91442475811596,0.03089823986235526,111,
CPI,2023-04-12T12:30:00Z,0.2,0.1,-0.1,0.19110661718118183,-0.5232681184722836,111,
NFP,2023-05-05T12:30:00Z,181.0,253.0,72.0,252.82619552753536,0.28478061717366016,112,
CPI,2023-05-10T12:30:00Z,0.4,0.4,0.0,0.19541854005467715,0.0,112,
NFP,2023-06-02T12:30:00Z,193.0,339.0,146.0,202.11755350484185,0.722351905949141,113,
CPI,2023-06-13T12:30:00Z,0.2,0.1,-0.1,0.16329931618554522,-0.6123724356957945,113,
NFP,2023-07-07T12:30:00Z,224.0,209.0,-15.0,202.18200564292832,-0.07419057869319663,114,
CPI,2023-07-12T12:30:00Z,0.3,0.2,-0.09999999999999998,0.16412923504696367,-0.6092759767715127,114,
NFP,2023-08-04T12:30:00Z,205.0,187.0,-18.0,201.44682741448753,-0.08935360378232239,115,
CPI,2023-08-10T12:30:00Z,0.2,0.2,0.0,0.14939491483885972,0.0,115,
NFP,2023-09-01T12:30:00Z,169.0,187.0,18.0,201.41368129919266,0.0893683084678923,116,
CPI,2023-09-13T12:30:00Z,0.6,0.6,0.0,0.14939491483885972,0.0,116,
NFP,2023-10-06T12:30:00Z,171.0,336.0,165.0,169.8527015310363,0.9714299420186167,117,
CPI,2023-10-12T12:30:00Z,0.3,0.4,0.10000000000000003,0.14688800821211287,0.6807907685397677,117,
NFP,2023-11-03T12:30:00Z,178.0,150.0,-28.0,155.04947784404223,-0.18058751560688277,118,
CPI,2023-11-14T13:30:00Z,0.1,0.0,-0.1,0.14688800821211287,-0.6807907685397675,118,
NFP,2023-12-08T13:30:00Z,184.0,199.0,15.0,156.15133406549808,0.09606065865379165,119,
CPI,2023-12-12T13:30:00Z,0.0,0.1,0.1,0.13824731042801414,0.7233413777844913,119,
NFP,2024-01-05T13:30:00Z,168.0,216.0,48.0,131.09394794728624,0.3661496259102756,120,
CPI,2024-01-11T13:30:00Z,0.2,0.3,0.09999999999999998,0.13824731042801414,0.723341377784491,120,
NFP,2024-02-02T13:30:00Z,187.0,353.0,166.0,114.5552126231296,1.449082902461335,121,
CPI,2024-02-13T13:30:00Z,0.2,0.3,0.09999999999999998,0.13824731042801414,0.723341377784491,121,
NFP,2024-03-08T13:30:00Z,198.0,275.0,77.0,100.71771428609017,0.76451298111552,122,
CPI,2024-03-12T12:30:00Z,0.4,0.4,0.0,0.13405601251996727,0.0,122,
NFP,2024-04-05T12:30:00Z,212.0,303.0,91.0,91.97396449500009,0.9894104326115785,123,
CPI,2024-04-10T12:30:00Z,0.3,0.4,0.10000000000000003,0.13405601251996727,0.7459568438611085,123,
NFP,2024-05-03T12:30:00Z,238.0,175.0,-63.0,87.68863724251435,-0.7184511241264395,124,
CPI,2024-05-15T12:30:00Z,0.4,0.3,-0.10000000000000003,0.13506573815438322,-0.740380213120353,124,
NFP,2024-06-07T12:30:00Z,182.0,272.0,90.0,91.93333083730067,0.9789702948898676,125,
CPI,2024-06-12T12:30:00Z,0.1,0.0,-0.1,0.13613452426057165,-0.734567520936809,125,
NFP,2024-07-05T12:30:00Z,191.0,206.0,15.0,91.98972059775035,0.16306169757370512,126,
CPI,2024-07-11T12:30:00Z,0.1,-0.1,-0.2,0.12328534123049195,-1.6222528810305499,126,
NFP,2024-08-02T12:30:00Z,176.0,114.0,-62.0,92.34339465404055,-0.6714069829496694,127,
CPI,2024-08-14T12:30:00Z,0.2,0.2,0.0,0.12150922908825974,0.0,127,
NFP,2024-09-06T12:30:00Z,164.0,142.0,-22.0,84.68174648887324,-0.2597962478595159,128,
CPI,2024-09-11T12:30:00Z,0.2,0.2,0.0,0.11539158284426272,0.0,128,
NFP,2024-10-04T12:30:00Z,147.0,254.0,107.0,85.86312624913771,1.2461693939437077,129,
CPI,2024-10-10T12:30:00Z,0.1,0.2,0.1,0.1062366786192884,0.9412944879269215,129,
NFP,2024-11-01T12:30:00Z,106.0,12.0,-94.0,86.13251292403291,-1.0913416642436296,130,
CPI,2024-11-13T13:30:00Z,0.2,0.2,0.0,0.09890707100936805,0.0,130,
NFP,2024-12-06T13:30:00Z,218.0,227.0,9.0,91.45774941215332,0.0984060952499673,131,
CPI,2024-12-11T13:30:00Z,0.3,0.3,0.0,0.09168313422570847,0.0,131,
NFP,2025-01-10T13:30:00Z,164.0,256.0,92.0,91.80152464712246,1.0021620049736697,132,
CPI,2025-01-15T13:30:00Z,0.4,0.4,0.0,0.0829702233998107,0.0,132,
NFP,2025-02-07T13:30:00Z,169.0,143.0,-26.0,92.05511896432611,-0.2824394807427897,133,
CPI,2025-02-12T13:30:00Z,0.3,0.5,0.2,0.0829702233998107,2.4105033324576577,133,
NFP,2025-03-07T13:30:00Z,159.0,151.0,-8.0,72.6270500970341,-0.11015179591228777,134,
CPI,2025-03-12T12:30:00Z,0.3,0.2,-0.09999999999999998,0.09325048082403138,-1.0723805294763606,134,
NFP,2025-04-04T12:30:00Z,137.0,228.0,91.0,72.34807920890084,1.2578080993310525,135,
CPI,2025-04-10T12:30:00Z,0.1,-0.1,-0.2,0.0954584665735822,-2.0951520297660986,135,
NFP,2025-05-02T12:30:00Z,138.0,177.0,39.0,73.09964412371987,0.5335183292273377,136,
CPI,2025-05-13T12:30:00Z,0.3,0.2,-0.09999999999999998,0.10179547554081031,-0.9823619317924349,136,
NFP,2025-06-06T12:30:00Z,126.0,139.0,13.0,72.70397343765461,0.17880728363695017,137,
CPI,2025-06-11T12:30:00Z,0.2,0.1,-0.1,0.1034723235417589,-0.9664420066844488,137,
NFP,2025-07-03T12:30:00Z,111.0,147.0,36.0,68.81712796571269,0.5231255802761279,138,
CPI,2025-07-15T12:30:00Z,0.3,0.3,0.0,0.1034723235417589,0.0,138,
NFP,2025-08-01T12:30:00Z,106.0,73.0,-33.0,68.17846094062173,-0.4840238331097045,139,
CPI,2025-08-12T12:30:00Z,0.2,0.2,0.0,0.10179547554081031,0.0,139,
NFP,2025-09-05T12:30:00Z,75.0,22.0,-53.0,68.7165992646082,-0.7712838028539797,140,
CPI,2025-09-11T12:30:00Z,0.3,0.4,0.10000000000000003,0.10179547554081031,0.9823619317924355,140,
CPI,2025-10-24T12:30:00Z,0.4,0.3,-0.10000000000000003,0.10417028979206269,-0.9599666104377065,141,
NFP,2025-11-20T13:30:00Z,53.0,119.0,66.0,70.78287631701713,0.9324289070198852,141,
NFP,2025-12-16T13:30:00Z,51.0,64.0,13.0,65.08984871542644,0.19972392403055272,142,
CPI,2025-12-18T13:30:00Z,,,,,,142,missing_forecast
NFP,2026-01-09T13:30:00Z,66.0,50.0,-16.0,64.20922266592486,-0.24918538701592205,143,
CPI,2026-01-13T13:30:00Z,0.3,0.3,0.0,0.1034723235417589,0.0,142,
NFP,2026-02-11T13:30:00Z,66.0,130.0,64.0,64.73491094959638,0.9886473783802902,144,
CPI,2026-02-13T13:30:00Z,0.3,0.2,-0.09999999999999998,0.10179547554081031,-0.9823619317924349,143,
NFP,2026-03-06T13:30:00Z,58.0,-92.0,-150.0,65.07431649019962,-2.305056865600585,145,
CPI,2026-03-11T12:30:00Z,0.3,0.3,0.0,0.10072203103706699,0.0,144,
NFP,2026-04-03T12:30:00Z,65.0,178.0,113.0,67.16948064735043,1.6823116527171988,146,
CPI,2026-04-10T12:30:00Z,1.0,0.9,-0.09999999999999998,0.09770927002733858,-1.0234443463964111,145,
NFP,2026-05-08T12:30:00Z,65.0,115.0,50.0,69.07085209186037,0.7238943560954307,147,
CPI,2026-05-12T12:30:00Z,0.6,0.6,0.0,0.0954584665735822,0.0,146,
NFP,2026-06-05T12:30:00Z,85.0,172.0,87.0,67.54803712056021,1.2879722891832044,148,
CPI,2026-06-10T12:30:00Z,0.5,0.5,0.0,0.0954584665735822,0.0,147,
