EV_pip,Kelly,N,PF,PnL,WR,Wilson_lo,condition,entry_type,wins
0.052076,0.025435,15,1.050078,0.781135,0.533333,0.301166,baseline,adx_trend_continuation,8
-0.324016,-0.194056,8,0.720403,-2.592126,0.5,0.215213,gated_TRENDING,adx_trend_continuation,4
0.0,0.0,0,0.0,0,0.0,0.0,gated_RANGING,adx_trend_continuation,0
0.481894,0.198707,7,1.533125,3.373261,0.571429,0.250454,gated_CHOP,adx_trend_continuation,4
0.0,0.0,0,0.0,0,0.0,0.0,baseline,asia_range_fade_v1,0
0.0,0.0,0,0.0,0,0.0,0.0,gated_TRENDING,asia_range_fade_v1,0
0.0,0.0,0,0.0,0,0.0,0.0,gated_RANGING,asia_range_fade_v1,0
0.0,0.0,0,0.0,0,0.0,0.0,gated_CHOP,asia_range_fade_v1,0
-2.0337,0.0,1,0.0,-2.0337,0.0,0.0,baseline,atr_regime_break,0
-2.0337,0.0,1,0.0,-2.0337,0.0,0.0,gated_TRENDING,atr_regime_break,0
0.0,0.0,0,0.0,0,0.0,0.0,gated_RANGING,atr_regime_break,0
0.0,0.0,0,0.0,0,0.0,0.0,gated_CHOP,atr_regime_break,0
0.0,0.0,0,0.0,0,0.0,0.0,baseline,bb_rsi_ema_aligned,0
0.0,0.0,0,0.0,0,0.0,0.0,gated_TRENDING,bb_rsi_ema_aligned,0
0.0,0.0,0,0.0,0,0.0,0.0,gated_RANGING,bb_rsi_ema_aligned,0
0.0,0.0,0,0.0,0,0.0,0.0,gated_CHOP,bb_rsi_ema_aligned,0
0.0,0.0,0,0.0,0,0.0,0.0,baseline,bb_rsi_reversion,0
0.0,0.0,0,0.0,0,0.0,0.0,gated_TRENDING,bb_rsi_reversion,0
0.0,0.0,0,0.0,0,0.0,0.0,gated_RANGING,bb_rsi_reversion,0
0.0,0.0,0,0.0,0,0.0,0.0,gated_CHOP,bb_rsi_reversion,0
0.0,0.0,0,0.0,0,0.0,0.0,baseline,bb_squeeze_breakout,0
0.0,0.0,0,0.0,0,0.0,0.0,gated_TRENDING,bb_squeeze_breakout,0
0.0,0.0,0,0.0,0,0.0,0.0,gated_RANGING,bb_squeeze_breakout,0
0.0,0.0,0,0.0,0,0.0,0.0,gated_CHOP,bb_squeeze_breakout,0
0.0,0.0,0,0.0,0,0.0,0.0,baseline,cpd_divergence,0
0.0,0.0,0,0.0,0,0.0,0.0,gated_TRENDING,cpd_divergence,0
0.0,0.0,0,0.0,0,0.0,0.0,gated_RANGING,cpd_divergence,0
0.0,0.0,0,0.0,0,0.0,0.0,gated_CHOP,cpd_divergence,0
0.216646,0.145712,32,1.285409,6.932686,0.65625,0.483108,baseline,doji_breakout,21
-0.410474,-0.285948,6,0.636175,-2.462843,0.5,0.187613,gated_TRENDING,doji_breakout,3
0.29922,0.191535,9,1.403121,2.692978,0.666667,0.354197,gated_RANGING,doji_breakout,6
0.394268,0.269688,17,1.618274,6.702551,0.705882,0.468665,gated_CHOP,doji_breakout,12
-0.182308,-0.213637,326,0.685779,-59.432378,0.466258,0.412812,baseline,dt_bb_rsi_mr,152
-0.254579,-0.282778,41,0.621039,-10.437739,0.463415,0.32056,gated_TRENDING,dt_bb_rsi_mr,19
-0.118965,-0.140638,89,0.78238,-10.58791,0.505618,0.403684,gated_RANGING,dt_bb_rsi_mr,45
-0.195953,-0.23134,196,0.659954,-38.406729,0.44898,0.380991,gated_CHOP,dt_bb_rsi_mr,88
0.085517,0.080192,80,1.143891,6.841329,0.6375,0.528106,baseline,dt_fib_reversal,51
0.481649,0.32792,7,1.848729,3.37154,0.714286,0.358929,gated_TRENDING,dt_fib_reversal,5
0.237417,0.226515,28,1.501077,6.647679,0.678571,0.493385,gated_RANGING,dt_fib_reversal,19
-0.07062,-0.070287,45,0.89514,-3.17789,0.6,0.454516,gated_CHOP,dt_fib_reversal,27
-0.265836,-0.303352,194,0.596502,-51.57214,0.448454,0.380145,baseline,dt_sr_channel_reversal,87
-0.60947,-0.951696,40,0.26888,-24.378807,0.35,0.221343,gated_TRENDING,dt_sr_channel_reversal,14
0.012377,0.01278,46,1.025111,0.569331,0.521739,0.381372,gated_RANGING,dt_sr_channel_reversal,24
-0.257062,-0.28606,108,0.613309,-27.762664,0.453704,0.363011,gated_CHOP,dt_sr_channel_reversal,49
-0.098814,-0.084486,175,0.870061,-17.292389,0.565714,0.491644,baseline,dual_sr_bounce,99
-0.598678,-0.549116,27,0.447325,-16.164314,0.444444,0.275856,gated_TRENDING,dual_sr_bounce,12
-0.227136,-0.195388,38,0.729269,-8.631175,0.526316,0.372587,gated_RANGING,dual_sr_bounce,20
0.06821,0.057517,110,1.104279,7.5031,0.609091,0.515698,gated_CHOP,dual_sr_bounce,67
-0.169698,-0.161649,75,0.780064,-12.727366,0.573333,0.460526,baseline,ema200_trend_reversal,43
0.86245,0.0,2,inf,1.7249,1.0,0.342372,gated_TRENDING,ema200_trend_reversal,2
-0.342148,-0.312115,35,0.62232,-11.975194,0.514286,0.355685,gated_RANGING,ema200_trend_reversal,18
-0.065186,-0.063303,38,0.905316,-2.477072,0.605263,0.447176,gated_CHOP,ema200_trend_reversal,23
-0.270465,-0.210445,46,0.712579,-12.441368,0.521739,0.381372,baseline,ema_cross,24
0.335622,0.255137,17,1.566033,5.70557,0.705882,0.468665,gated_TRENDING,ema_cross,12
0.0,0.0,0,0.0,0,0.0,0.0,gated_RANGING,ema_cross,0
-0.625756,-0.49863,29,0.45351,-18.146938,0.413793,0.255129,gated_CHOP,ema_cross,12
0.0,0.0,0,0.0,0,0.0,0.0,baseline,engulfing_bb,0
0.0,0.0,0,0.0,0,0.0,0.0,gated_TRENDING,engulfing_bb,0
0.0,0.0,0,0.0,0,0.0,0.0,gated_RANGING,engulfing_bb,0
0.0,0.0,0,0.0,0,0.0,0.0,gated_CHOP,engulfing_bb,0
0.0,0.0,0,0.0,0,0.0,0.0,baseline,eurgbp_daily_mr,0
0.0,0.0,0,0.0,0,0.0,0.0,gated_TRENDING,eurgbp_daily_mr,0
0.0,0.0,0,0.0,0,0.0,0.0,gated_RANGING,eurgbp_daily_mr,0
0.0,0.0,0,0.0,0,0.0,0.0,gated_CHOP,eurgbp_daily_mr,0
0.429561,0.141261,97,1.295962,41.667383,0.618557,0.519126,baseline,gbp_deep_pullback,60
0.625972,0.207569,28,1.519477,17.527208,0.607143,0.424087,gated_TRENDING,gbp_deep_pullback,17
0.589429,0.190714,17,1.479757,10.0203,0.588235,0.360051,gated_RANGING,gbp_deep_pullback,10
0.271536,0.089357,52,1.16388,14.119875,0.634615,0.498714,gated_CHOP,gbp_deep_pullback,33
0.0,0.0,0,0.0,0,0.0,0.0,baseline,gold_trend_momentum,0
0.0,0.0,0,0.0,0,0.0,0.0,gated_TRENDING,gold_trend_momentum,0
0.0,0.0,0,0.0,0,0.0,0.0,gated_RANGING,gold_trend_momentum,0
0.0,0.0,0,0.0,0,0.0,0.0,gated_CHOP,gold_trend_momentum,0
0.0,0.0,0,0.0,0,0.0,0.0,baseline,gold_vol_break,0
0.0,0.0,0,0.0,0,0.0,0.0,gated_TRENDING,gold_vol_break,0
0.0,0.0,0,0.0,0,0.0,0.0,gated_RANGING,gold_vol_break,0
0.0,0.0,0,0.0,0,0.0,0.0,gated_CHOP,gold_vol_break,0
0.0,0.0,0,0.0,0,0.0,0.0,baseline,gotobi_fix,0
0.0,0.0,0,0.0,0,0.0,0.0,gated_TRENDING,gotobi_fix,0
0.0,0.0,0,0.0,0,0.0,0.0,gated_RANGING,gotobi_fix,0
0.0,0.0,0,0.0,0,0.0,0.0,gated_CHOP,gotobi_fix,0
0.0,0.0,0,0.0,0,0.0,0.0,baseline,hmm_regime_filter,0
0.0,0.0,0,0.0,0,0.0,0.0,gated_TRENDING,hmm_regime_filter,0
0.0,0.0,0,0.0,0,0.0,0.0,gated_RANGING,hmm_regime_filter,0
0.0,0.0,0,0.0,0,0.0,0.0,gated_CHOP,hmm_regime_filter,0
0.175473,0.154347,65,1.334781,11.405731,0.615385,0.49384,baseline,htf_false_breakout,40
-0.058454,-0.068757,26,0.886768,-1.519814,0.538462,0.354576,gated_TRENDING,htf_false_breakout,14
0.7,0.0,1,inf,0.7,1.0,0.206543,gated_RANGING,htf_false_breakout,1
0.321725,0.244675,38,1.592118,12.225545,0.657895,0.498918,gated_CHOP,htf_false_breakout,25
0.097992,0.058888,15,1.096891,1.469879,0.666667,0.417131,baseline,inducement_ob,10
1.4731,0.0,1,inf,1.4731,1.0,0.206543,gated_TRENDING,inducement_ob,1
-1.007407,-0.511595,5,0.438791,-5.037037,0.4,0.117618,gated_RANGING,inducement_ob,2
0.559313,0.348668,9,1.812538,5.033816,0.777778,0.452583,gated_CHOP,inducement_ob,7
-0.173866,-0.146904,185,0.794388,-32.165243,0.567568,0.495519,baseline,intraday_seasonality,105
-0.188008,-0.164272,42,0.776714,-7.896339,0.571429,0.42206,gated_TRENDING,intraday_seasonality,24
-0.540495,-0.505369,36,0.49733,-19.457827,0.5,0.344741,gated_RANGING,intraday_seasonality,18
-0.044963,-0.036526,107,0.941587,-4.811077,0.588785,0.494052,gated_CHOP,intraday_seasonality,63
0.3052,0.204093,2,1.689718,0.6104,0.5,0.094529,baseline,jpy_basket_trend,1
0.3052,0.204093,2,1.689718,0.6104,0.5,0.094529,gated_TRENDING,jpy_basket_trend,1
0.0,0.0,0,0.0,0,0.0,0.0,gated_RANGING,jpy_basket_trend,0
0.0,0.0,0,0.0,0,0.0,0.0,gated_CHOP,jpy_basket_trend,0
0.129395,0.132258,28,1.242092,3.623067,0.678571,0.493385,baseline,lin_reg_channel,19
0.183596,0.184677,13,1.363801,2.386749,0.692308,0.423689,gated_TRENDING,lin_reg_channel,9
-1.609815,0.0,2,0.0,-3.219629,0.0,0.0,gated_RANGING,lin_reg_channel,0
0.342765,0.355515,13,1.859321,4.455947,0.769231,0.497431,gated_CHOP,lin_reg_channel,10
-1.310133,-0.565273,6,0.370945,-7.8608,0.333333,0.096769,baseline,liquidity_sweep,2
0.0,0.0,0,0.0,0,0.0,0.0,gated_TRENDING,liquidity_sweep,0
-2.807967,0.0,3,0.0,-8.4239,0.0,0.0,gated_RANGING,liquidity_sweep,0
0.1877,0.080985,3,1.138276,0.5631,0.666667,0.207655,gated_CHOP,liquidity_sweep,2
0.0,0.0,0,0.0,0,0.0,0.0,baseline,london_breakout,0
0.0,0.0,0,0.0,0,0.0,0.0,gated_TRENDING,london_breakout,0
0.0,0.0,0,0.0,0,0.0,0.0,gated_RANGING,london_breakout,0
0.0,0.0,0,0.0,0,0.0,0.0,gated_CHOP,london_breakout,0
0.0,0.0,0,0.0,0,0.0,0.0,baseline,london_close_reversal,0
0.0,0.0,0,0.0,0,0.0,0.0,gated_TRENDING,london_close_reversal,0
0.0,0.0,0,0.0,0,0.0,0.0,gated_RANGING,london_close_reversal,0
0.0,0.0,0,0.0,0,0.0,0.0,gated_CHOP,london_close_reversal,0
0.0,0.0,0,0.0,0,0.0,0.0,baseline,london_close_reversal_v2,0
0.0,0.0,0,0.0,0,0.0,0.0,gated_TRENDING,london_close_reversal_v2,0
0.0,0.0,0,0.0,0,0.0,0.0,gated_RANGING,london_close_reversal_v2,0
0.0,0.0,0,0.0,0,0.0,0.0,gated_CHOP,london_close_reversal_v2,0
-0.124253,-0.125462,159,0.800413,-19.756151,0.503145,0.426275,baseline,london_fix_reversal,80
-0.486424,-0.472216,25,0.40393,-12.16059,0.32,0.17205,gated_TRENDING,london_fix_reversal,8
0.084436,0.085058,50,1.171855,4.221822,0.58,0.442332,gated_RANGING,london_fix_reversal,29
-0.140683,-0.143349,84,0.781231,-11.817383,0.511905,0.40685,gated_CHOP,london_fix_reversal,43
-0.693464,-0.589818,15,0.474854,-10.401958,0.533333,0.301166,baseline,london_ny_swing,8
-0.60125,-0.445304,2,0.52893,-1.2025,0.5,0.094529,gated_TRENDING,london_ny_swing,1
1.2045,0.0,4,inf,4.818,1.0,0.5101,gated_RANGING,london_ny_swing,4
-1.557495,-1.443194,9,0.187632,-14.017458,0.333333,0.120582,gated_CHOP,london_ny_swing,3
0.0,0.0,0,0.0,0,0.0,0.0,baseline,london_session_breakout,0
0.0,0.0,0,0.0,0,0.0,0.0,gated_TRENDING,london_session_breakout,0
0.0,0.0,0,0.0,0,0.0,0.0,gated_RANGING,london_session_breakout,0
0.0,0.0,0,0.0,0,0.0,0.0,gated_CHOP,london_session_breakout,0
0.0,0.0,0,0.0,0,0.0,0.0,baseline,ma_regime_switch,0
0.0,0.0,0,0.0,0,0.0,0.0,gated_TRENDING,ma_regime_switch,0
0.0,0.0,0,0.0,0,0.0,0.0,gated_RANGING,ma_regime_switch,0
0.0,0.0,0,0.0,0,0.0,0.0,gated_CHOP,ma_regime_switch,0
-0.09775,-0.101026,8,0.831911,-0.782,0.5,0.215213,baseline,mqe_gbpusd_fix,4
-0.3263,0.0,1,0.0,-0.3263,0.0,0.0,gated_TRENDING,mqe_gbpusd_fix,0
0.4197,0.294754,3,1.792535,1.2591,0.666667,0.207655,gated_RANGING,mqe_gbpusd_fix,2
-0.4287,-0.838533,4,0.373543,-1.7148,0.5,0.150036,gated_CHOP,mqe_gbpusd_fix,2
0.0,0.0,0,0.0,0,0.0,0.0,baseline,mtf_regime_range_cascade_scalp,0
0.0,0.0,0,0.0,0,0.0,0.0,gated_TRENDING,mtf_regime_range_cascade_scalp,0
0.0,0.0,0,0.0,0,0.0,0.0,gated_RANGING,mtf_regime_range_cascade_scalp,0
0.0,0.0,0,0.0,0,0.0,0.0,gated_CHOP,mtf_regime_range_cascade_scalp,0
0.0,0.0,0,0.0,0,0.0,0.0,baseline,mtf_regime_trend_cascade_scalp,0
0.0,0.0,0,0.0,0,0.0,0.0,gated_TRENDING,mtf_regime_trend_cascade_scalp,0
0.0,0.0,0,0.0,0,0.0,0.0,gated_RANGING,mtf_regime_trend_cascade_scalp,0
0.0,0.0,0,0.0,0,0.0,0.0,gated_CHOP,mtf_regime_trend_cascade_scalp,0
0.0,0.0,0,0.0,0,0.0,0.0,baseline,mtf_reversal_confluence,0
0.0,0.0,0,0.0,0,0.0,0.0,gated_TRENDING,mtf_reversal_confluence,0
0.0,0.0,0,0.0,0,0.0,0.0,gated_RANGING,mtf_reversal_confluence,0
0.0,0.0,0,0.0,0,0.0,0.0,gated_CHOP,mtf_reversal_confluence,0
0.0,0.0,0,0.0,0,0.0,0.0,baseline,ny_close_reversal,0
0.0,0.0,0,0.0,0,0.0,0.0,gated_TRENDING,ny_close_reversal,0
0.0,0.0,0,0.0,0,0.0,0.0,gated_RANGING,ny_close_reversal,0
0.0,0.0,0,0.0,0,0.0,0.0,gated_CHOP,ny_close_reversal,0
-0.156652,-0.12686,84,0.808535,-13.158796,0.535714,0.429845,baseline,orb_trap,45
-0.53803,-0.480022,24,0.438585,-12.91273,0.375,0.211591,gated_TRENDING,orb_trap,9
0.472285,0.362261,13,1.890141,6.139711,0.769231,0.497431,gated_RANGING,orb_trap,10
-0.135868,-0.108884,47,0.835541,-6.385777,0.553191,0.412452,gated_CHOP,orb_trap,26
0.0,0.0,0,0.0,0,0.0,0.0,baseline,pd_eurjpy_h20_bbpb3_sell,0
0.0,0.0,0,0.0,0,0.0,0.0,gated_TRENDING,pd_eurjpy_h20_bbpb3_sell,0
0.0,0.0,0,0.0,0,0.0,0.0,gated_RANGING,pd_eurjpy_h20_bbpb3_sell,0
0.0,0.0,0,0.0,0,0.0,0.0,gated_CHOP,pd_eurjpy_h20_bbpb3_sell,0
0.713337,0.272555,80,1.677247,57.066925,0.675,0.566403,baseline,post_news_vol,54
1.100805,0.462488,26,2.507741,28.620937,0.769231,0.579481,gated_TRENDING,post_news_vol,20
-1.082116,-0.416519,15,0.489885,-16.231735,0.4,0.198242,gated_RANGING,post_news_vol,6
1.145583,0.410506,39,2.335231,44.677723,0.717949,0.562244,gated_CHOP,post_news_vol,28
0.0,0.0,0,0.0,0,0.0,0.0,baseline,pullback_to_liquidity_v1,0
0.0,0.0,0,0.0,0,0.0,0.0,gated_TRENDING,pullback_to_liquidity_v1,0
0.0,0.0,0,0.0,0,0.0,0.0,gated_RANGING,pullback_to_liquidity_v1,0
0.0,0.0,0,0.0,0,0.0,0.0,gated_CHOP,pullback_to_liquidity_v1,0
0.0,0.0,0,0.0,0,0.0,0.0,baseline,rsk_gbpjpy_reversion,0
0.0,0.0,0,0.0,0,0.0,0.0,gated_TRENDING,rsk_gbpjpy_reversion,0
0.0,0.0,0,0.0,0,0.0,0.0,gated_RANGING,rsk_gbpjpy_reversion,0
0.0,0.0,0,0.0,0,0.0,0.0,gated_CHOP,rsk_gbpjpy_reversion,0
0.074276,0.056476,1229,1.10124,91.285588,0.614321,0.586791,baseline,session_time_bias,755
0.256521,0.193186,209,1.409391,53.612863,0.665072,0.598615,gated_TRENDING,session_time_bias,139
0.04172,0.031672,263,1.054921,10.972329,0.608365,0.548217,gated_RANGING,session_time_bias,160
0.035271,0.026913,757,1.046767,26.700396,0.602378,0.567081,gated_CHOP,session_time_bias,456
-0.18607,-0.153574,19,0.774119,-3.535331,0.526316,0.317075,baseline,squeeze_release_momentum,10
1.2094,0.0,3,inf,3.6282,1.0,0.438494,gated_TRENDING,squeeze_release_momentum,3
-0.973819,-0.758367,4,0.247926,-3.895276,0.25,0.045586,gated_RANGING,squeeze_release_momentum,1
-0.272355,-0.226846,12,0.687904,-3.268255,0.5,0.253778,gated_CHOP,squeeze_release_momentum,6
4.026175,0.636118,77,4.762305,310.015488,0.805195,0.703147,baseline,sr_anti_hunt_bounce,62
3.170937,0.483658,12,2.815928,38.051242,0.75,0.46769,gated_TRENDING,sr_anti_hunt_bounce,9
5.007637,0.77694,16,22.848927,80.1222,0.8125,0.569906,gated_RANGING,sr_anti_hunt_bounce,13
3.915144,0.627374,49,4.320264,191.842046,0.816327,0.686421,gated_CHOP,sr_anti_hunt_bounce,40
-0.148657,-0.151284,110,0.793638,-16.352251,0.581818,0.488404,baseline,sr_break_retest,64
-0.00971,-0.010133,30,0.984252,-0.291295,0.633333,0.455132,gated_TRENDING,sr_break_retest,19
-0.175577,-0.166771,15,0.761791,-2.633657,0.533333,0.301166,gated_RANGING,sr_break_retest,8
-0.206574,-0.210788,65,0.729765,-13.427299,0.569231,0.448328,gated_CHOP,sr_break_retest,37
-0.061794,-0.055445,675,0.910343,-41.711209,0.562963,0.525291,baseline,sr_fib_confluence,380
-0.017772,-0.015175,29,0.973231,-0.515398,0.551724,0.375477,gated_TRENDING,sr_fib_confluence,16
-0.065343,-0.060964,179,0.90249,-11.696444,0.564246,0.491009,gated_RANGING,sr_fib_confluence,101
-0.063168,-0.056026,467,0.909518,-29.499367,0.563169,0.517849,gated_CHOP,sr_fib_confluence,263
0.0,0.0,0,0.0,0,0.0,0.0,baseline,sr_liquidity_grab,0
0.0,0.0,0,0.0,0,0.0,0.0,gated_TRENDING,sr_liquidity_grab,0
0.0,0.0,0,0.0,0,0.0,0.0,gated_RANGING,sr_liquidity_grab,0
0.0,0.0,0,0.0,0,0.0,0.0,gated_CHOP,sr_liquidity_grab,0
0.0,0.0,0,0.0,0,0.0,0.0,baseline,stoch_trend_pullback,0
0.0,0.0,0,0.0,0,0.0,0.0,gated_TRENDING,stoch_trend_pullback,0
0.0,0.0,0,0.0,0,0.0,0.0,gated_RANGING,stoch_trend_pullback,0
0.0,0.0,0,0.0,0,0.0,0.0,gated_CHOP,stoch_trend_pullback,0
0.933079,0.394481,472,2.259734,440.413454,0.707627,0.665047,baseline,streak_reversal,334
1.227411,0.514279,105,3.159914,128.878142,0.752381,0.661895,gated_TRENDING,streak_reversal,79
1.003243,0.423178,94,2.316252,94.304838,0.744681,0.64814,gated_RANGING,streak_reversal,70
0.795716,0.338001,273,1.99513,217.230474,0.677656,0.620079,gated_CHOP,streak_reversal,185
0.0,0.0,0,0.0,0,0.0,0.0,baseline,three_bar_reversal,0
0.0,0.0,0,0.0,0,0.0,0.0,gated_TRENDING,three_bar_reversal,0
0.0,0.0,0,0.0,0,0.0,0.0,gated_RANGING,three_bar_reversal,0
0.0,0.0,0,0.0,0,0.0,0.0,gated_CHOP,three_bar_reversal,0
0.0,0.0,0,0.0,0,0.0,0.0,baseline,tokyo_nakane_momentum,0
0.0,0.0,0,0.0,0,0.0,0.0,gated_TRENDING,tokyo_nakane_momentum,0
0.0,0.0,0,0.0,0,0.0,0.0,gated_RANGING,tokyo_nakane_momentum,0
0.0,0.0,0,0.0,0,0.0,0.0,gated_CHOP,tokyo_nakane_momentum,0
0.114904,0.093094,21,1.177,2.412975,0.619048,0.408783,baseline,tokyo_range_breakout_up,13
0.421895,0.363523,7,2.036379,2.953266,0.714286,0.358929,gated_TRENDING,tokyo_range_breakout_up,5
-2.256483,0.0,2,0.0,-4.512967,0.0,0.0,gated_RANGING,tokyo_range_breakout_up,0
0.331056,0.258569,12,1.633596,3.972676,0.666667,0.390618,gated_CHOP,tokyo_range_breakout_up,8
0.0,0.0,0,0.0,0,0.0,0.0,baseline,trend_rebound,0
0.0,0.0,0,0.0,0,0.0,0.0,gated_TRENDING,trend_rebound,0
0.0,0.0,0,0.0,0,0.0,0.0,gated_RANGING,trend_rebound,0
0.0,0.0,0,0.0,0,0.0,0.0,gated_CHOP,trend_rebound,0
0.63394,0.343127,167,1.846443,105.868026,0.748503,0.677614,baseline,trendline_sweep,125
1.412357,0.739442,22,6.953889,31.071851,0.863636,0.666646,gated_TRENDING,trendline_sweep,19
0.088294,0.05532,53,1.086062,4.679565,0.698113,0.564629,gated_RANGING,trendline_sweep,37
0.762137,0.38782,92,2.070795,70.11661,0.75,0.65271,gated_CHOP,trendline_sweep,69
0.183787,0.109295,61,1.219794,11.211018,0.606557,0.48117,baseline,turtle_soup,37
-1.008967,-0.561567,3,0.372481,-3.0269,0.333333,0.06149,gated_TRENDING,turtle_soup,1
0.148924,0.084323,27,1.17894,4.020945,0.555556,0.373127,gated_RANGING,turtle_soup,15
0.32958,0.203987,31,1.430869,10.216973,0.677419,0.501407,gated_CHOP,turtle_soup,21
0.0,0.0,0,0.0,0,0.0,0.0,baseline,vdr_jpy,0
0.0,0.0,0,0.0,0,0.0,0.0,gated_TRENDING,vdr_jpy,0
0.0,0.0,0,0.0,0,0.0,0.0,gated_RANGING,vdr_jpy,0
0.0,0.0,0,0.0,0,0.0,0.0,gated_CHOP,vdr_jpy,0
0.742588,0.325822,107,1.80819,79.456933,0.728972,0.637907,baseline,vix_carry_unwind,78
0.561288,0.239472,51,1.535967,28.625665,0.686275,0.549727,gated_TRENDING,vix_carry_unwind,35
0.780502,0.354301,15,1.93475,11.707529,0.733333,0.480491,gated_RANGING,vix_carry_unwind,11
0.954238,0.427046,41,2.208247,39.123739,0.780488,0.632947,gated_CHOP,vix_carry_unwind,32
0.0,0.0,0,0.0,0,0.0,0.0,baseline,vol_momentum_scalp,0
0.0,0.0,0,0.0,0,0.0,0.0,gated_TRENDING,vol_momentum_scalp,0
0.0,0.0,0,0.0,0,0.0,0.0,gated_RANGING,vol_momentum_scalp,0
0.0,0.0,0,0.0,0,0.0,0.0,gated_CHOP,vol_momentum_scalp,0
-0.189944,-0.165105,80,0.747006,-15.195535,0.4875,0.381077,baseline,vol_spike_mr,39
-0.500477,-0.519546,16,0.419207,-8.007625,0.375,0.18481,gated_TRENDING,vol_spike_mr,6
0.094321,0.069331,12,1.134885,1.131857,0.583333,0.319507,gated_RANGING,vol_spike_mr,7
-0.159996,-0.140706,52,0.780389,-8.319767,0.5,0.368856,gated_CHOP,vol_spike_mr,26
0.0,0.0,0,0.0,0,0.0,0.0,baseline,vsg_jpy_reversal,0
0.0,0.0,0,0.0,0,0.0,0.0,gated_TRENDING,vsg_jpy_reversal,0
0.0,0.0,0,0.0,0,0.0,0.0,gated_RANGING,vsg_jpy_reversal,0
0.0,0.0,0,0.0,0,0.0,0.0,gated_CHOP,vsg_jpy_reversal,0
0.0,0.0,0,0.0,0,0.0,0.0,baseline,vwap_mean_reversion,0
0.0,0.0,0,0.0,0,0.0,0.0,gated_TRENDING,vwap_mean_reversion,0
0.0,0.0,0,0.0,0,0.0,0.0,gated_RANGING,vwap_mean_reversion,0
0.0,0.0,0,0.0,0,0.0,0.0,gated_CHOP,vwap_mean_reversion,0
-0.083681,-0.066434,101,0.891269,-8.45182,0.544554,0.447578,baseline,wick_imbalance_reversion,55
-0.257046,-0.199526,17,0.638845,-4.369785,0.352941,0.173095,gated_TRENDING,wick_imbalance_reversion,6
0.059302,0.044336,16,1.085563,0.94884,0.5625,0.331782,gated_RANGING,wick_imbalance_reversion,9
-0.073983,-0.059771,68,0.907762,-5.030875,0.588235,0.469613,gated_CHOP,wick_imbalance_reversion,40
0.053596,0.043131,810,1.075121,43.412516,0.617284,0.583332,baseline,xs_momentum,500
0.163963,0.132638,325,1.258294,53.28801,0.646154,0.592736,gated_TRENDING,xs_momentum,210
-0.360891,-0.286238,70,0.629203,-25.262399,0.485714,0.372457,gated_RANGING,xs_momentum,34
0.037077,0.029769,415,1.050705,15.386905,0.616867,0.569224,gated_CHOP,xs_momentum,256
