baseline_N,baseline_PF,baseline_PnL,entry_type,gate,gate_N,gate_PF,gate_PnL,reason,verdict
15,1.050078,0.781135,adx_trend_continuation,TRENDING,8,0.720403,-2.592126,pnl_sign_flip,CATASTROPHIC
15,1.050078,0.781135,adx_trend_continuation,RANGING,0,0.0,0,gate_N_lt_30,CATASTROPHIC
15,1.050078,0.781135,adx_trend_continuation,CHOP,7,1.533125,3.373261,gate_N_lt_30,CATASTROPHIC
0,0.0,0,asia_range_fade_v1,TRENDING,0,0.0,0,baseline_negative_no_edge,CATASTROPHIC
0,0.0,0,asia_range_fade_v1,RANGING,0,0.0,0,baseline_negative_no_edge,CATASTROPHIC
0,0.0,0,asia_range_fade_v1,CHOP,0,0.0,0,baseline_negative_no_edge,CATASTROPHIC
1,0.0,-2.0337,atr_regime_break,TRENDING,1,0.0,-2.0337,baseline_negative_no_edge,CATASTROPHIC
1,0.0,-2.0337,atr_regime_break,RANGING,0,0.0,0,baseline_negative_no_edge,CATASTROPHIC
1,0.0,-2.0337,atr_regime_break,CHOP,0,0.0,0,baseline_negative_no_edge,CATASTROPHIC
0,0.0,0,bb_rsi_ema_aligned,TRENDING,0,0.0,0,baseline_negative_no_edge,CATASTROPHIC
0,0.0,0,bb_rsi_ema_aligned,RANGING,0,0.0,0,baseline_negative_no_edge,CATASTROPHIC
0,0.0,0,bb_rsi_ema_aligned,CHOP,0,0.0,0,baseline_negative_no_edge,CATASTROPHIC
0,0.0,0,bb_rsi_reversion,TRENDING,0,0.0,0,baseline_negative_no_edge,CATASTROPHIC
0,0.0,0,bb_rsi_reversion,RANGING,0,0.0,0,baseline_negative_no_edge,CATASTROPHIC
0,0.0,0,bb_rsi_reversion,CHOP,0,0.0,0,baseline_negative_no_edge,CATASTROPHIC
0,0.0,0,bb_squeeze_breakout,TRENDING,0,0.0,0,baseline_negative_no_edge,CATASTROPHIC
0,0.0,0,bb_squeeze_breakout,RANGING,0,0.0,0,baseline_negative_no_edge,CATASTROPHIC
0,0.0,0,bb_squeeze_breakout,CHOP,0,0.0,0,baseline_negative_no_edge,CATASTROPHIC
0,0.0,0,cpd_divergence,TRENDING,0,0.0,0,baseline_negative_no_edge,CATASTROPHIC
0,0.0,0,cpd_divergence,RANGING,0,0.0,0,baseline_negative_no_edge,CATASTROPHIC
0,0.0,0,cpd_divergence,CHOP,0,0.0,0,baseline_negative_no_edge,CATASTROPHIC
32,1.285409,6.932686,doji_breakout,TRENDING,6,0.636175,-2.462843,pnl_sign_flip,CATASTROPHIC
32,1.285409,6.932686,doji_breakout,RANGING,9,1.403121,2.692978,gate_N_lt_30,CATASTROPHIC
32,1.285409,6.932686,doji_breakout,CHOP,17,1.618274,6.702551,gate_N_lt_30,CATASTROPHIC
326,0.685779,-59.432378,dt_bb_rsi_mr,TRENDING,41,0.621039,-10.437739,baseline_negative_no_edge,CATASTROPHIC
326,0.685779,-59.432378,dt_bb_rsi_mr,RANGING,89,0.78238,-10.58791,baseline_negative_no_edge,CATASTROPHIC
326,0.685779,-59.432378,dt_bb_rsi_mr,CHOP,196,0.659954,-38.406729,baseline_negative_no_edge,CATASTROPHIC
80,1.143891,6.841329,dt_fib_reversal,TRENDING,7,1.848729,3.37154,gate_N_lt_30,CATASTROPHIC
80,1.143891,6.841329,dt_fib_reversal,RANGING,28,1.501077,6.647679,gate_N_lt_30,CATASTROPHIC
80,1.143891,6.841329,dt_fib_reversal,CHOP,45,0.89514,-3.17789,pnl_sign_flip,CATASTROPHIC
194,0.596502,-51.57214,dt_sr_channel_reversal,TRENDING,40,0.26888,-24.378807,baseline_negative_no_edge,CATASTROPHIC
194,0.596502,-51.57214,dt_sr_channel_reversal,RANGING,46,1.025111,0.569331,baseline_negative_no_edge,CATASTROPHIC
194,0.596502,-51.57214,dt_sr_channel_reversal,CHOP,108,0.613309,-27.762664,baseline_negative_no_edge,CATASTROPHIC
175,0.870061,-17.292389,dual_sr_bounce,TRENDING,27,0.447325,-16.164314,baseline_negative_no_edge,CATASTROPHIC
175,0.870061,-17.292389,dual_sr_bounce,RANGING,38,0.729269,-8.631175,baseline_negative_no_edge,CATASTROPHIC
175,0.870061,-17.292389,dual_sr_bounce,CHOP,110,1.104279,7.5031,baseline_negative_no_edge,CATASTROPHIC
75,0.780064,-12.727366,ema200_trend_reversal,TRENDING,2,inf,1.7249,baseline_negative_no_edge,CATASTROPHIC
75,0.780064,-12.727366,ema200_trend_reversal,RANGING,35,0.62232,-11.975194,baseline_negative_no_edge,CATASTROPHIC
75,0.780064,-12.727366,ema200_trend_reversal,CHOP,38,0.905316,-2.477072,baseline_negative_no_edge,CATASTROPHIC
46,0.712579,-12.441368,ema_cross,TRENDING,17,1.566033,5.70557,baseline_negative_no_edge,CATASTROPHIC
46,0.712579,-12.441368,ema_cross,RANGING,0,0.0,0,baseline_negative_no_edge,CATASTROPHIC
46,0.712579,-12.441368,ema_cross,CHOP,29,0.45351,-18.146938,baseline_negative_no_edge,CATASTROPHIC
0,0.0,0,engulfing_bb,TRENDING,0,0.0,0,baseline_negative_no_edge,CATASTROPHIC
0,0.0,0,engulfing_bb,RANGING,0,0.0,0,baseline_negative_no_edge,CATASTROPHIC
0,0.0,0,engulfing_bb,CHOP,0,0.0,0,baseline_negative_no_edge,CATASTROPHIC
0,0.0,0,eurgbp_daily_mr,TRENDING,0,0.0,0,baseline_negative_no_edge,CATASTROPHIC
0,0.0,0,eurgbp_daily_mr,RANGING,0,0.0,0,baseline_negative_no_edge,CATASTROPHIC
0,0.0,0,eurgbp_daily_mr,CHOP,0,0.0,0,baseline_negative_no_edge,CATASTROPHIC
97,1.295962,41.667383,gbp_deep_pullback,TRENDING,28,1.519477,17.527208,gate_N_lt_30,CATASTROPHIC
97,1.295962,41.667383,gbp_deep_pullback,RANGING,17,1.479757,10.0203,gate_N_lt_30,CATASTROPHIC
97,1.295962,41.667383,gbp_deep_pullback,CHOP,52,1.16388,14.119875,not_catastrophic,NOT_CATASTROPHIC
0,0.0,0,gold_trend_momentum,TRENDING,0,0.0,0,baseline_negative_no_edge,CATASTROPHIC
0,0.0,0,gold_trend_momentum,RANGING,0,0.0,0,baseline_negative_no_edge,CATASTROPHIC
0,0.0,0,gold_trend_momentum,CHOP,0,0.0,0,baseline_negative_no_edge,CATASTROPHIC
0,0.0,0,gold_vol_break,TRENDING,0,0.0,0,baseline_negative_no_edge,CATASTROPHIC
0,0.0,0,gold_vol_break,RANGING,0,0.0,0,baseline_negative_no_edge,CATASTROPHIC
0,0.0,0,gold_vol_break,CHOP,0,0.0,0,baseline_negative_no_edge,CATASTROPHIC
0,0.0,0,gotobi_fix,TRENDING,0,0.0,0,baseline_negative_no_edge,CATASTROPHIC
0,0.0,0,gotobi_fix,RANGING,0,0.0,0,baseline_negative_no_edge,CATASTROPHIC
0,0.0,0,gotobi_fix,CHOP,0,0.0,0,baseline_negative_no_edge,CATASTROPHIC
0,0.0,0,hmm_regime_filter,TRENDING,0,0.0,0,baseline_negative_no_edge,CATASTROPHIC
0,0.0,0,hmm_regime_filter,RANGING,0,0.0,0,baseline_negative_no_edge,CATASTROPHIC
0,0.0,0,hmm_regime_filter,CHOP,0,0.0,0,baseline_negative_no_edge,CATASTROPHIC
65,1.334781,11.405731,htf_false_breakout,TRENDING,26,0.886768,-1.519814,pnl_sign_flip,CATASTROPHIC
65,1.334781,11.405731,htf_false_breakout,RANGING,1,inf,0.7,gate_N_lt_30,CATASTROPHIC
65,1.334781,11.405731,htf_false_breakout,CHOP,38,1.592118,12.225545,not_catastrophic,NOT_CATASTROPHIC
15,1.096891,1.469879,inducement_ob,TRENDING,1,inf,1.4731,gate_N_lt_30,CATASTROPHIC
15,1.096891,1.469879,inducement_ob,RANGING,5,0.438791,-5.037037,pnl_sign_flip,CATASTROPHIC
15,1.096891,1.469879,inducement_ob,CHOP,9,1.812538,5.033816,gate_N_lt_30,CATASTROPHIC
185,0.794388,-32.165243,intraday_seasonality,TRENDING,42,0.776714,-7.896339,baseline_negative_no_edge,CATASTROPHIC
185,0.794388,-32.165243,intraday_seasonality,RANGING,36,0.49733,-19.457827,baseline_negative_no_edge,CATASTROPHIC
185,0.794388,-32.165243,intraday_seasonality,CHOP,107,0.941587,-4.811077,baseline_negative_no_edge,CATASTROPHIC
2,1.689718,0.6104,jpy_basket_trend,TRENDING,2,1.689718,0.6104,gate_N_lt_30,CATASTROPHIC
2,1.689718,0.6104,jpy_basket_trend,RANGING,0,0.0,0,gate_N_lt_30,CATASTROPHIC
2,1.689718,0.6104,jpy_basket_trend,CHOP,0,0.0,0,gate_N_lt_30,CATASTROPHIC
28,1.242092,3.623067,lin_reg_channel,TRENDING,13,1.363801,2.386749,gate_N_lt_30,CATASTROPHIC
28,1.242092,3.623067,lin_reg_channel,RANGING,2,0.0,-3.219629,pnl_sign_flip,CATASTROPHIC
28,1.242092,3.623067,lin_reg_channel,CHOP,13,1.859321,4.455947,gate_N_lt_30,CATASTROPHIC
6,0.370945,-7.8608,liquidity_sweep,TRENDING,0,0.0,0,baseline_negative_no_edge,CATASTROPHIC
6,0.370945,-7.8608,liquidity_sweep,RANGING,3,0.0,-8.4239,baseline_negative_no_edge,CATASTROPHIC
6,0.370945,-7.8608,liquidity_sweep,CHOP,3,1.138276,0.5631,baseline_negative_no_edge,CATASTROPHIC
0,0.0,0,london_breakout,TRENDING,0,0.0,0,baseline_negative_no_edge,CATASTROPHIC
0,0.0,0,london_breakout,RANGING,0,0.0,0,baseline_negative_no_edge,CATASTROPHIC
0,0.0,0,london_breakout,CHOP,0,0.0,0,baseline_negative_no_edge,CATASTROPHIC
0,0.0,0,london_close_reversal,TRENDING,0,0.0,0,baseline_negative_no_edge,CATASTROPHIC
0,0.0,0,london_close_reversal,RANGING,0,0.0,0,baseline_negative_no_edge,CATASTROPHIC
0,0.0,0,london_close_reversal,CHOP,0,0.0,0,baseline_negative_no_edge,CATASTROPHIC
0,0.0,0,london_close_reversal_v2,TRENDING,0,0.0,0,baseline_negative_no_edge,CATASTROPHIC
0,0.0,0,london_close_reversal_v2,RANGING,0,0.0,0,baseline_negative_no_edge,CATASTROPHIC
0,0.0,0,london_close_reversal_v2,CHOP,0,0.0,0,baseline_negative_no_edge,CATASTROPHIC
159,0.800413,-19.756151,london_fix_reversal,TRENDING,25,0.40393,-12.16059,baseline_negative_no_edge,CATASTROPHIC
159,0.800413,-19.756151,london_fix_reversal,RANGING,50,1.171855,4.221822,baseline_negative_no_edge,CATASTROPHIC
159,0.800413,-19.756151,london_fix_reversal,CHOP,84,0.781231,-11.817383,baseline_negative_no_edge,CATASTROPHIC
15,0.474854,-10.401958,london_ny_swing,TRENDING,2,0.52893,-1.2025,baseline_negative_no_edge,CATASTROPHIC
15,0.474854,-10.401958,london_ny_swing,RANGING,4,inf,4.818,baseline_negative_no_edge,CATASTROPHIC
15,0.474854,-10.401958,london_ny_swing,CHOP,9,0.187632,-14.017458,baseline_negative_no_edge,CATASTROPHIC
0,0.0,0,london_session_breakout,TRENDING,0,0.0,0,baseline_negative_no_edge,CATASTROPHIC
0,0.0,0,london_session_breakout,RANGING,0,0.0,0,baseline_negative_no_edge,CATASTROPHIC
0,0.0,0,london_session_breakout,CHOP,0,0.0,0,baseline_negative_no_edge,CATASTROPHIC
0,0.0,0,ma_regime_switch,TRENDING,0,0.0,0,baseline_negative_no_edge,CATASTROPHIC
0,0.0,0,ma_regime_switch,RANGING,0,0.0,0,baseline_negative_no_edge,CATASTROPHIC
0,0.0,0,ma_regime_switch,CHOP,0,0.0,0,baseline_negative_no_edge,CATASTROPHIC
8,0.831911,-0.782,mqe_gbpusd_fix,TRENDING,1,0.0,-0.3263,baseline_negative_no_edge,CATASTROPHIC
8,0.831911,-0.782,mqe_gbpusd_fix,RANGING,3,1.792535,1.2591,baseline_negative_no_edge,CATASTROPHIC
8,0.831911,-0.782,mqe_gbpusd_fix,CHOP,4,0.373543,-1.7148,baseline_negative_no_edge,CATASTROPHIC
0,0.0,0,mtf_regime_range_cascade_scalp,TRENDING,0,0.0,0,baseline_negative_no_edge,CATASTROPHIC
0,0.0,0,mtf_regime_range_cascade_scalp,RANGING,0,0.0,0,baseline_negative_no_edge,CATASTROPHIC
0,0.0,0,mtf_regime_range_cascade_scalp,CHOP,0,0.0,0,baseline_negative_no_edge,CATASTROPHIC
0,0.0,0,mtf_regime_trend_cascade_scalp,TRENDING,0,0.0,0,baseline_negative_no_edge,CATASTROPHIC
0,0.0,0,mtf_regime_trend_cascade_scalp,RANGING,0,0.0,0,baseline_negative_no_edge,CATASTROPHIC
0,0.0,0,mtf_regime_trend_cascade_scalp,CHOP,0,0.0,0,baseline_negative_no_edge,CATASTROPHIC
0,0.0,0,mtf_reversal_confluence,TRENDING,0,0.0,0,baseline_negative_no_edge,CATASTROPHIC
0,0.0,0,mtf_reversal_confluence,RANGING,0,0.0,0,baseline_negative_no_edge,CATASTROPHIC
0,0.0,0,mtf_reversal_confluence,CHOP,0,0.0,0,baseline_negative_no_edge,CATASTROPHIC
0,0.0,0,ny_close_reversal,TRENDING,0,0.0,0,baseline_negative_no_edge,CATASTROPHIC
0,0.0,0,ny_close_reversal,RANGING,0,0.0,0,baseline_negative_no_edge,CATASTROPHIC
0,0.0,0,ny_close_reversal,CHOP,0,0.0,0,baseline_negative_no_edge,CATASTROPHIC
84,0.808535,-13.158796,orb_trap,TRENDING,24,0.438585,-12.91273,baseline_negative_no_edge,CATASTROPHIC
84,0.808535,-13.158796,orb_trap,RANGING,13,1.890141,6.139711,baseline_negative_no_edge,CATASTROPHIC
84,0.808535,-13.158796,orb_trap,CHOP,47,0.835541,-6.385777,baseline_negative_no_edge,CATASTROPHIC
0,0.0,0,pd_eurjpy_h20_bbpb3_sell,TRENDING,0,0.0,0,baseline_negative_no_edge,CATASTROPHIC
0,0.0,0,pd_eurjpy_h20_bbpb3_sell,RANGING,0,0.0,0,baseline_negative_no_edge,CATASTROPHIC
0,0.0,0,pd_eurjpy_h20_bbpb3_sell,CHOP,0,0.0,0,baseline_negative_no_edge,CATASTROPHIC
80,1.677247,57.066925,post_news_vol,TRENDING,26,2.507741,28.620937,gate_N_lt_30,CATASTROPHIC
80,1.677247,57.066925,post_news_vol,RANGING,15,0.489885,-16.231735,pnl_sign_flip,CATASTROPHIC
80,1.677247,57.066925,post_news_vol,CHOP,39,2.335231,44.677723,not_catastrophic,NOT_CATASTROPHIC
0,0.0,0,pullback_to_liquidity_v1,TRENDING,0,0.0,0,baseline_negative_no_edge,CATASTROPHIC
0,0.0,0,pullback_to_liquidity_v1,RANGING,0,0.0,0,baseline_negative_no_edge,CATASTROPHIC
0,0.0,0,pullback_to_liquidity_v1,CHOP,0,0.0,0,baseline_negative_no_edge,CATASTROPHIC
0,0.0,0,rsk_gbpjpy_reversion,TRENDING,0,0.0,0,baseline_negative_no_edge,CATASTROPHIC
0,0.0,0,rsk_gbpjpy_reversion,RANGING,0,0.0,0,baseline_negative_no_edge,CATASTROPHIC
0,0.0,0,rsk_gbpjpy_reversion,CHOP,0,0.0,0,baseline_negative_no_edge,CATASTROPHIC
1229,1.10124,91.285588,session_time_bias,TRENDING,209,1.409391,53.612863,not_catastrophic,NOT_CATASTROPHIC
1229,1.10124,91.285588,session_time_bias,RANGING,263,1.054921,10.972329,not_catastrophic,NOT_CATASTROPHIC
1229,1.10124,91.285588,session_time_bias,CHOP,757,1.046767,26.700396,not_catastrophic,NOT_CATASTROPHIC
19,0.774119,-3.535331,squeeze_release_momentum,TRENDING,3,inf,3.6282,baseline_negative_no_edge,CATASTROPHIC
19,0.774119,-3.535331,squeeze_release_momentum,RANGING,4,0.247926,-3.895276,baseline_negative_no_edge,CATASTROPHIC
19,0.774119,-3.535331,squeeze_release_momentum,CHOP,12,0.687904,-3.268255,baseline_negative_no_edge,CATASTROPHIC
77,4.762305,310.015488,sr_anti_hunt_bounce,TRENDING,12,2.815928,38.051242,gate_N_lt_30,CATASTROPHIC
77,4.762305,310.015488,sr_anti_hunt_bounce,RANGING,16,22.848927,80.1222,gate_N_lt_30,CATASTROPHIC
77,4.762305,310.015488,sr_anti_hunt_bounce,CHOP,49,4.320264,191.842046,not_catastrophic,NOT_CATASTROPHIC
110,0.793638,-16.352251,sr_break_retest,TRENDING,30,0.984252,-0.291295,baseline_negative_no_edge,CATASTROPHIC
110,0.793638,-16.352251,sr_break_retest,RANGING,15,0.761791,-2.633657,baseline_negative_no_edge,CATASTROPHIC
110,0.793638,-16.352251,sr_break_retest,CHOP,65,0.729765,-13.427299,baseline_negative_no_edge,CATASTROPHIC
675,0.910343,-41.711209,sr_fib_confluence,TRENDING,29,0.973231,-0.515398,baseline_negative_no_edge,CATASTROPHIC
675,0.910343,-41.711209,sr_fib_confluence,RANGING,179,0.90249,-11.696444,baseline_negative_no_edge,CATASTROPHIC
675,0.910343,-41.711209,sr_fib_confluence,CHOP,467,0.909518,-29.499367,baseline_negative_no_edge,CATASTROPHIC
0,0.0,0,sr_liquidity_grab,TRENDING,0,0.0,0,baseline_negative_no_edge,CATASTROPHIC
0,0.0,0,sr_liquidity_grab,RANGING,0,0.0,0,baseline_negative_no_edge,CATASTROPHIC
0,0.0,0,sr_liquidity_grab,CHOP,0,0.0,0,baseline_negative_no_edge,CATASTROPHIC
0,0.0,0,stoch_trend_pullback,TRENDING,0,0.0,0,baseline_negative_no_edge,CATASTROPHIC
0,0.0,0,stoch_trend_pullback,RANGING,0,0.0,0,baseline_negative_no_edge,CATASTROPHIC
0,0.0,0,stoch_trend_pullback,CHOP,0,0.0,0,baseline_negative_no_edge,CATASTROPHIC
472,2.259734,440.413454,streak_reversal,TRENDING,105,3.159914,128.878142,not_catastrophic,NOT_CATASTROPHIC
472,2.259734,440.413454,streak_reversal,RANGING,94,2.316252,94.304838,not_catastrophic,NOT_CATASTROPHIC
472,2.259734,440.413454,streak_reversal,CHOP,273,1.99513,217.230474,not_catastrophic,NOT_CATASTROPHIC
0,0.0,0,three_bar_reversal,TRENDING,0,0.0,0,baseline_negative_no_edge,CATASTROPHIC
0,0.0,0,three_bar_reversal,RANGING,0,0.0,0,baseline_negative_no_edge,CATASTROPHIC
0,0.0,0,three_bar_reversal,CHOP,0,0.0,0,baseline_negative_no_edge,CATASTROPHIC
0,0.0,0,tokyo_nakane_momentum,TRENDING,0,0.0,0,baseline_negative_no_edge,CATASTROPHIC
0,0.0,0,tokyo_nakane_momentum,RANGING,0,0.0,0,baseline_negative_no_edge,CATASTROPHIC
0,0.0,0,tokyo_nakane_momentum,CHOP,0,0.0,0,baseline_negative_no_edge,CATASTROPHIC
21,1.177,2.412975,tokyo_range_breakout_up,TRENDING,7,2.036379,2.953266,gate_N_lt_30,CATASTROPHIC
21,1.177,2.412975,tokyo_range_breakout_up,RANGING,2,0.0,-4.512967,pnl_sign_flip,CATASTROPHIC
21,1.177,2.412975,tokyo_range_breakout_up,CHOP,12,1.633596,3.972676,gate_N_lt_30,CATASTROPHIC
0,0.0,0,trend_rebound,TRENDING,0,0.0,0,baseline_negative_no_edge,CATASTROPHIC
0,0.0,0,trend_rebound,RANGING,0,0.0,0,baseline_negative_no_edge,CATASTROPHIC
0,0.0,0,trend_rebound,CHOP,0,0.0,0,baseline_negative_no_edge,CATASTROPHIC
167,1.846443,105.868026,trendline_sweep,TRENDING,22,6.953889,31.071851,gate_N_lt_30,CATASTROPHIC
167,1.846443,105.868026,trendline_sweep,RANGING,53,1.086062,4.679565,not_catastrophic,NOT_CATASTROPHIC
167,1.846443,105.868026,trendline_sweep,CHOP,92,2.070795,70.11661,not_catastrophic,NOT_CATASTROPHIC
61,1.219794,11.211018,turtle_soup,TRENDING,3,0.372481,-3.0269,pnl_sign_flip,CATASTROPHIC
61,1.219794,11.211018,turtle_soup,RANGING,27,1.17894,4.020945,gate_N_lt_30,CATASTROPHIC
61,1.219794,11.211018,turtle_soup,CHOP,31,1.430869,10.216973,not_catastrophic,NOT_CATASTROPHIC
0,0.0,0,vdr_jpy,TRENDING,0,0.0,0,baseline_negative_no_edge,CATASTROPHIC
0,0.0,0,vdr_jpy,RANGING,0,0.0,0,baseline_negative_no_edge,CATASTROPHIC
0,0.0,0,vdr_jpy,CHOP,0,0.0,0,baseline_negative_no_edge,CATASTROPHIC
107,1.80819,79.456933,vix_carry_unwind,TRENDING,51,1.535967,28.625665,not_catastrophic,NOT_CATASTROPHIC
107,1.80819,79.456933,vix_carry_unwind,RANGING,15,1.93475,11.707529,gate_N_lt_30,CATASTROPHIC
107,1.80819,79.456933,vix_carry_unwind,CHOP,41,2.208247,39.123739,not_catastrophic,NOT_CATASTROPHIC
0,0.0,0,vol_momentum_scalp,TRENDING,0,0.0,0,baseline_negative_no_edge,CATASTROPHIC
0,0.0,0,vol_momentum_scalp,RANGING,0,0.0,0,baseline_negative_no_edge,CATASTROPHIC
0,0.0,0,vol_momentum_scalp,CHOP,0,0.0,0,baseline_negative_no_edge,CATASTROPHIC
80,0.747006,-15.195535,vol_spike_mr,TRENDING,16,0.419207,-8.007625,baseline_negative_no_edge,CATASTROPHIC
80,0.747006,-15.195535,vol_spike_mr,RANGING,12,1.134885,1.131857,baseline_negative_no_edge,CATASTROPHIC
80,0.747006,-15.195535,vol_spike_mr,CHOP,52,0.780389,-8.319767,baseline_negative_no_edge,CATASTROPHIC
0,0.0,0,vsg_jpy_reversal,TRENDING,0,0.0,0,baseline_negative_no_edge,CATASTROPHIC
0,0.0,0,vsg_jpy_reversal,RANGING,0,0.0,0,baseline_negative_no_edge,CATASTROPHIC
0,0.0,0,vsg_jpy_reversal,CHOP,0,0.0,0,baseline_negative_no_edge,CATASTROPHIC
0,0.0,0,vwap_mean_reversion,TRENDING,0,0.0,0,baseline_negative_no_edge,CATASTROPHIC
0,0.0,0,vwap_mean_reversion,RANGING,0,0.0,0,baseline_negative_no_edge,CATASTROPHIC
0,0.0,0,vwap_mean_reversion,CHOP,0,0.0,0,baseline_negative_no_edge,CATASTROPHIC
101,0.891269,-8.45182,wick_imbalance_reversion,TRENDING,17,0.638845,-4.369785,baseline_negative_no_edge,CATASTROPHIC
101,0.891269,-8.45182,wick_imbalance_reversion,RANGING,16,1.085563,0.94884,baseline_negative_no_edge,CATASTROPHIC
101,0.891269,-8.45182,wick_imbalance_reversion,CHOP,68,0.907762,-5.030875,baseline_negative_no_edge,CATASTROPHIC
810,1.075121,43.412516,xs_momentum,TRENDING,325,1.258294,53.28801,not_catastrophic,NOT_CATASTROPHIC
810,1.075121,43.412516,xs_momentum,RANGING,70,0.629203,-25.262399,pnl_sign_flip,CATASTROPHIC
810,1.075121,43.412516,xs_momentum,CHOP,415,1.050705,15.386905,not_catastrophic,NOT_CATASTROPHIC
