N,entry_type
0,asia_range_fade_v1
0,bb_rsi_ema_aligned
0,bb_rsi_reversion
0,bb_squeeze_breakout
0,cpd_divergence
0,engulfing_bb
0,eurgbp_daily_mr
0,gold_trend_momentum
0,gold_vol_break
0,gotobi_fix
0,hmm_regime_filter
0,london_breakout
0,london_close_reversal
0,london_close_reversal_v2
0,london_session_breakout
0,ma_regime_switch
0,mtf_regime_range_cascade_scalp
0,mtf_regime_trend_cascade_scalp
0,mtf_reversal_confluence
0,ny_close_reversal
0,pd_eurjpy_h20_bbpb3_sell
0,pullback_to_liquidity_v1
0,rsk_gbpjpy_reversion
0,sr_liquidity_grab
0,stoch_trend_pullback
0,three_bar_reversal
0,tokyo_nakane_momentum
0,trend_rebound
0,vdr_jpy
0,vol_momentum_scalp
0,vsg_jpy_reversal
0,vwap_mean_reversion
